station_abbr;reference_timestamp;ths2dymn;ths2dymx;ths200m0;th9120mv;th91dnmv;th91dxmv;ths00nm0;pva2hsm0;ths25xm0;pv9120mv;ths00xm0;ths20nm0;thl200mx;phsstam0;thl200mn;ph9120mv;ths30xm0;xhs000m0;fhs010m0;fh9120mv;rhs001m0;ths35xm0;rhs150m0;rh9120mv;ghs000m0;gh9120mv;shs000m0;sh9120mv;xhs00om0;xhs012m0
STG;01.01.1864 00:00;;;-6.5;-6.7;;;;;;;;;;;;;;;;;;;;;;;;;;
STG;01.02.1864 00:00;;;-1.9;-2.7;;;;;;;;;;;;;;;;;;;;;;;;;;
STG;01.03.1864 00:00;;;3.5;-0.9;;;;;;;;;;;;;;;;;;;;;;;;;;
STG;01.04.1864 00:00;;;4.2;-3.9;;;;;;;;;;;;;;;;;;;;;;;;;;
STG;01.05.1864 00:00;;;9.9;-2.3;;;;;;;;;;;;;;;;;;;;;;;;;;
STG;01.06.1864 00:00;;;12.5;-3.2;;;;;;;;;;;;;;;;;;;;;;;;;;
STG;01.07.1864 00:00;;;14.7;-2.8;;;;;;;;;;;;;;;;;;;;;;;;;;
STG;01.08.1864 00:00;;;14;-3.2;;;;;;;;;;;;;;;;;;;;;;;;;;
STG;01.09.1864 00:00;;;12;-1.1;;;;;;;;;;;;;;;;;;;;;;;;;;
STG;01.10.1864 00:00;;;6.5;-2.7;;;;;;;;;;;;;;;;;;;;;;;;;;
STG;01.11.1864 00:00;;;1.8;-2.5;;;;;;;;;;;;;;;;;;;;;;;;;;
STG;01.12.1864 00:00;;;-4.8;-6.1;;;;;;;;;;;;;;;;;;;;;;;;;;
STG;01.01.1865 00:00;;;-0.1;-0.3;;;;;;;;;;;;;;;;;;;;;;;;;;
STG;01.02.1865 00:00;;;-3.8;-4.6;;;;;;;;;;;;;;;;;;;;;;;;;;
STG;01.03.1865 00:00;;;-3;-7.4;;;;;;;;;;;;;;;;;;;;;;;;;;
STG;01.04.1865 00:00;;;10.3;2.2;;;;;;;;;;;;;;;;;;;;;;;;;;
STG;01.05.1865 00:00;;;13.6;1.4;;;;;;;;;;;;;;;;;;;;;;;;;;
STG;01.06.1865 00:00;;;13.6;-2.1;;;;;;;;;;;;;;;;;;;;;;;;;;
STG;01.07.1865 00:00;;;17.3;-0.2;;;;;;;;;;;;;;;;;;;;;;;;;;
STG;01.08.1865 00:00;;;14;-3.2;;;;;;;;;;;;;;;;;;;;;;;;;;
STG;01.09.1865 00:00;;;14.4;1.3;;;;;;;;;;;;;;;;;;;;;;;;;;
STG;01.10.1865 00:00;;;9.1;-0.1;;;;;;;;;;;;;;;;;;;;;;;;;;
STG;01.11.1865 00:00;;;5.2;0.9;;;;;;;;;;;;;;;;;;;;;;;;;;
STG;01.12.1865 00:00;;;-2.8;-4.1;;;;;;;;;;;;;;;;;;;8.5;9;;;;;;
STG;01.01.1866 00:00;;;1.8;1.6;;;;;;;;;;;;;;;;;;;34.3;51;;;;;;
STG;01.02.1866 00:00;;;2.8;2;;;;;;;;;;;;;;;;;;;104.5;163;;;;;;
STG;01.03.1866 00:00;;;2.2;-2.2;;;;;;;;;;;;;;;;;;;118.7;136;;;;;;
STG;01.04.1866 00:00;;;7.1;-1;;;;;;;;;;;;;;;;;;;113;110;;;;;;
STG;01.05.1866 00:00;;;7.3;-4.9;;;;;;;;;;;;;;;;;;;107.8;69;;;;;;
STG;01.06.1866 00:00;;;14.7;-1;;;;;;;;;;;;;;;;;;;145.2;85;;;;;;
STG;01.07.1866 00:00;;;14.7;-2.8;;;;;;;;;;;;;;;;;;;122.3;70;;;;;;
STG;01.08.1866 00:00;;;12.8;-4.4;;;;;;;;;;;;;;;;;;;299.8;162;;;;;;
STG;01.09.1866 00:00;;;13.3;0.2;;;;;;;;;;;;;;;;;;;115.6;84;;;;;;
STG;01.10.1866 00:00;;;7.2;-2;;;;;;;;;;;;;;;;;;;12.7;12;;;;;;
STG;01.11.1866 00:00;;;3;-1.3;;;;;;;;;;;;;;;;;;;141.8;153;;;;;;
STG;01.12.1866 00:00;;;1.9;0.6;;;;;;;;;;;;;;;;;;;80;88;;;;;;
STG;01.01.1867 00:00;;;-0.9;-1.1;;;;;;;;;;;;;;;;;;;122.4;183;;;;;;
STG;01.02.1867 00:00;;;4.4;3.6;;;;;;;;;;;;;;;;;;;94.3;147;;;;;;
STG;01.03.1867 00:00;;;1.9;-2.5;;;;;;;;;;;;;;;;;;;98.4;113;;;;;;
STG;01.04.1867 00:00;;;6.6;-1.5;;;;;;;;;;;;;;;;;;;136.7;133;;;;;;
STG;01.05.1867 00:00;;;10.4;-1.8;;;;;;;;;;;;;;;;;;;175.2;112;;;;;;
STG;01.06.1867 00:00;;;13;-2.7;;;;;;;;;;;;;;;;;;;182.4;107;;;;;;
STG;01.07.1867 00:00;;;13.4;-4.1;;;;;;;;;;;;;;;;;;;105.3;60;;;;;;
STG;01.08.1867 00:00;;;15.4;-1.8;;;;;;;;;;;;;;;;;;;164.5;89;;;;;;
STG;01.09.1867 00:00;;;12.7;-0.4;;;;;;;;;;;;;;;;;;;90.9;66;;;;;;
STG;01.10.1867 00:00;;;5.7;-3.5;;;;;;;;;;;;;;;;;;;212.5;203;;;;;;
STG;01.11.1867 00:00;;;0.7;-3.6;;;;;;;;;;;;;;;;;;;49;53;;;;;;
STG;01.12.1867 00:00;;;-3.4;-4.7;;;;;;;;;;;;;;;;;;;110.2;122;;;;;;
STG;01.01.1868 00:00;;;-3;-3.2;;;;;;;;;;;;;;;;;;;51.1;76;;;;;;
STG;01.02.1868 00:00;;;1.6;0.8;;;;;;;;;;;;;;;;;;;14.4;22;;;;;;
STG;01.03.1868 00:00;;;0.7;-3.7;;;;;;;;;;;;;;;;;;;104.9;120;;;;;;
STG;01.04.1868 00:00;;;4.9;-3.2;;;;;;;;;;;;;;;;;;;108.3;105;;;;;;
STG;01.05.1868 00:00;;;14.9;2.7;;;;;;;;;;;;;;;;;;;28.8;18;;;;;;
STG;01.06.1868 00:00;;;14.1;-1.6;;;;;;;;;;;;;;;;;;;151.3;89;;;;;;
STG;01.07.1868 00:00;;;15.3;-2.2;;;;;;;;;;;;;;;;;;;155.3;89;;;;;;
STG;01.08.1868 00:00;;;15.2;-2;;;;;;;;;;;;;;;;;;;69.3;37;;;;;;
STG;01.09.1868 00:00;;;13.7;0.6;;;;;;;;;;;;;;;;;;;89.6;65;;;;;;
STG;01.10.1868 00:00;;;8.2;-1;;;;;;;;;;;;;;;;;;;159.9;153;;;;;;
STG;01.11.1868 00:00;;;0;-4.3;;;;;;;;;;;;;;;;;;;55.3;60;;;;;;
STG;01.12.1868 00:00;;;4.6;3.3;;;;;;;;;;;;;;;;;;;88.4;98;;;;;;
STG;01.01.1869 00:00;;;-2;-2.2;;;;;;;;;;;;;;;;;;;36;54;;;;;;
STG;01.02.1869 00:00;;;4.7;3.9;;;;;;;;;;;;;;;;;;;14.2;22;;;;;;
STG;01.03.1869 00:00;;;-1.1;-5.5;;;;;;;;;;;;;;;;;;;61.2;70;;;;;;
STG;01.04.1869 00:00;;;7.3;-0.8;;;;;;;;;;;;;;;;;;;121.9;118;;;;;;
STG;01.05.1869 00:00;;;11.9;-0.3;;;;;;;;;;;;;;;;;;;153.1;98;;;;;;
STG;01.06.1869 00:00;;;10.2;-5.5;;;;;;;;;;;;;;;;;;;152.6;90;;;;;;
STG;01.07.1869 00:00;;;16.9;-0.6;;;;;;;;;;;;;;;;;;;156.3;90;;;;;;
STG;01.08.1869 00:00;;;13;-4.2;;;;;;;;;;;;;;;;;;;216.4;117;;;;;;
STG;01.09.1869 00:00;;;13.2;0.1;;;;;;;;;;;;;;;;;;;87.6;64;;;;;;
STG;01.10.1869 00:00;;;5;-4.2;;;;;;;;;;;;;;;;;;;94.6;90;;;;;;
STG;01.11.1869 00:00;;;3.5;-0.8;;;;;;;;;;;;;;;;;;;105.7;114;;;;;;
STG;01.12.1869 00:00;;;-2;-3.3;;;;;;;;;;;;;;;;;;;68;75;;;;;;
STG;01.01.1870 00:00;;;-2.7;-2.9;;;;;;;;;;;;;;;;;;;24.4;37;;;;;;
STG;01.02.1870 00:00;;;-3.9;-4.7;;;;;;;;;;;;;;;;;;;27.7;43;;;;;;
STG;01.03.1870 00:00;;;-0.3;-4.7;;;;;;;;;;;;;;;;;;;86.6;99;;;;;;
STG;01.04.1870 00:00;;;5.1;-3;;;;;;;;;;;;;;;;;;;54.8;53;;;;;;
STG;01.05.1870 00:00;;;11.4;-0.8;;;;;;;;;;;;;;;;;;;46.3;30;;;;;;
STG;01.06.1870 00:00;;;13.5;-2.2;;;;;;;;;;;;;;;;;;;82.8;49;;;;;;
STG;01.07.1870 00:00;;;16.7;-0.8;;;;;;;;;;;;;;;;;;;112.4;64;;;;;;
STG;01.08.1870 00:00;;;12.6;-4.6;;;;;;;;;;;;;;;;;;;167.8;91;;;;;;
STG;01.09.1870 00:00;;;10.2;-2.9;;;;;;;;;;;;;;;;;;;100.6;73;;;;;;
STG;01.10.1870 00:00;;;7.5;-1.7;;;;;;;;;;;;;;;;;;;216.8;207;;;;;;
STG;01.11.1870 00:00;;;2.2;-2.1;;;;;;;;;;;;;;;;;;;87.7;95;;;;;;
STG;01.12.1870 00:00;;;-4.6;-5.9;;;;;;;;;;;;;;;;;;;92;102;;;;;;
STG;01.01.1871 00:00;;;-5.6;-5.8;;;;;;;;;;;;;;;;;;;61.3;92;;;;;;
STG;01.02.1871 00:00;;;0.6;-0.2;;;;;;;;;;;;;;;;;;;53.1;83;;;;;;
STG;01.03.1871 00:00;;;2.9;-1.5;;;;;;;;;;;;;;;;;;;55.7;64;;;;;;
STG;01.04.1871 00:00;;;6.4;-1.7;;;;;;;;;;;;;;;;;;;157.9;153;;;;;;
STG;01.05.1871 00:00;;;8.3;-3.9;;;;;;;;;;;;;;;;;;;94.7;61;;;;;;
STG;01.06.1871 00:00;;;9.8;-5.9;;;;;;;;;;;;;;;;;;;244.4;144;;;;;;
STG;01.07.1871 00:00;;;15.7;-1.8;;;;;;;;;;;;;;;;;;;145;83;;;;;;
STG;01.08.1871 00:00;;;15;-2.2;;;;;;;;;;;;;;;;;;;122.4;66;;;;;;
STG;01.09.1871 00:00;;;13.4;0.3;;;;;;;;;;;;;;;;;;;54.7;40;;;;;;
STG;01.10.1871 00:00;;;5.2;-4;;;;;;;;;;;;;;;;;;;123.2;118;;;;;;
STG;01.11.1871 00:00;;;-1.1;-5.4;;;;;;;;;;;;;;;;;;;89.8;97;;;;;;
STG;01.12.1871 00:00;;;-7.9;-9.2;;;;;;;;;;;;;;;;;;;20.7;23;;;;;;
STG;01.01.1872 00:00;;;-0.2;-0.4;;;;;;;;;;;;;;;;;;;46.1;69;;;;;;
STG;01.02.1872 00:00;;;0.2;-0.6;;;;;;;;;;;;;;;;;;;43.9;68;;;;;;
STG;01.03.1872 00:00;;;3.9;-0.5;;;;;;;;;;;;;;;;;;;56;64;;;;;;
STG;01.04.1872 00:00;;;6.4;-1.7;;;;;;;;;;;;;;;;;;;118;115;;;;;;
STG;01.05.1872 00:00;;;9.4;-2.8;;;;;;;;;;;;;;;;;;;282.1;180;;;;;;
STG;01.06.1872 00:00;;;12.5;-3.2;;;;;;;;;;;;;;;;;;;204.2;120;;;;;;
STG;01.07.1872 00:00;;;15.3;-2.2;;;;;;;;;;;;;;;;;;;110.9;64;;;;;;
STG;01.08.1872 00:00;;;13.2;-4;;;;;;;;;;;;;;;;;;;197.6;107;;;;;;
STG;01.09.1872 00:00;;;12.8;-0.3;;;;;;;;;;;;;;;;;;;53.3;39;;;;;;
STG;01.10.1872 00:00;;;9.5;0.3;;;;;;;;;;;;;;;;;;;117.7;112;;;;;;
STG;01.11.1872 00:00;;;5.5;1.2;;;;;;;;;;;;;;;;;;;104.7;113;;;;;;
STG;01.12.1872 00:00;;;2.4;1.1;;;;;;;;;;;;;;;;;;;81.2;90;;;;;;
STG;01.01.1873 00:00;;;1;0.8;;;;;;;;;;;;;;;;;;;14.6;22;;;;;;
STG;01.02.1873 00:00;;;-1.1;-1.9;;;;;;;;;;;;;;;;;;;27.8;43;;;;;;
STG;01.03.1873 00:00;;;4.8;0.4;;;;;;;;;;;;;;;;;;;76.7;88;;;;;;
STG;01.04.1873 00:00;;;4.4;-3.7;;;;;;;;;;;;;;;;;;;145.8;142;;;;;;
STG;01.05.1873 00:00;;;7.2;-5;;;;;;;;;;;;;;;;;;;225.4;144;;;;;;
STG;01.06.1873 00:00;;;13.2;-2.5;;;;;;;;;;;;;;;;;;;107.1;63;;;;;;
STG;01.07.1873 00:00;;;17.2;-0.3;;;;;;;;;;;;;;;;;;;182.9;105;;;;;;
STG;01.08.1873 00:00;;;16;-1.2;;;;;;;;;;;;;;;;;;;182;98;;;;;;
STG;01.09.1873 00:00;;;10.9;-2.2;;;;;;;;;;;;;;;;;;;129.2;94;;;;;;
STG;01.10.1873 00:00;;;8.6;-0.6;;;;;;;;;;;;;;;;;;;170;162;;;;;;
STG;01.11.1873 00:00;;;3;-1.3;;;;;;;;;;;;;;;;;;;58.9;64;;;;;;
STG;01.12.1873 00:00;;;-1.9;-3.2;;;;;;;;;;;;;;;;;;;45.4;50;;;;;;
STG;01.01.1874 00:00;;;-0.6;-0.8;;;;;;;;;;;;;;;;;;;15.7;24;;;;;;
STG;01.02.1874 00:00;;;-1.4;-2.2;;;;;;;;;;;;;;;;;;;27;42;;;;;;
STG;01.03.1874 00:00;;;1.5;-2.9;;;;;;;;;;;;;;;;;;;74.5;85;;;;;;
STG;01.04.1874 00:00;;;7.5;-0.6;;;;;;;;;;;;;;;;;;;101.9;99;;;;;;
STG;01.05.1874 00:00;;;6.4;-5.8;;;;;;;;;;;;;;;;;;;194.6;124;;;;;;
STG;01.06.1874 00:00;;;13.8;-1.9;;;;;;;;;;;;;;;;;;;218.7;128;;;;;;
STG;01.07.1874 00:00;;;17.7;0.2;;;;;;;;;;;;;;;;;;;225.7;129;;;;;;
STG;01.08.1874 00:00;;;13.4;-3.8;;;;;;;;;;;;;;;;;;;160.8;87;;;;;;
STG;01.09.1874 00:00;;;13.4;0.3;;;;;;;;;;;;;;;;;;;47.4;34;;;;;;
STG;01.10.1874 00:00;;;7.9;-1.3;;;;;;;;;;;;;;;;;;;28.2;27;;;;;;
STG;01.11.1874 00:00;;;-0.5;-4.8;;;;;;;;;;;;;;;;;;;100.4;108;;;;;;
STG;01.12.1874 00:00;;;-2.7;-4;;;;;;;;;;;;;;;;;;;84.3;93;;;;;;
STG;01.01.1875 00:00;;;1.3;1.1;;;;;;;;;;;;;;;;;;;98.8;148;;;;;;
STG;01.02.1875 00:00;;;-5;-5.8;;;;;;;;;;;;;;;;;;;30.2;47;;;;;;
STG;01.03.1875 00:00;;;-0.3;-4.7;;;;;;;;;;;;;;;;;;;66.2;76;;;;;;
STG;01.04.1875 00:00;;;5.8;-2.3;;;;;;;;;;;;;;;;;;;22.4;22;;;;;;
STG;01.05.1875 00:00;;;11.8;-0.4;;;;;;;;;;;;;;;;;;;127.1;81;;;;;;
STG;01.06.1875 00:00;;;14.2;-1.5;;;;;;;;;;;;;;;;;;;240.4;141;;;;;;
STG;01.07.1875 00:00;;;14.2;-3.3;;;;;;;;;;;;;;;;;;;133.5;77;;;;;;
STG;01.08.1875 00:00;;;16.4;-0.8;;;;;;;;;;;;;;;;;;;74.2;40;;;;;;
STG;01.09.1875 00:00;;;12.7;-0.4;;;;;;;;;;;;;;;;;;;175.9;128;;;;;;
STG;01.10.1875 00:00;;;6.3;-2.9;;;;;;;;;;;;;;;;;;;166.9;159;;;;;;
STG;01.11.1875 00:00;;;2.6;-1.7;;;;;;;;;;;;;;;;;;;127;137;;;;;;
STG;01.12.1875 00:00;;;-4;-5.3;;;;;;;;;;;;;;;;;;;49.4;55;;;;;;
STG;01.01.1876 00:00;;;-3.6;-3.8;;;;;;;;;;;;;;;;;;;41.6;62;;;;;;
STG;01.02.1876 00:00;;;0.9;0.1;;;;;;;;;;;;;;;;;;;67.9;106;;;;;;
STG;01.03.1876 00:00;;;2.8;-1.6;;;;;;;;;;;;;;;;;;;198.4;227;;;;;;
STG;01.04.1876 00:00;;;5.9;-2.2;;;;;;;;;;;;;;;;;;;125.1;122;;;;;;
STG;01.05.1876 00:00;;;6.4;-5.8;;;;;;;;;;;;;;;;;;;189.6;121;;;;;;
STG;01.06.1876 00:00;;;13.2;-2.5;;;;;;;;;;;;;;;;;;;495.7;291;;;;;;
STG;01.07.1876 00:00;;;16;-1.5;;;;;;;;;;;;;;;;;;;167.4;96;;;;;;
STG;01.08.1876 00:00;;;15.8;-1.4;;;;;;;;;;;;;;;;;;;124.4;67;;;;;;
STG;01.09.1876 00:00;;;11.2;-1.9;;;;;;;;;;;;;;;;;;;175.1;127;;;;;;
STG;01.10.1876 00:00;;;9.9;0.7;;;;;;;;;;;;;;;;;;;26.8;26;;;;;;
STG;01.11.1876 00:00;;;1.6;-2.7;;;;;;;;;;;;;;;;;;;87.9;95;;;;;;
STG;01.12.1876 00:00;;;3.2;1.9;;;;;;;;;;;;;;;;;;;63;70;;;;;;
STG;01.01.1877 00:00;;;2.1;1.9;;;;;;;;;;;;;;;;;;;46.1;69;;;;;;
STG;01.02.1877 00:00;;;2.3;1.5;;;;;;;;;;;;;;;;;;;131.5;205;;;;;;
STG;01.03.1877 00:00;;;1.1;-3.3;;;;;;;;;;;;;;;;;;;134.6;154;;;;;;
STG;01.04.1877 00:00;;;5.3;-2.8;;;;;;;;;;;;;;;;;;;170.2;165;;;;;;
STG;01.05.1877 00:00;;;7.7;-4.5;;;;;;;;;;;;;;;;;;;156.6;100;;;;;;
STG;01.06.1877 00:00;;;16;0.3;;;;;;;;;;;;;;;;;;;144.6;85;;;;;;
STG;01.07.1877 00:00;;;14.8;-2.7;;;;;;;;;;;;;;;;;;;285.8;164;;;;;;
STG;01.08.1877 00:00;;;16.4;-0.8;;;;;;;;;;;;;;;;;;;179.2;97;;;;;;
STG;01.09.1877 00:00;;;9.6;-3.5;;;;;;;;;;;;;;;;;;;83.9;61;;;;;;
STG;01.10.1877 00:00;;;5.7;-3.5;;;;;;;;;;;;;;;;;;;72.4;69;;;;;;
STG;01.11.1877 00:00;;;4.7;0.4;;;;;;;;;;;;;;;;;;;75.9;82;;;;;;
STG;01.12.1877 00:00;;;-0.1;-1.4;;;;;;;;;;;;;;;;;;;110.8;123;;;;;;
STG;01.01.1878 00:00;;;-3;-3.2;;;;;;;;;;;;;;;;;;;84;126;;;;;;
STG;01.02.1878 00:00;;;-0.2;-1;;;;;;;;;;;;;;;;;;;23.3;36;;;;;;
STG;01.03.1878 00:00;;;1.1;-3.3;;;;;;;;;;;;;;;;;;;122.7;141;;;;;;
STG;01.04.1878 00:00;;;6.2;-1.9;;;;;;;;;;;;;;;;;;;98.6;96;;;;;;
STG;01.05.1878 00:00;;;11.3;-0.9;;;;;;;;;;;;;;;;;;;167.7;107;;;;;;
STG;01.06.1878 00:00;;;13;-2.7;;;;;;;;;;;;;;;;;;;238.6;140;;;;;;
STG;01.07.1878 00:00;;;14.4;-3.1;;;;;;;;;;;;;;;;;;;256.7;147;;;;;;
STG;01.08.1878 00:00;;;15.1;-2.1;;;;;;;;;;;;;;;;;;;169.8;92;;;;;;
STG;01.09.1878 00:00;;;12.1;-1;;;;;;;;;;;;;;;;;;;217.6;158;;;;;;
STG;01.10.1878 00:00;;;8.6;-0.6;;;;;;;;;;;;;;;;;;;122;116;;;;;;
STG;01.11.1878 00:00;;;1.5;-2.8;;;;;;;;;;;;;;;;;;;76.8;83;;;;;;
STG;01.12.1878 00:00;;;-2.9;-4.2;;;;;;;;;;;;;;;;;;;84.6;94;;;;;;
STG;01.01.1879 00:00;;;-1.7;-1.9;;;;;;;;;;;;;;;;;;;47.6;71;;;;;;
STG;01.02.1879 00:00;;;1;0.2;;;;;;;;;;;;;;;;;;;119.6;186;;;;;;
STG;01.03.1879 00:00;;;2.1;-2.3;;;;;;;;;;;;;;;;;;;39.9;46;;;;;;
STG;01.04.1879 00:00;;;4.6;-3.5;;;;;;;;;;;;;;;;;;;153.9;150;;;;;;
STG;01.05.1879 00:00;;;6.6;-5.6;;;;;;;;;;;;;;;;;;;174.1;111;;;;;;
STG;01.06.1879 00:00;;;13.9;-1.8;;;;;;;;;;;;;;;;;;;140.4;82;;;;;;
STG;01.07.1879 00:00;;;12.9;-4.6;;;;;;;;;;;;;;;;;;;161.5;93;;;;;;
STG;01.08.1879 00:00;;;16.8;-0.4;;;;;;;;;;;;;;;;;;;113.6;61;;;;;;
STG;01.09.1879 00:00;;;12.2;-0.9;;;;;;;;;;;;;;;;;;;170.5;124;;;;;;
STG;01.10.1879 00:00;;;6.1;-3.1;;;;;;;;;;;;;;;;;;;81.9;78;;;;;;
STG;01.11.1879 00:00;;;-0.5;-4.8;;;;;;;;;;;;;;;;;;;128.7;139;;;;;;
STG;01.12.1879 00:00;;;-8.3;-9.6;;;;;;;;;;;;;;;;;;;38.7;43;;;;;;
STG;01.01.1880 00:00;;;-5.5;-5.7;;;;;;;;;;;;;;;;;;;19.3;29;;;;;;
STG;01.02.1880 00:00;;;0.7;-0.1;;;;;;;;;;;;;;;;;;;52.8;82;;;;;;
STG;01.03.1880 00:00;;;4.1;-0.3;;;;;;;;;;;;;;;;;;;25.9;30;;;;;;
STG;01.04.1880 00:00;;;6.5;-1.6;;;;;;;;;;;;;;;;;;;110.1;107;;;;;;
STG;01.05.1880 00:00;;;8.2;-4;;;;;;;;;;;;;;;;;;;158.3;101;;;;;;
STG;01.06.1880 00:00;;;12.1;-3.6;;;;;;;;;;;;;;;;;;;175.6;103;;;;;;
STG;01.07.1880 00:00;;;16.1;-1.4;;;;;;;;;;;;;;;;;;;118.4;68;;;;;;
STG;01.08.1880 00:00;;;13.9;-3.3;;;;;;;;;;;;;;;;;;;146.8;79;;;;;;
STG;01.09.1880 00:00;;;12.3;-0.8;;;;;;;;;;;;;;;;;;;149.3;108;;;;;;
STG;01.10.1880 00:00;;;8.4;-0.8;;;;;;;;;;;;;;;;;;;287;274;;;;;;
STG;01.11.1880 00:00;;;4;-0.3;;;;;;;;;;;;;;;;;;;52.7;57;;;;;;
STG;01.12.1880 00:00;;;4.6;3.3;;;;;;;;;;;;;;;;;;;86.1;95;;;;;;
STG;01.01.1881 00:00;;;-4.4;-4.6;;;;;;;;;;;;;;;;;;;23.3;35;;;;;;
STG;01.02.1881 00:00;;;0.1;-0.7;;;;;;;;;;;;;;;;;;;49;76;;;;;;
STG;01.03.1881 00:00;;;3.4;-1;;;;;;;;;;;;;;;;;;;57.9;66;;;;;;
STG;01.04.1881 00:00;;;4.5;-3.6;;;;;;;;;;;;;;;;;;;109.1;106;;;;;;
STG;01.05.1881 00:00;;;8.8;-3.4;;;;;;;;;;;;;;;;;;;150.5;96;;;;;;
STG;01.06.1881 00:00;;;12.8;-2.9;;;;;;;;;;;;;;;;;;;202.7;119;;;;;;
STG;01.07.1881 00:00;;;17.7;0.2;;;;;;;;;;;;;;;;;;;107.4;62;;;;;;
STG;01.08.1881 00:00;;;15.5;-1.7;;;;;;;;;;;;;;;;;;;227.1;123;;;;;;
STG;01.09.1881 00:00;;;10.6;-2.5;;;;;;;;;;;;;;;;;;;420.2;305;;;;;;
STG;01.10.1881 00:00;;;4.3;-4.9;;;;;;;;;;;;;;;;;;;93.7;89;;;;;;
STG;01.11.1881 00:00;;;4.7;0.4;;;;;;;;;;;;;;;;;;;21.3;23;;;;;;
STG;01.12.1881 00:00;;;-0.4;-1.7;;;;;;;;;;;;;;;;;;;20.9;23;;;;;;
STG;01.01.1882 00:00;;;-1.6;-1.8;;;;;;;;;;;;;;;;;;;25.1;38;;;;;;
STG;01.02.1882 00:00;;;-0.4;-1.2;;;;;;;;;;;;;;;;;;;27.5;43;;;;;;
STG;01.03.1882 00:00;;;4.3;-0.1;;;;;;;;;;;;;;;;;;;36.7;42;;;;;;
STG;01.04.1882 00:00;;;5.3;-2.8;;;;;;;;;;;;;;;;;;;119.3;116;;;;;;
STG;01.05.1882 00:00;;;9.9;-2.3;;;;;;;;;;;;;;;;;;;147.5;94;;;;;;
STG;01.06.1882 00:00;;;12.1;-3.6;;;;;;;;;;;;;;;;;;;223;131;;;;;;
STG;01.07.1882 00:00;;;13.7;-3.8;;;;;;;;;;;;;;;;;;;175.8;101;;;;;;
STG;01.08.1882 00:00;;;13;-4.2;;;;;;;;;;;;;;;;;;;108.7;59;;;;;;
STG;01.09.1882 00:00;;;10.5;-2.6;;;;;;;;;;;;;;;;;;;213.6;155;;;;;;
STG;01.10.1882 00:00;;;8.6;-0.6;;;;;;;;;;;;;;;;;;;147;140;;;;;;
STG;01.11.1882 00:00;;;3.9;-0.4;;;;;;;;;;;;;;;;;;;138;149;;;;;;
STG;01.12.1882 00:00;;;0.7;-0.6;;;;;;;;;;;;;;;;;;;86;95;;;;;;
STG;01.01.1883 00:00;;;0.3;0.1;;;;;;;;;;;;;;;;;;;41.3;62;;;;;;
STG;01.02.1883 00:00;;;1.4;0.6;;;;;;;;;;;;;;;;;;;35.7;56;;;;;;
STG;01.03.1883 00:00;;;-2;-6.4;;;;;;;;;;;;;;;;;;;48.2;55;;;;;;
STG;01.04.1883 00:00;;;4.5;-3.6;;;;;;;;;;;;;;;;;;;75.7;74;;;;;;
STG;01.05.1883 00:00;;;9.9;-2.3;;;;;;;;;;;;;;;;;;;165.2;106;;;;;;
STG;01.06.1883 00:00;;;12.6;-3.1;;;;;;;;;;;;;;;;;;;194.8;114;;;;;;
STG;01.07.1883 00:00;;;13.9;-3.6;;;;;;;;;;;;;;;;;;;151.1;87;;;;;;
STG;01.08.1883 00:00;;;14;-3.2;;;;;;;;;;;;;;;;;;;61.3;33;;;;;;
STG;01.09.1883 00:00;;;11.4;-1.7;;;;;;;;;;;;;;;;;;;119.3;87;;;;;;
STG;01.10.1883 00:00;;;6.3;-2.9;;;;;;;;;;;;;;;;;;;118;113;;;;;;
STG;01.11.1883 00:00;;;3;-1.3;;;;;;;;;;;;;;;;;;;83.1;90;;;;;;
STG;01.12.1883 00:00;;;-1;-2.3;;;;;;;;;;;;;;;;;;;62.7;69;;;;;;
STG;01.01.1884 00:00;;;1;0.8;;;;;;;;;;;;;;;;;;;47.8;72;;;;;;
STG;01.02.1884 00:00;;;1.2;0.4;;;;;;;;;;;;;;;;;;;30.2;47;;;;;;
STG;01.03.1884 00:00;;;3.4;-1;;;;;;;;;;;;;;;;;;;30.7;35;;;;;;
STG;01.04.1884 00:00;;;4.6;-3.5;;;;;;;;;;;;;;;;;;;57;55;;;;;;
STG;01.05.1884 00:00;;;11;-1.2;;;;;;;;;;;;;;;;;;;70.2;45;;;;;;
STG;01.06.1884 00:00;;;10.2;-5.5;;;;;;;;;;;;;;;;;;;215.4;127;;;;;;
STG;01.07.1884 00:00;;;16.2;-1.3;;;;;;;;;;;;;;;;;;;185.8;107;;;;;;
STG;01.08.1884 00:00;;;15.3;-1.9;;;;;;;;;;;;;;;;;;;149.8;81;;;;;;
STG;01.09.1884 00:00;;;11.7;-1.4;;;;;;;;;;;;;;;;;;;78.9;57;;;;;;
STG;01.10.1884 00:00;;;6.8;-2.4;;;;;;;;;;;;;;;;;;;116.6;111;;;;;;
STG;01.11.1884 00:00;;;0.8;-3.5;;;;;;;;;;;;;;;;;;;38.6;42;;;;;;
STG;01.12.1884 00:00;;;0;-1.3;;;;;;;;;;;;;;;;;;;66.6;74;;;;;;
STG;01.01.1885 00:00;;;-5.1;-5.3;;;;;;;;;;;;;;;;;;;19.3;29;;;;;;
STG;01.02.1885 00:00;;;2.9;2.1;;;;;;;;;;;;;;;;;;;52.9;82;;;;;;
STG;01.03.1885 00:00;;;1.5;-2.9;;;;;;;;;;;;;;;;;;;81.9;94;;;;;;
STG;01.04.1885 00:00;;;7;-1.1;;;;;;;;;;;;;;;;;;;65.6;64;;;;;;
STG;01.05.1885 00:00;;;7.8;-4.4;;;;;;;;;;;;;;;;;;;214.3;137;;;;;;
STG;01.06.1885 00:00;;;15;-0.7;;;;;;;;;;;;;;;;;;;83.5;49;;;;;;
STG;01.07.1885 00:00;;;15.7;-1.8;;;;;;;;;;;;;;;;;;;218.6;125;;;;;;
STG;01.08.1885 00:00;;;14.5;-2.7;;;;;;;;;;;;;;;;;;;137.2;74;;;;;;
STG;01.09.1885 00:00;;;11.2;-1.9;;;;;;;;;;;;;;;;;;;216;157;;;;;;
STG;01.10.1885 00:00;;;6.2;-3;;;;;;;;;;;;;;;;;;;187.5;179;;;;;;
STG;01.11.1885 00:00;;;3.1;-1.2;;;;;;;;;;;;;;;;;;;57.7;62;;;;;;
STG;01.12.1885 00:00;;;-1.1;-2.4;;;;;;;;;;;;;;;;;;;118.7;131;;;;;;
STG;01.01.1886 00:00;;;-2;-2.2;;;;;;;;;;;;;;;;;;;43;64;;;;;;
STG;01.02.1886 00:00;;;-3.6;-4.4;;;;;;;;;;;;;;;;;;;33.1;52;;;;;;
STG;01.03.1886 00:00;;;0.1;-4.3;;;;;;;;;;;;;;;;;;;44.2;51;;;;;;
STG;01.04.1886 00:00;;;7.2;-0.9;;;;;;;;;;;;;;;;;;;136.3;132;;;;;;
STG;01.05.1886 00:00;;;10.8;-1.4;;;;;;;;;;;;;;;;;;;83.6;53;;;;;;
STG;01.06.1886 00:00;;;11.6;-4.1;;;;;;;;;;;;;;;;;;;344.7;203;;;;;;
STG;01.07.1886 00:00;;;15.6;-1.9;;;;;;;;;;;;;;;;;;;166.8;96;;;;;;
STG;01.08.1886 00:00;;;14.8;-2.4;;;;;;;;;;;;;;;;;;;296.7;160;;;;;;
STG;01.09.1886 00:00;;;13.8;0.7;;;;;;;;;;;;;;;;;;;101.8;74;;;;;;
STG;01.10.1886 00:00;;;8.6;-0.6;;;;;;;;;;;;;;;;;;;127.8;122;;;;;;
STG;01.11.1886 00:00;;;3.8;-0.5;;;;;;;;;;;;;;;;;;;61.3;66;;;;;;
STG;01.12.1886 00:00;;;0.3;-1;;;;;;;;;;;;;;;;;;;118.2;131;;;;;;
STG;01.01.1887 00:00;;;-4.5;-4.7;;;;;;;;;;;;;;;;;;;9.6;14;;;;;;
STG;01.02.1887 00:00;;;-3;-3.8;;;;;;;;;;;;;;;;;;;8.7;14;;;;;;
STG;01.03.1887 00:00;;;-0.7;-5.1;;;;;;;;;;;;;;;;;;;101.5;116;;;;;;
STG;01.04.1887 00:00;;;5.3;-2.8;;;;;;;;;;;;;;;;;;;67.8;66;;;;;;
STG;01.05.1887 00:00;;;7.3;-4.9;;;;;;;;;;;;;;;;;;;263.8;169;;;;;;
STG;01.06.1887 00:00;;;14.4;-1.3;;;;;;;;;;;;;;;;;;;134;79;;;;;;
STG;01.07.1887 00:00;;;17.4;-0.1;;;;;;;;;;;;;;;;;;;161.6;93;;;;;;
STG;01.08.1887 00:00;;;14.5;-2.7;;;;;;;;;;;;;;;;;;;145.4;78;;;;;;
STG;01.09.1887 00:00;;;10.3;-2.8;;;;;;;;;;;;;;;;;;;126.3;92;;;;;;
STG;01.10.1887 00:00;;;3.6;-5.6;;;;;;;;;;;;;;;;;;;68.8;66;;;;;;
STG;01.11.1887 00:00;;;1.7;-2.6;;;;;;;;;;;;;;;;;;;52.9;57;;;;;;
STG;01.12.1887 00:00;;;-1.7;-3;;;;;;;;;;;;;;;;;;;103.4;114;;;;;;
STG;01.01.1888 00:00;;;-3.3;-3.5;;;;;;;;;;;;;;;;;;;35.9;54;;;;;;
STG;01.02.1888 00:00;;;-2.4;-3.2;;;;;;;;;;;;;;;;;;;75;117;;;;;;
STG;01.03.1888 00:00;;;0.9;-3.5;;;;;;;;;;;;;;;;;;;73.5;84;;;;;;
STG;01.04.1888 00:00;;;3.8;-4.3;;;;;;;;;;;;;;;;;;;171.5;167;;;;;;
STG;01.05.1888 00:00;;;11.1;-1.1;;;;;;;;;;;;;;;;;;;107.2;68;;;;;;
STG;01.06.1888 00:00;;;13.9;-1.8;;;;;;;;;;;;;;;;;;;203.6;120;;;;;;
STG;01.07.1888 00:00;;;12.9;-4.6;;;;;;;;;;;;;;;;;;;195.3;112;;;;;;
STG;01.08.1888 00:00;;;13.4;-3.8;;;;;;;;;;;;;;;;;;;179.4;97;;;;;;
STG;01.09.1888 00:00;;;11.8;-1.3;;;;;;;;;;;;;;;;;;;386.2;280;;;;;;
STG;01.10.1888 00:00;;;4.4;-4.8;;;;;;;;;;;;;;;;;;;102.3;98;;;;;;
STG;01.11.1888 00:00;;;3.1;-1.2;;;;;;;;;;;;;;;;;;;57.7;62;;;;;;
STG;01.12.1888 00:00;;;-1.4;-2.7;;;;;;;;;;;;;;;;;;;11.6;13;;;;;;
STG;01.01.1889 00:00;;;-3.6;-3.8;;;;;;;;;;;;;;;;;;;15.7;24;;;;;;
STG;01.02.1889 00:00;;;-3.1;-3.9;;;;;;;;;;;;;;;;;;;107.1;167;;;;;;
STG;01.03.1889 00:00;;;-1.2;-5.6;;;;;;;;;;;;;;;;;;;67.2;77;;;;;;
STG;01.04.1889 00:00;;;4.4;-3.7;;;;;;;;;;;;;;;;;;;86.7;84;;;;;;
STG;01.05.1889 00:00;;;12;-0.2;;;;;;;;;;;;;;;;;;;170.1;109;;;;;;
STG;01.06.1889 00:00;;;14.6;-1.1;;;;;;;;;;;;;;;;;;;316.7;186;;;;;;
STG;01.07.1889 00:00;;;14.4;-3.1;;;;;;;;;;;;;;;;;;;186.9;107;;;;;;
STG;01.08.1889 00:00;;;13.9;-3.3;;;;;;;;;;;;;;;;;;;128.7;69;;;;;;
STG;01.09.1889 00:00;;;10;-3.1;;;;;;;;;;;;;;;;;;;164.4;119;;;;;;
STG;01.10.1889 00:00;;;6.8;-2.4;;;;;;;;;;;;;;;;;;;152.5;146;;;;;;
STG;01.11.1889 00:00;;;1.8;-2.5;;;;;;;;;;;;;;;;;;;89.5;97;;;;;;
STG;01.12.1889 00:00;;;-3.8;-5.1;;;;;;;;;;;;;;;;;;;24.1;27;;;;;;
STG;01.01.1890 00:00;;;0.7;0.5;;;;;;;;;;;;;;;;;;;78.8;118;;;;;;
STG;01.02.1890 00:00;;;-4.8;-5.6;;;;;;;;;;;;;;;;;;;9.1;14;;;;;;
STG;01.03.1890 00:00;;;1.8;-2.6;;;;;;;;;;;;;;;;;;;46;53;;;;;;
STG;01.04.1890 00:00;;;5;-3.1;;;;;;;;;;;;;;;;;;;136.1;132;;;;;;
STG;01.05.1890 00:00;;;11.7;-0.5;;;;;;;;;;;;;;;;;;;100.1;64;;;;;;
STG;01.06.1890 00:00;;;11.6;-4.1;;;;;;;;;;;;;;;;;;;216.7;127;;;;;;
STG;01.07.1890 00:00;;;13.2;-4.3;;;;;;;;;;;;;;;;;;;197.7;113;;;;;;
STG;01.08.1890 00:00;;;13.9;-3.3;;;;;;;;;;;;;;;;;;;401.8;217;;;;;;
STG;01.09.1890 00:00;;;10.6;-2.5;;;;;;;;;;;;;;;;;;;64;46;;;;;;
STG;01.10.1890 00:00;;;5.3;-3.9;;;;;;;;;;;;;;;;;;;148.7;142;;;;;;
STG;01.11.1890 00:00;;;1.8;-2.5;;;;;;;;;;;;;;;;;;;76.3;82;;;;;;
STG;01.12.1890 00:00;;;-6.5;-7.8;;;;;;;;;;;;;;;;;;;9;10;;;;;;
STG;01.01.1891 00:00;;;-5.9;-6.1;;;;;;;;;;;;;;;;;;;51.2;77;;;;;;
STG;01.02.1891 00:00;;;-3.7;-4.5;;;;;;;;;;;;;;;;;;;13.4;21;;;;;;
STG;01.03.1891 00:00;;;1.9;-2.5;;;;;;;;;;;;;;;;;;;134.9;155;;;;;;
STG;01.04.1891 00:00;;;3.2;-4.9;;;;;;;;;;;;;;;;;;;137.4;134;;;;;;
STG;01.05.1891 00:00;;;10;-2.2;;;;;;;;;;;;;;;;;;;131.7;84;;;;;;
STG;01.06.1891 00:00;;;13.7;-2;;;;;;;;;;;;;;;;;;;198.8;117;;;;;;
STG;01.07.1891 00:00;;;14.1;-3.4;;;;;;;;;;;;;;;;;;;253.4;145;;;;;;
STG;01.08.1891 00:00;;;13.6;-3.6;;;;;;;;;;;;;;;;;;;155.4;84;;;;;;
STG;01.09.1891 00:00;;;12.1;-1;;;;;;;;;;;;;;;;;;;122.1;89;;;;;;
STG;01.10.1891 00:00;;;8.6;-0.6;;;;;;;;;;;;;;;;;;;90.6;86;;;;;;
STG;01.11.1891 00:00;;;1.7;-2.6;;;;;;;;;;;;;;;;;;;64.4;69;;;;;;
STG;01.12.1891 00:00;;;-0.1;-1.4;;;;;;;;;;;;;;;;;;;110.2;122;;;;;;
STG;01.01.1892 00:00;-5.2;;-2.2;-2.4;-2.9;;;;;;;;;;;;;;;;;;84.2;126;;;;;;
STG;01.02.1892 00:00;-2.9;;0.9;0.1;-0.9;;;;;;;;;;;;;;;;;;68.5;107;;;;;;
STG;01.03.1892 00:00;-4.4;;-0.9;-5.3;-5.4;;;;;;;;;;;;;;;;;;56;64;;;;;;
STG;01.04.1892 00:00;2;;5.8;-2.3;-2.2;;;;;;;;;;;;;;;;;;201.9;196;;;;;;
STG;01.05.1892 00:00;6.3;;10.4;-1.8;-1.9;;;;;;;;;;;;;;;;;;66.9;43;;;;;;
STG;01.06.1892 00:00;10.4;;13.7;-2;-1.4;;;;;;;;;;;;;;;;;;192;113;;;;;;
STG;01.07.1892 00:00;10.9;;14.6;-2.9;-2.7;;;;;;;;;;;;;;;;;;198;114;;;;;;
STG;01.08.1892 00:00;11.9;;16.8;-0.4;-1.7;;;;;;;;;;;;;;;;;;100.7;54;;;;;;
STG;01.09.1892 00:00;9.4;;12.5;-0.6;-0.5;;;;;;;;;;;;;;;;;;261.3;190;;;;;;
STG;01.10.1892 00:00;4;;7.4;-1.8;-2.3;;;;;;;;;;;;;;;;;;187.1;179;;;;;;
STG;01.11.1892 00:00;1.8;;4.5;0.2;0.2;;;;;;;;;;;;;;;;;;49.3;53;;;;;;
STG;01.12.1892 00:00;-5.5;;-2.3;-3.6;-3.9;;;;;;;;;;;;;;;;;;40.8;45;;;;;;
STG;01.01.1893 00:00;-10.6;;-6.8;-7;-8.3;;;;;;;;;;;;;;;;;;82.4;123;;;;;;
STG;01.02.1893 00:00;-2;;1.2;0.4;0;;;;;;;;;;;;;;;;;;61.4;96;;;;;;
STG;01.03.1893 00:00;-0.9;;3.2;-1.2;-1.9;;;;;;;;;;;;;;;;;;30.9;35;;;;;;
STG;01.04.1893 00:00;3;;8.4;0.3;-1.2;;;;;;;;;;;;;;;;;;6.9;7;;;;;;
STG;01.05.1893 00:00;6;;9.8;-2.4;-2.2;;;;;;;;;;;;;;;;;;150.1;96;;;;;;
STG;01.06.1893 00:00;8.9;;13.5;-2.2;-2.9;;;;;;;;;;;;;;;;;;131.6;77;;;;;;
STG;01.07.1893 00:00;12;;15.2;-2.3;-1.6;;;;;;;;;;;;;;;;;;226.5;130;;;;;;
STG;01.08.1893 00:00;10.8;;15.4;-1.8;-2.8;;;;;;;;;;;;;;;;;;32.6;18;;;;;;
STG;01.09.1893 00:00;8.7;;12;-1.1;-1.2;;;;;;;;;;;;;;;;;;126.9;92;;;;;;
STG;01.10.1893 00:00;5;;9;-0.2;-1.3;;;;;;;;;;;;;;;;;;116.8;111;;;;;;
STG;01.11.1893 00:00;-1.6;;1.4;-2.9;-3.2;;;;;;;;;;;;;;;;;;101;109;;;;;;
STG;01.12.1893 00:00;-5.4;;-1.9;-3.2;-3.8;;;;;;;;;;;;;;;;;;31.1;34;;;;;;
STG;01.01.1894 00:00;-7.2;;-3.2;-3.4;-4.9;;;;;;;;;;;;;;;;;;29.3;44;;;;;;
STG;01.02.1894 00:00;-4;;-0.2;-1;-2;;;;;;;;;;;;;;;;;;69;107;;;;;;
STG;01.03.1894 00:00;-0.5;;3.1;-1.3;-1.5;;;;;;;;;;;;;;;;;;49.2;56;;;;;;
STG;01.04.1894 00:00;4.3;;7.7;-0.4;0.1;;;;;;;;;;;;;;;;;;121.7;118;;;;;;
STG;01.05.1894 00:00;6.3;;9;-3.2;-1.9;;;;;;;;;;;;;;;;;;234;150;;;;;;
STG;01.06.1894 00:00;9;;12.7;-3;-2.8;;;;;;;;;;;;;;;;;;156.4;92;;;;;;
STG;01.07.1894 00:00;11.7;;15.7;-1.8;-1.9;;;;;;;;;;;;;;;;;;191.3;110;;;;;;
STG;01.08.1894 00:00;10.8;;14.4;-2.8;-2.8;;;;;;;;;;;;;;;;;;187;101;;;;;;
STG;01.09.1894 00:00;7.3;;10.5;-2.6;-2.6;;;;;;;;;;;;;;;;;;131.4;95;;;;;;
STG;01.10.1894 00:00;4.4;;7.8;-1.4;-1.9;;;;;;;;;;;;;;;;;;103.1;98;;;;;;
STG;01.11.1894 00:00;0.1;;3.5;-0.8;-1.5;;;;;;;;;;;;;;;;;;37.3;40;;;;;;
STG;01.12.1894 00:00;-5.4;;-2;-3.3;-3.8;;;;;;;;;;;;;;;;;;66.7;74;;;;;;
STG;01.01.1895 00:00;-9;;-5;-5.2;-6.7;;;;;;;;;;;;;;;;;;63.8;96;;;;;;
STG;01.02.1895 00:00;-12.3;;-8.6;-9.4;-10.3;;;;;;;;;;;;;;;;;;29.3;46;;;;;;
STG;01.03.1895 00:00;-2.6;;0.8;-3.6;-3.6;;;;;;;;;;;;;;;;;;85.6;98;;;;;;
STG;01.04.1895 00:00;3.6;;6.9;-1.2;-0.6;;;;;;;;;;;;;;;;;;88.9;86;;;;;;
STG;01.05.1895 00:00;5.8;;9.6;-2.6;-2.4;;;;;;;;;;;;;;;;;;150.3;96;;;;;;
STG;01.06.1895 00:00;9.7;;13.4;-2.3;-2.1;;;;;;;;;;;;;;;;;;186.5;110;;;;;;
STG;01.07.1895 00:00;11.8;;16;-1.5;-1.8;;;;;;;;;;;;;;;;;;121.7;70;;;;;;
STG;01.08.1895 00:00;11;;14.7;-2.5;-2.6;;;;;;;;;;;;;;;;;;189.6;102;;;;;;
STG;01.09.1895 00:00;9.9;;14.4;1.3;0;;;;;;;;;;;;;;;;;;9.9;7;;;;;;
STG;01.10.1895 00:00;3.3;;6.9;-2.3;-3;;;;;;;;;;;;;;;;;;112.3;107;;;;;;
STG;01.11.1895 00:00;2;;5.4;1.1;0.4;;;;;;;;;;;;;;;;;;69.1;75;;;;;;
STG;01.12.1895 00:00;-2.8;;0.4;-0.9;-1.2;;;;;;;;;;;;;;;;;;143.2;158;;;;;;
STG;01.01.1896 00:00;-5.8;;-2.8;-3;-3.5;;;;;;;;;;;;;;;;;;25.5;38;;;;;;
STG;01.02.1896 00:00;-5.7;;-2.7;-3.5;-3.7;;;;;;;;;;;;;;;;;;28.9;45;;;;;;
STG;01.03.1896 00:00;1.8;;4.7;0.3;0.8;;;;;;;;;;;;;;;;;;142.6;163;;;;;;
STG;01.04.1896 00:00;0.8;;3.2;-4.9;-3.4;;;;;;;;;;;;;;;;;;190.4;185;;;;;;
STG;01.05.1896 00:00;4.4;;7.6;-4.6;-3.8;;;;;;;;;;;;;;;;;;257.7;165;;;;;;
STG;01.06.1896 00:00;10.1;;13.6;-2.1;-1.7;;;;;;;;;;;;;;;;;;166.5;98;;;;;;
STG;01.07.1896 00:00;11.9;;15.1;-2.4;-1.7;;;;;;;;;;;;;;;;;;223.8;128;;;;;;
STG;01.08.1896 00:00;9.7;;12.3;-4.9;-3.9;;;;;;;;;;;;;;;;;;257.1;139;;;;;;
STG;01.09.1896 00:00;8.6;;11.5;-1.6;-1.3;;;;;;;;;;;;;;;;;;241.3;175;;;;;;
STG;01.10.1896 00:00;3.2;;6.9;-2.3;-3.1;;;;;;;;;;;;;;;;;;121.2;116;;;;;;
STG;01.11.1896 00:00;-1.8;;0.6;-3.7;-3.4;;;;;;;;;;;;;;;;;;51.1;55;;;;;;
STG;01.12.1896 00:00;-3.9;;-0.7;-2;-2.3;;;;;;;;;;;;;;;;;;44.4;49;;;;;;
STG;01.01.1897 00:00;-5.6;;-3;-3.2;-3.3;;;;;;;;;;;;;;;;;;31.4;47;;;;;;
STG;01.02.1897 00:00;-0.1;;2.9;2.1;1.9;;;;;;;;;;;;;;;;;;156.5;244;;;;;;
STG;01.03.1897 00:00;1.9;;4.7;0.3;0.9;;;;;;;;;;;;;;;;;;93.2;107;;;;;;
STG;01.04.1897 00:00;2.6;;5.6;-2.5;-1.6;;;;;;;;;;;;;;;;;;149.3;145;;;;;;
STG;01.05.1897 00:00;4.5;;7.5;-4.7;-3.7;;;;;;;;;;;;;;;;;;185.1;118;;;;;;
STG;01.06.1897 00:00;10.8;;15.1;-0.6;-1;;;;;;;;;;;;;;;;;;207.7;122;;;;;;
STG;01.07.1897 00:00;12.2;;15.7;-1.8;-1.4;;;;;;;;;;;;;;;;;;154.4;89;;;;;;
STG;01.08.1897 00:00;11.5;;15.3;-1.9;-2.1;;;;;;;;;;;;;;;;;;274;148;;;;;;
STG;01.09.1897 00:00;8.1;;10.8;-2.3;-1.8;;;;;;;;;;;;;;;;;;253.9;184;;;;;;
STG;01.10.1897 00:00;3.1;;5.9;-3.3;-3.2;;;;;;;;;;;;;;;;;;48.2;46;;;;;;
STG;01.11.1897 00:00;-0.9;;2.5;-1.8;-2.5;;;;;;;;;;;;;;;;;;16.9;18;;;;;;
STG;01.12.1897 00:00;-3.5;;-0.2;-1.5;-1.9;;;;;;;;;;;;;;;;;;36.1;40;;;;;;
STG;01.01.1898 00:00;-2.6;;1;0.8;-0.3;;;;;;;;;;;;;;;;;;11;16;;;;;;
STG;01.02.1898 00:00;-4.3;;-0.7;-1.5;-2.3;;;;;;;;;;;;;;;;;;132.2;206;;;;;;
STG;01.03.1898 00:00;-1.4;;1.4;-3;-2.4;;;;;;;;;;;;;;;;;;68.7;79;;;;;;
STG;01.04.1898 00:00;3.2;;6;-2.1;-1;;;;;;;;;;;;;;;;;;106.5;103;;;;;;
STG;01.05.1898 00:00;6.2;;9.5;-2.7;-2;;;;;;;;;;;;;;;;;;170.9;109;;;;;;
STG;01.06.1898 00:00;9;;12.5;-3.2;-2.8;;;;;;;;;;;;;;;;;;217.6;128;;;;;;
STG;01.07.1898 00:00;9.9;;13.9;-3.6;-3.7;;;;;;;;;;;;;;;;;;198.1;114;;;;;;
STG;01.08.1898 00:00;12;;16.5;-0.7;-1.6;;;;;;;;;;;;;;;;;;128.2;69;;;;;;
STG;01.09.1898 00:00;8.8;;12.8;-0.3;-1.1;;;;;;;;;;;;;;;;;;60.5;44;;;;;;
STG;01.10.1898 00:00;6.4;;9.2;0;0.1;;;;;;;;;;;;;;;;;;124;118;;;;;;
STG;01.11.1898 00:00;1.5;;4.4;0.1;-0.1;;;;;;;;;;;;;;;;;;106.8;115;;;;;;
STG;01.12.1898 00:00;-3.8;;0;-1.3;-2.2;;;;;;;;;;;;;;;;;;51.5;57;;;;;;
STG;01.01.1899 00:00;-2;;1.3;1.1;0.3;;;;;;;;;;;;;;;;;;101.3;152;;;;;;
STG;01.02.1899 00:00;-2.6;;1.8;1;-0.6;;;;;;;;;;;;;;;;;;24.3;38;;;;;;
STG;01.03.1899 00:00;-1.7;;2.6;-1.8;-2.7;;;;;;;;;;;;;;;;;;53.1;61;;;;;;
STG;01.04.1899 00:00;2.3;;5.5;-2.6;-1.9;;;;;;;;;;;;;;;;;;215;209;;;;;;
STG;01.05.1899 00:00;6;;9.1;-3.1;-2.2;;;;;;;;;;;;;;;;;;139.1;89;;;;;;
STG;01.06.1899 00:00;8.9;;13.4;-2.3;-2.9;;;;;;;;;;;;;;;;;;96.4;57;;;;;;
STG;01.07.1899 00:00;11.2;;15.2;-2.3;-2.4;;;;;;;;;;;;;;;;;;95.3;55;;;;;;
STG;01.08.1899 00:00;11.3;;16;-1.2;-2.3;;;;;;;;;;;;;;;;;;75.9;41;;;;;;
STG;01.09.1899 00:00;8.5;;11.7;-1.4;-1.4;;;;;;;;;;;;;;;;;;190.2;138;;;;;;
STG;01.10.1899 00:00;4.1;;8.2;-1;-2.2;;;;;;;;;;;;;;;;;;82.2;78;;;;;;
STG;01.11.1899 00:00;-0.2;;3.6;-0.7;-1.8;;;;;;;;;;;;;;;;;;16.4;18;;;;;;
STG;01.12.1899 00:00;-6.3;;-2.9;-4.2;-4.7;;;;;;;;;;;;;;;;;;91.2;101;;;;;;
STG;01.01.1900 00:00;-2.7;;0.3;0.1;-0.4;;;;;;;;;;;;;;;;;;148.7;223;;;;;;
STG;01.02.1900 00:00;-1.7;;2.2;1.4;0.3;;;;;;;;;;;;;;;;;;79.3;124;;;;;;
STG;01.03.1900 00:00;-4.7;;-1.3;-5.7;-5.7;;;;;;;;;;;;;;;;;;124.9;143;;;;;;
STG;01.04.1900 00:00;1.3;;4.8;-3.3;-2.9;;;;;;;;;;;;;;;;;;125.3;122;;;;;;
STG;01.05.1900 00:00;5.4;;8.8;-3.4;-2.8;;;;;;;;;;;;;;;;;;149.4;95;;;;;;
STG;01.06.1900 00:00;10.4;;14.5;-1.2;-1.4;;;;;;;;;;;;;;;;;;96;56;;;;;;
STG;01.07.1900 00:00;13.1;;16.7;-0.8;-0.5;;;;;;;;;;;;;;;;;;153;88;;;;;;
STG;01.08.1900 00:00;10.7;;13.9;-3.3;-2.9;;;;;;;;;;;;;;;;;;114.8;62;;;;;;
STG;01.09.1900 00:00;10;;13.7;0.6;0.1;;;;;;;;;;;;;;;;;;59;43;;;;;;
STG;01.10.1900 00:00;4.7;;8.2;-1;-1.6;;;;;;;;;;;;;;;;;;110.8;106;;;;;;
STG;01.11.1900 00:00;0.9;;4;-0.3;-0.7;;;;;;;;;;;;;;;;;;86.8;94;;;;;;
STG;01.12.1900 00:00;-1.9;;1.7;0.4;-0.3;;;;;;;;;;;;;;;;;;44.7;49;;;;;;
STG;01.01.1901 00:00;-6.2;;-3.1;-3.3;-3.9;;;;;;;;;;;;;;;;;;32.8;49;;;;;;
STG;01.02.1901 00:00;-10.2;;-6.1;-6.9;-8.2;;;;;;;;;;;;;;;;;;40.8;64;;;;;;
STG;01.03.1901 00:00;-2.1;;1;-3.4;-3.1;;;;;;;;;;;;;;;;;;106.5;122;;;;;;
STG;01.04.1901 00:00;2.4;;6.2;-1.9;-1.8;;;;;;;;;;;;;;;;;;157.6;153;;;;;;
STG;01.05.1901 00:00;5.4;;10.1;-2.1;-2.8;;;;;;;;;;;;;;;;;;42.4;27;;;;;;
STG;01.06.1901 00:00;9.7;;14.1;-1.6;-2.1;;;;;;;;;;;;;;;;;;219.4;129;;;;;;
STG;01.07.1901 00:00;11.3;;15.7;-1.8;-2.3;;;;;;;;;;;;;;;;;;97.7;56;;;;;;
STG;01.08.1901 00:00;10.4;;14.2;-3;-3.2;;;;;;;;;;;;;;;;;;194.3;105;;;;;;
STG;01.09.1901 00:00;9.5;;12.4;-0.7;-0.4;;;;;;;;;;;;;;;;;;137.4;100;;;;;;
STG;01.10.1901 00:00;4.2;;7.1;-2.1;-2.1;;;;;;;;;;;;;;;;;;71.7;68;;;;;;
STG;01.11.1901 00:00;-2.8;;0.2;-4.1;-4.4;;;;;;;;;;;;;;;;;;45.7;49;;;;;;
STG;01.12.1901 00:00;-3.5;;0.3;-1;-1.9;;;;;;;;;;;;;;;;;;59.1;65;;;;;;
STG;01.01.1902 00:00;-2.6;;0.9;0.7;-0.3;;;;;;;;;;;;;;;;;;36.2;54;;;;;;
STG;01.02.1902 00:00;-4.2;;-1.4;-2.2;-2.2;;;;;;;;;;;;;;;;;;52.4;82;;;;;;
STG;01.03.1902 00:00;-0.9;;2.5;-1.9;-1.9;;;;;;;;;;;;;;;;;;77.6;89;;;;;;
STG;01.04.1902 00:00;4.5;;7.7;-0.4;0.3;;;;;;;;;;;;;;;;;;50.2;49;;;;;;
STG;01.05.1902 00:00;3.5;;6.1;-6.1;-4.7;;;;;;;;;;;;;;;;;;253.7;162;;;;;;
STG;01.06.1902 00:00;8.8;;12.6;-3.1;-3;;;;;;;;;;;;;;;;;;146;86;;;;;;
STG;01.07.1902 00:00;11.5;;15.5;-2;-2.1;;;;;;;;;;;;;;;;;;175.2;100;;;;;;
STG;01.08.1902 00:00;10.8;;14.7;-2.5;-2.8;;;;;;;;;;;;;;;;;;197.1;106;;;;;;
STG;01.09.1902 00:00;8.4;;11.6;-1.5;-1.5;;;;;;;;;;;;;;;;;;191.1;139;;;;;;
STG;01.10.1902 00:00;4.2;;7.2;-2;-2.1;;;;;;;;;;;;;;;;;;116.4;111;;;;;;
STG;01.11.1902 00:00;-1.1;;1.6;-2.7;-2.7;;;;;;;;;;;;;;;;;;11.8;13;;;;;;
STG;01.12.1902 00:00;-5.1;;-1.8;-3.1;-3.5;;;;;;;;;;;;;;;;;;85.2;94;;;;;;
STG;01.01.1903 00:00;-5;;-0.9;-1.1;-2.7;;;;;;;;;;;;;;;;;;56.8;85;;;;;;
STG;01.02.1903 00:00;-2.4;;1.9;1.1;-0.4;;;;;;;;;;;;;;;;;;52.8;82;;;;;;
STG;01.03.1903 00:00;0.4;;4.2;-0.2;-0.6;;;;;;;;;;;;;;;;;;51.9;59;;;;;;
STG;01.04.1903 00:00;-0.1;;2.8;-5.3;-4.3;;;;;;;;;;;;;;;;;;118.2;115;;;;;;
STG;01.05.1903 00:00;6;;10.3;-1.9;-2.2;;;;;;;;;;;;;;;;;;49.8;32;;;;;;
STG;01.06.1903 00:00;9;;12.4;-3.3;-2.8;;;;;;;;;;;;;;;;;;128.5;75;;;;;;
STG;01.07.1903 00:00;10.7;;14.3;-3.2;-2.9;;;;;;;;;;;;;;;;;;261.4;150;;;;;;
STG;01.08.1903 00:00;10.7;;15;-2.2;-2.9;;;;;;;;;;;;;;;;;;179.2;97;;;;;;
STG;01.09.1903 00:00;8.9;;12.2;-0.9;-1;;;;;;;;;;;;;;;;;;115.8;84;;;;;;
STG;01.10.1903 00:00;5.1;;8.9;-0.3;-1.2;;;;;;;;;;;;;;;;;;137.1;131;;;;;;
STG;01.11.1903 00:00;0.8;;3.3;-1;-0.8;;;;;;;;;;;;;;;;;;133.6;144;;;;;;
STG;01.12.1903 00:00;-4.8;;-2.2;-3.5;-3.2;;;;;;;;;;;;;;;;;;29;32;;;;;;
STG;01.01.1904 00:00;-5.8;;-2.3;-2.5;-3.5;;;;;;;;;;;;;;;;;;42.6;64;;;;;;
STG;01.02.1904 00:00;-2.9;;0.1;-0.7;-0.9;;;;;;;;;;;;;;;;;;89.7;140;;;;;;
STG;01.03.1904 00:00;-0.9;;2.4;-2;-1.9;;;;;;;;;;;;;;;;;;40.7;47;;;;;;
STG;01.04.1904 00:00;4.5;;8.1;0;0.3;;;;;;;;;;;;;;;;;;119.1;116;;;;;;
STG;01.05.1904 00:00;7.5;;11.3;-0.9;-0.7;;;;;;;;;;;;;;;;;;217.5;139;;;;;;
STG;01.06.1904 00:00;10;;14.4;-1.3;-1.8;;;;;;;;;;;;;;;;;;186.6;110;;;;;;
STG;01.07.1904 00:00;12.9;;17.8;0.3;-0.7;;;;;;;;;;;;;;;;;;34.1;20;;;;;;
STG;01.08.1904 00:00;11.5;;15.9;-1.3;-2.1;;;;;;;;;;;;;;;;;;79.7;43;;;;;;
STG;01.09.1904 00:00;7;;10;-3.1;-2.9;;;;;;;;;;;;;;;;;;184.4;134;;;;;;
STG;01.10.1904 00:00;4.2;;7.5;-1.7;-2.1;;;;;;;;;;;;;;;;;;86.8;83;;;;;;
STG;01.11.1904 00:00;-1.8;;1.9;-2.4;-3.4;;;;;;;;;;;;;;;;;;68;73;;;;;;
STG;01.12.1904 00:00;-3.1;;0.4;-0.9;-1.5;;;;;;;;;;;;;;;;;;38.4;42;;;;;;
STG;01.01.1905 00:00;-7.4;;-3.7;-3.9;-5.1;;;;;;;;;;;;;;;;;;59.2;89;;;;;;
STG;01.02.1905 00:00;-3.8;;-0.6;-1.4;-1.8;;;;;;;;;;;;;;;;;;48.3;75;;;;;;
STG;01.03.1905 00:00;0.4;;3.6;-0.8;-0.6;;;;;;;;;;;;;;;;;;105.8;121;;;;;;
STG;01.04.1905 00:00;2.1;;5.5;-2.6;-2.1;;;;;;;;;;;;;;;;;;148.2;144;;;;;;
STG;01.05.1905 00:00;5.1;;8.7;-3.5;-3.1;;;;;;;;;;;;;;;;;;145.5;93;;;;;;
STG;01.06.1905 00:00;10.1;;14.6;-1.1;-1.7;;;;;;;;;;;;;;;;;;85.2;50;;;;;;
STG;01.07.1905 00:00;13.1;;17.9;0.4;-0.5;;;;;;;;;;;;;;;;;;119.9;69;;;;;;
STG;01.08.1905 00:00;11.9;;15.1;-2.1;-1.7;;;;;;;;;;;;;;;;;;283.8;153;;;;;;
STG;01.09.1905 00:00;9.6;;12.3;-0.8;-0.3;;;;;;;;;;;;;;;;;;171.6;125;;;;;;
STG;01.10.1905 00:00;-0.2;;2.9;-6.3;-6.5;;;;;;;;;;;;;;;;;;172.3;164;;;;;;
STG;01.11.1905 00:00;-0.8;;2.7;-1.6;-2.4;;;;;;;;;;;;;;;;;;75.6;82;;;;;;
STG;01.12.1905 00:00;-3.5;;-0.7;-2;-1.9;;;;;;;;;;;;;;;;;;63.7;70;;;;;;
STG;01.01.1906 00:00;-4.8;;-0.5;-0.7;-2.5;;;;;;;;;;;;;;;;;;53.7;80;;;;;;
STG;01.02.1906 00:00;-5.2;;-1.9;-2.7;-3.2;;;;;;;;;;;;;;;;;;63.7;99;;;;;;
STG;01.03.1906 00:00;-2;;1.4;-3;-3;;;;;;;;;;;;;;;;;;102.3;117;;;;;;
STG;01.04.1906 00:00;2.6;;5.8;-2.3;-1.6;;;;;;;;;;;;;;;;;;67.6;66;;;;;;
STG;01.05.1906 00:00;7;;10.4;-1.8;-1.2;;;;;;;;;;;;;;;;;;227.3;145;;;;;;
STG;01.06.1906 00:00;8.9;;12.5;-3.2;-2.9;;;;;;;;;;;;;;;;;;180.1;106;;;;;;
STG;01.07.1906 00:00;12.2;;15.9;-1.6;-1.4;;;;;;;;;;;;;;;;;;259.2;149;;;;;;
STG;01.08.1906 00:00;11.6;;15.6;-1.6;-2;;;;;;;;;;;;;;;;;;74.4;40;;;;;;
STG;01.09.1906 00:00;7.1;;11;-2.1;-2.8;;;;;;;;;;;;;;;;;;103.8;75;;;;;;
STG;01.10.1906 00:00;6.3;;10;0.8;0;;;;;;;;;;;;;;;;;;26.9;26;;;;;;
STG;01.11.1906 00:00;0.5;;4.5;0.2;-1.1;;;;;;;;;;;;;;;;;;62.8;68;;;;;;
STG;01.12.1906 00:00;-6.7;;-3.2;-4.5;-5.1;;;;;;;;;;;;;;;;;;101.1;112;;;;;;
STG;01.01.1907 00:00;-6.3;;-2.3;-2.5;-4;;;;;;;;;;;;;;;;;;112.9;169;;;;;;
STG;01.02.1907 00:00;-6.6;;-3.6;-4.4;-4.6;;;;;;;;;;;;;;;;;;40.6;63;;;;;;
STG;01.03.1907 00:00;-2.7;;0.7;-3.7;-3.7;;;;;;;;;;;;;;;;;;96.1;110;;;;;;
STG;01.04.1907 00:00;1.7;;4.2;-3.9;-2.5;;;;;;;;;;;;;;;;;;169.2;164;;;;;;
STG;01.05.1907 00:00;7.1;;11.4;-0.8;-1.1;;;;;;;;;;;;;;;;;;113.6;73;;;;;;
STG;01.06.1907 00:00;10;;13.1;-2.6;-1.8;;;;;;;;;;;;;;;;;;144.5;85;;;;;;
STG;01.07.1907 00:00;9.9;;13.4;-4.1;-3.7;;;;;;;;;;;;;;;;;;181.2;104;;;;;;
STG;01.08.1907 00:00;11.7;;15.7;-1.5;-1.9;;;;;;;;;;;;;;;;;;99.2;54;;;;;;
STG;01.09.1907 00:00;9.1;;12.7;-0.4;-0.8;;;;;;;;;;;;;;;;;;62.8;46;;;;;;
STG;01.10.1907 00:00;5.6;;9.5;0.3;-0.7;;;;;;;;;;;;;;;;;;56;53;;;;;;
STG;01.11.1907 00:00;0.8;;3.9;-0.4;-0.8;;;;;;;;;;;;;;;;;;22.7;24;;;;;;
STG;01.12.1907 00:00;-1.5;;1.9;0.6;0.1;;;;;;;;;;;;;;;;;;122.7;136;;;;;;
STG;01.01.1908 00:00;-7.3;;-3.7;-3.9;-5;;;;;;;;;;;;;;;;;;42.6;64;;;;;;
STG;01.02.1908 00:00;-3.9;;-0.9;-1.7;-1.9;;;;;;;;;;;;;;;;;;97.3;152;;;;;;
STG;01.03.1908 00:00;-2.2;;0.5;-3.9;-3.2;;;;;;;;;;;;;;;;;;56.7;65;;;;;;
STG;01.04.1908 00:00;1.4;;3.4;-4.7;-2.8;;;;;;;;;;;;;;;;;;123.7;120;;;;;;
STG;01.05.1908 00:00;8.1;;12.1;-0.1;-0.1;;;;;;;;;;;;;;;;;;158.4;101;;;;;;
STG;01.06.1908 00:00;11.5;;16;0.3;-0.3;;;;;;;;;;;;;;;;;;103.6;61;;;;;;
STG;01.07.1908 00:00;11.4;;14.9;-2.6;-2.2;;;;;;;;;;;;;;;;;;236;135;;;;;;
STG;01.08.1908 00:00;9.9;;13.3;-3.9;-3.7;;;;;;;;;;;;;;;;;;96.8;52;;;;;;
STG;01.09.1908 00:00;7.5;;10.8;-2.3;-2.4;;;;;;;;;;;;;;;;;;202.7;147;;;;;;
STG;01.10.1908 00:00;3.7;;7.2;-2;-2.6;;;;;;;;;;;;;;;;;;3.4;3;;;;;;
STG;01.11.1908 00:00;-2.1;;0.9;-3.4;-3.7;;;;;;;;;;;;;;;;;;65.9;71;;;;;;
STG;01.12.1908 00:00;-3.4;;-0.9;-2.2;-1.8;;;;;;;;;;;;;;;;;;30.6;34;;;;;;
STG;01.01.1909 00:00;-7.1;;-3.9;-4.1;-4.8;;;;;;;;;;;;;;;;;;31.6;47;;;;;;
STG;01.02.1909 00:00;-7.3;;-4.2;-5;-5.3;;;;;;;;;;;;;;;;;;25.6;40;;;;;;
STG;01.03.1909 00:00;-2.7;;0.7;-3.7;-3.7;;;;;;;;;;;;;;;;;;63.5;73;;;;;;
STG;01.04.1909 00:00;3.2;;7.1;-1;-1;;;;;;;;;;;;;;;;;;85.5;83;;;;;;
STG;01.05.1909 00:00;4.9;;9;-3.2;-3.3;;;;;;;;;;;;;;;;;;85.7;55;;;;;;
STG;01.06.1909 00:00;8.6;;12;-3.7;-3.2;;;;;;;;;;;;;;;;;;249.1;146;;;;;;
STG;01.07.1909 00:00;9.9;;13.2;-4.3;-3.7;;;;;;;;;;;;;;;;;;207.2;119;;;;;;
STG;01.08.1909 00:00;10.9;;14.2;-3;-2.7;;;;;;;;;;;;;;;;;;203.8;110;;;;;;
STG;01.09.1909 00:00;7.6;;11.3;-1.8;-2.3;;;;;;;;;;;;;;;;;;97.9;71;;;;;;
STG;01.10.1909 00:00;5.9;;9.3;0.1;-0.4;;;;;;;;;;;;;;;;;;78.9;75;;;;;;
STG;01.11.1909 00:00;-1.9;;1.1;-3.2;-3.5;;;;;;;;;;;;;;;;;;69.9;75;;;;;;
STG;01.12.1909 00:00;-2;;1.3;0;-0.4;;;;;;;;;;;;;;;;;;97.9;108;;;;;;
STG;01.01.1910 00:00;-4;;-0.4;-0.6;-1.7;;;;;;;;;;;;;;;;;;157.3;235;;;;;;
STG;01.02.1910 00:00;-3.7;;0.4;-0.4;-1.7;;;;;;;;;;;;;;;;;;87.9;137;;;;;;
STG;01.03.1910 00:00;-0.3;;2.3;-2.1;-1.3;;;;;;;;;;;;;;;;;;54.5;62;;;;;;
STG;01.04.1910 00:00;2.2;;5.1;-3;-2;;;;;;;;;;;;;;;;;;154.6;150;;;;;;
STG;01.05.1910 00:00;6.1;;9.3;-2.9;-2.1;;;;;;;;;;;;;;;;;;114.1;73;;;;;;
STG;01.06.1910 00:00;10.7;;14;-1.7;-1.1;;;;;;;;;;;;;;;;;;252.3;148;;;;;;
STG;01.07.1910 00:00;10.1;;13.5;-4;-3.5;;;;;;;;;;;;;;;;;;220.6;126;;;;;;
STG;01.08.1910 00:00;10.8;;14.4;-2.8;-2.8;;;;;;;;;;;;;;;;;;166.6;90;;;;;;
STG;01.09.1910 00:00;6.6;;9.4;-3.7;-3.3;;;;;;;;;;;;;;;;;;150;109;;;;;;
STG;01.10.1910 00:00;4.9;;8.4;-0.8;-1.4;;;;;;;;;;;;;;;;;;64.3;61;;;;;;
STG;01.11.1910 00:00;-1.8;;2.1;-2.2;-3.4;;;;;;;;;;;;;;;;;;186.7;201;;;;;;
STG;01.12.1910 00:00;-1;;2.7;1.4;0.6;;;;;;;;;;;;;;;;;;62.7;69;;;;;;
STG;01.01.1911 00:00;-8.1;;-4.7;-4.9;-5.8;;;;;;;;;;;;;;;;;;34.3;51;;;;;;
STG;01.02.1911 00:00;-3.8;;-0.2;-1;-1.8;;;;;;;;;;;;;;;;;;43.7;68;;;;;;
STG;01.03.1911 00:00;-0.9;;2.8;-1.6;-1.9;;;;;;;;;;;;;;;;;;49.3;56;;;;;;
STG;01.04.1911 00:00;1.7;;4.9;-3.2;-2.5;;;;;;;;;;;;;;;;;;108.9;106;;;;;;
STG;01.05.1911 00:00;6.9;;10;-2.2;-1.3;;;;;;;;;;;;;;;;;;130.4;83;;;;;;
STG;01.06.1911 00:00;8.6;;12.7;-3;-3.2;;;;;;;;;;;;;;;;;;205.2;121;;;;;;
STG;01.07.1911 00:00;12.9;;17.9;0.4;-0.7;;;;;;;;;;;;;;;;;;15;9;;;;;;
STG;01.08.1911 00:00;12.9;;17.8;0.6;-0.7;;;;;;;;;;;;;;;;;;100.7;54;;;;;;
STG;01.09.1911 00:00;9.5;;13.7;0.6;-0.4;;;;;;;;;;;;;;;;;;151.2;110;;;;;;
STG;01.10.1911 00:00;4.1;;7.6;-1.6;-2.2;;;;;;;;;;;;;;;;;;65.2;62;;;;;;
STG;01.11.1911 00:00;1.2;;4.6;0.3;-0.4;;;;;;;;;;;;;;;;;;47.3;51;;;;;;
STG;01.12.1911 00:00;-1.2;;2.1;0.8;0.4;;;;;;;;;;;;;;;;;;65.2;72;;;;;;
STG;01.01.1912 00:00;-3.7;;-0.6;-0.8;-1.4;;;;;;;;;;;;;;;;;;85.6;128;;;;;;
STG;01.02.1912 00:00;-0.6;;3.4;2.6;1.4;;;;;;;;;;;;;;;;;;76.3;119;;;;;;
STG;01.03.1912 00:00;1.4;;5;0.6;0.4;;;;;;;;;;;;;;;;;;74.1;85;;;;;;
STG;01.04.1912 00:00;0.8;;4.4;-3.7;-3.4;;;;;;;;;;;;;;;;;;90.8;88;;;;;;
STG;01.05.1912 00:00;7.6;;10.9;-1.3;-0.6;;;;;;;;;;;;;;;;;;223.9;143;;;;;;
STG;01.06.1912 00:00;9.9;;13.6;-2.1;-1.9;;;;;;;;;;;;;;;;;;166.7;98;;;;;;
STG;01.07.1912 00:00;10.8;;14.5;-3;-2.8;;;;;;;;;;;;;;;;;;54.4;31;;;;;;
STG;01.08.1912 00:00;8.9;;12;-5.2;-4.7;;;;;;;;;;;;;;;;;;250.7;135;;;;;;
STG;01.09.1912 00:00;4;;6.8;-6.3;-5.9;;;;;;;;;;;;;;;;;;93.8;68;;;;;;
STG;01.10.1912 00:00;2.7;;6.2;-3;-3.6;;;;;;;;;;;;;;;;;;175;167;;;;;;
STG;01.11.1912 00:00;-3;;0.5;-3.8;-4.6;;;;;;;;;;;;;;;;;;59.3;64;;;;;;
STG;01.12.1912 00:00;-2.8;;1;-0.3;-1.2;;;;;;;;;;;;;;;;;;48.3;53;;;;;;
STG;01.01.1913 00:00;-3.6;;-0.4;-0.6;-1.3;;;;;;;;;;;;;;;;;;86.9;130;;;;;;
STG;01.02.1913 00:00;-4.3;;-1;-1.8;-2.3;;;;;;;;;;;;;;;;;;29.1;45;;;;;;
STG;01.03.1913 00:00;0.7;;5.3;0.9;-0.3;;;;;;;;;;;;;;;;;;81.8;94;;;;;;
STG;01.04.1913 00:00;2;;5.3;-2.8;-2.2;;;;;;;;;;;;;;;;;;109.9;107;;;;;;
STG;01.05.1913 00:00;6;;10;-2.2;-2.2;;;;;;;;;;;;;;;;;;94.7;61;;;;;;
STG;01.06.1913 00:00;9.2;;12.7;-3;-2.6;;;;;;;;;;;;;;;;;;176.8;104;;;;;;
STG;01.07.1913 00:00;9.2;;12.2;-5.3;-4.4;;;;;;;;;;;;;;;;;;209.4;120;;;;;;
STG;01.08.1913 00:00;9.6;;13.3;-3.9;-4;;;;;;;;;;;;;;;;;;188.8;102;;;;;;
STG;01.09.1913 00:00;7.8;;10.9;-2.2;-2.1;;;;;;;;;;;;;;;;;;134.3;97;;;;;;
STG;01.10.1913 00:00;5.6;;9.5;0.3;-0.7;;;;;;;;;;;;;;;;;;37.5;36;;;;;;
STG;01.11.1913 00:00;2.9;;6;1.7;1.3;;;;;;;;;;;;;;;;;;139.3;150;;;;;;
STG;01.12.1913 00:00;-2.8;;0.4;-0.9;-1.2;;;;;;;;;;;;;;;;;;99.4;110;;;;;;
STG;01.01.1914 00:00;-8.8;;-5.4;-5.6;-6.5;;;;;;;;;;;;;;;;;;180;269;;;;;;
STG;01.02.1914 00:00;-1.4;;2.1;1.3;0.6;;;;;;;;;;;;;;;;;;32.1;50;;;;;;
STG;01.03.1914 00:00;0.5;;3.4;-1;-0.5;;;;;;;;;;;;;;;;;;142.1;163;;;;;;
STG;01.04.1914 00:00;3.8;;7.9;-0.2;-0.4;;;;;;;;;;;;;;;;;;87.2;85;;;;;;
STG;01.05.1914 00:00;5.7;;8.2;-4;-2.5;;;;;;;;;;;;;;;;;;253.5;162;;;;;;
STG;01.06.1914 00:00;8;;11.9;-3.8;-3.8;;;;;;;;;;;;;;;;;;156.9;92;;;;;;
STG;01.07.1914 00:00;10.6;;14.3;-3.2;-3;;;;;;;;;;;;;;;;;;249.7;143;;;;;;
STG;01.08.1914 00:00;11;;14.9;-2.3;-2.6;;;;;;;;;;;;;;;;;;159.5;86;;;;;;
STG;01.09.1914 00:00;7.5;;10.9;-2.2;-2.4;;;;;;;;;;;;;;;;;;130.3;95;;;;;;
STG;01.10.1914 00:00;3.1;;7.1;-2.1;-3.2;;;;;;;;;;;;;;;;;;37.3;36;;;;;;
STG;01.11.1914 00:00;-1.6;;1.7;-2.6;-3.2;;;;;;;;;;;;;;;;;;89.2;96;;;;;;
STG;01.12.1914 00:00;-1.8;;2.5;1.2;-0.2;;;;;;;;;;;;;;;;;;23.8;26;;;;;;
STG;01.01.1915 00:00;-4.5;;-1.1;-1.3;-2.2;;;;;;;;;;;;;;;;;;85.4;128;;;;;;
STG;01.02.1915 00:00;-4.7;;-0.7;-1.5;-2.7;;;;;;;;;;;;;;;;;;77.3;120;;;;;;
STG;01.03.1915 00:00;-1.8;;0.6;-3.8;-2.8;;;;;;;;;;;;;;;;;;128.7;147;;;;;;
STG;01.04.1915 00:00;1.3;;4.5;-3.6;-2.9;;;;;;;;;;;;;;;;;;110.6;107;;;;;;
STG;01.05.1915 00:00;9;;12.4;0.2;0.8;;;;;;;;;;;;;;;;;;118.3;76;;;;;;
STG;01.06.1915 00:00;11.1;;15.4;-0.3;-0.7;;;;;;;;;;;;;;;;;;135.3;79;;;;;;
STG;01.07.1915 00:00;10.9;;14.4;-3.1;-2.7;;;;;;;;;;;;;;;;;;227.3;130;;;;;;
STG;01.08.1915 00:00;10;;13.5;-3.7;-3.6;;;;;;;;;;;;;;;;;;210.5;114;;;;;;
STG;01.09.1915 00:00;6.1;;10.1;-3;-3.8;;;;;;;;;;;;;;;;;;92.2;67;;;;;;
STG;01.10.1915 00:00;2.1;;5.1;-4.1;-4.2;;;;;;;;;;;;;;;;;;50.2;48;;;;;;
STG;01.11.1915 00:00;-3.9;;-0.3;-4.6;-5.5;;;;;;;;;;;;;;;;;;59.2;64;;;;;;
STG;01.12.1915 00:00;0.7;;4.5;3.2;2.3;;;;;;;;;;;;;;;;;;100.3;111;;;;;;
STG;01.01.1916 00:00;-0.6;;2.8;2.6;1.7;;;;;;;;;;;;;;;;;;70.5;106;;;;;;
STG;01.02.1916 00:00;-2.6;;1;0.2;-0.6;;;;;;;;;;;;;;;;;;80.1;125;;;;;;
STG;01.03.1916 00:00;0.1;;3;-1.4;-0.9;;;;;;;;;;;;;;;;;;107.8;123;;;;;;
STG;01.04.1916 00:00;2.4;;5.7;-2.4;-1.8;;;;;;;;;;;;;;;;;;90.5;88;;;;;;
STG;01.05.1916 00:00;7.5;;11.4;-0.8;-0.7;;;;;;;;;;;;;;;;;;113.4;72;;;;;;
STG;01.06.1916 00:00;7.9;;11;-4.7;-3.9;;;;;;;;;;;;;;;;;;254.9;150;;;;;;
STG;01.07.1916 00:00;10.8;;14.5;-3;-2.8;;;;;;;;;;;;;;;;;;192.6;110;;;;;;
STG;01.08.1916 00:00;10.9;;14.3;-2.9;-2.7;;;;;;;;;;;;;;;;;;157.2;85;;;;;;
STG;01.09.1916 00:00;6.6;;10;-3.1;-3.3;;;;;;;;;;;;;;;;;;157.6;114;;;;;;
STG;01.10.1916 00:00;4.1;;7.6;-1.6;-2.2;;;;;;;;;;;;;;;;;;161.9;154;;;;;;
STG;01.11.1916 00:00;0;;3.1;-1.2;-1.6;;;;;;;;;;;;;;;;;;94.4;102;;;;;;
STG;01.12.1916 00:00;-2.5;;1.2;-0.1;-0.9;;;;;;;;;;;;;;;;;;98.5;109;;;;;;
STG;01.01.1917 00:00;-6.2;;-3.5;-3.7;-3.9;;;;;;;;;;;;;;;;;;46.2;69;;;;;;
STG;01.02.1917 00:00;-6.8;;-3.6;-4.4;-4.8;;;;;;;;;;;;;;;;;;17.6;27;;;;;;
STG;01.03.1917 00:00;-2.9;;-0.2;-4.6;-3.9;;;;;;;;;;;;;;;;;;106.6;122;;;;;;
STG;01.04.1917 00:00;-0.1;;2.2;-5.9;-4.3;;;;;;;;;;;;;;;;;;120.4;117;;;;;;
STG;01.05.1917 00:00;9.4;;13.5;1.3;1.2;;;;;;;;;;;;;;;;;;104.5;67;;;;;;
STG;01.06.1917 00:00;11.4;;15.7;0;-0.4;;;;;;;;;;;;;;;;;;138.7;81;;;;;;
STG;01.07.1917 00:00;11.7;;15.2;-2.3;-1.9;;;;;;;;;;;;;;;;;;169.6;97;;;;;;
STG;01.08.1917 00:00;10.9;;14.5;-2.7;-2.7;;;;;;;;;;;;;;;;;;222.4;120;;;;;;
STG;01.09.1917 00:00;10.4;;14.1;1;0.5;;;;;;;;;;;;;;;;;;69.2;50;;;;;;
STG;01.10.1917 00:00;2.5;;5.9;-3.3;-3.8;;;;;;;;;;;;;;;;;;213.4;204;;;;;;
STG;01.11.1917 00:00;-0.6;;2.9;-1.4;-2.2;;;;;;;;;;;;;;;;;;89.1;96;;;;;;
STG;01.12.1917 00:00;-8;;-4.6;-5.9;-6.4;;;;;;;;;;;;;;;;;;20.7;23;;;;;;
STG;01.01.1918 00:00;-4.6;;0.4;0.2;-2.3;;;;;;;;;;;;;;;;;;54.4;81;;;;;;
STG;01.02.1918 00:00;-3.5;;0;-0.8;-1.5;;;;;;;;;;;;;;;;;;27.5;43;;;;;;
STG;01.03.1918 00:00;-0.8;;2.8;-1.6;-1.8;;;;;;;;;;;;;;;;;;34.8;40;;;;;;
STG;01.04.1918 00:00;3.5;;6.5;-1.6;-0.7;;;;;;;;;;;;;;;;;;107.9;105;;;;;;
STG;01.05.1918 00:00;7.7;;11.7;-0.5;-0.5;;;;;;;;;;;;;;;;;;46.2;30;;;;;;
STG;01.06.1918 00:00;7;;10.8;-4.9;-4.8;;;;;;;;;;;;;;;;;;198.4;117;;;;;;
STG;01.07.1918 00:00;11.1;;15.1;-2.4;-2.5;;;;;;;;;;;;;;;;;;144.7;83;;;;;;
STG;01.08.1918 00:00;10.7;;14.6;-2.6;-2.9;;;;;;;;;;;;;;;;;;134.5;73;;;;;;
STG;01.09.1918 00:00;8.5;;12.3;-0.8;-1.4;;;;;;;;;;;;;;;;;;158.3;115;;;;;;
STG;01.10.1918 00:00;2.9;;5.8;-3.4;-3.4;;;;;;;;;;;;;;;;;;46.9;45;;;;;;
STG;01.11.1918 00:00;-0.7;;2.6;-1.7;-2.3;;;;;;;;;;;;;;;;;;37;40;;;;;;
STG;01.12.1918 00:00;-0.4;;3.1;1.8;1.2;;;;;;;;;;;;;;;;;;180.2;199;;;;;;
STG;01.01.1919 00:00;-3.7;;-0.3;-0.5;-1.4;;;;;;;;;;;;;;;;;;38.2;57;;;;;;
STG;01.02.1919 00:00;-5.2;;-1.7;-2.5;-3.2;;;;;;;;;;;;;;;;;;74.1;115;;;;;;
STG;01.03.1919 00:00;-0.8;;2.4;-2;-1.8;;;;;;;;;;;;;;;;;;186.1;213;;;;;;
STG;01.04.1919 00:00;0.5;;2.7;-5.4;-3.7;;;;;;;;;;;;;;;;;;158.9;154;;;;;;
STG;01.05.1919 00:00;4.6;;9.2;-3;-3.6;;;;;;;;;;;;;;;;;;52.5;34;;;;;;
STG;01.06.1919 00:00;9.3;;13.6;-2.1;-2.5;;;;;;;;;;;;;;;;;;162.1;95;;;;;;
STG;01.07.1919 00:00;9;;12.6;-4.9;-4.6;;;;;;;;;;;;;;;;;;194.9;112;;;;;;
STG;01.08.1919 00:00;12;;16.5;-0.7;-1.6;;;;;;;;;;;;;;;;;;95;51;;;;;;
STG;01.09.1919 00:00;9.9;;13.8;0.7;0;;;;;;;;;;;;;;;;;;57.2;42;;;;;;
STG;01.10.1919 00:00;1;;4.2;-5;-5.3;;;;;;;;;;;;;;;;;;78.8;75;;;;;;
STG;01.11.1919 00:00;-2.4;;1;-3.3;-4;;;;;;;;;;;;;;;;;;110.1;119;;;;;;
STG;01.12.1919 00:00;-2.9;;0.7;-0.6;-1.3;;;;;;;;;;;;;;;;;;129.1;143;;;;;;
STG;01.01.1920 00:00;-1.2;;2.2;2;1.1;;;;;;;;;;;;;;;;;;66.9;100;;;;;;
STG;01.02.1920 00:00;-2.2;;1.5;0.7;-0.2;;;;;;;;;;;;;;;;;;15.8;25;;;;;;
STG;01.03.1920 00:00;0.6;;4.8;0.4;-0.4;;;;;;;;;;;;;;;;;;64.5;74;;;;;;
STG;01.04.1920 00:00;3.8;;7.3;-0.8;-0.4;;;;;;;;;;;;;;;;;;105.9;103;;;;;;
STG;01.05.1920 00:00;9.2;;13;0.8;1;;;;;;;;;;;;;;;;;;171.2;109;;;;;;
STG;01.06.1920 00:00;9.5;;13.2;-2.5;-2.3;;;;;;;;;;;;;;;;;;133.8;79;;;;;;
STG;01.07.1920 00:00;11.1;;15.3;-2.2;-2.5;;;;;;;;;;;;;;;;;;291.3;167;;;;;;
STG;01.08.1920 00:00;10.1;;13.3;-3.9;-3.5;;;;;;;;;;;;;;;;;;106.9;58;;;;;;
STG;01.09.1920 00:00;9.2;;12.3;-0.8;-0.7;;;;;;;;;;;;;;;;;;124.9;91;;;;;;
STG;01.10.1920 00:00;4.3;;6.9;-2.3;-2;;;;;;;;;;;;;;;;;;3.3;3;;;;;;
STG;01.11.1920 00:00;-2.1;;1.1;-3.2;-3.7;;;;;;;;;;;;;;;;;;7.4;8;;;;;;
STG;01.12.1920 00:00;-2.7;;0.4;-0.9;-1.1;;;;;;;;;;;;;;;;;;54.3;60;;;;;;
STG;01.01.1921 00:00;-0.1;;3.3;3.1;2.2;;;;;;;;;;;;;;;;;;57.8;87;;;;;;
STG;01.02.1921 00:00;-3.5;;-0.9;-1.7;-1.5;;;;;;;;;;;;;;;;;;7.3;11;;;;;;
STG;01.03.1921 00:00;-0.5;;3.6;-0.8;-1.5;;;;;;;;;;;;;;;;;;38.8;44;;;;;;
STG;01.04.1921 00:00;1.6;;4.9;-3.2;-2.6;;;;;;;;;;;;;;;;;;139.4;135;;;;;;
STG;01.05.1921 00:00;7.7;;11.6;-0.6;-0.5;;;;;;;;;;;;;;;;;;80.3;51;;;;;;
STG;01.06.1921 00:00;9.5;;13.6;-2.1;-2.3;;;;;;;;;;;;;;;;;;139.8;82;;;;;;
STG;01.07.1921 00:00;12.8;;17.7;0.2;-0.8;;;;;;;;;;;;;;;;;;62.4;36;;;;;;
STG;01.08.1921 00:00;11.2;;15.1;-2.1;-2.4;;;;;;;;;;;;;;;;;;118.5;64;;;;;;
STG;01.09.1921 00:00;9.2;;13;-0.1;-0.7;;;;;;;;;;;;;;;;;;95.9;70;;;;;;
STG;01.10.1921 00:00;6.3;;10.2;1;0;;;;;;;;;;;;;;;;;;72.1;69;;;;;;
STG;01.11.1921 00:00;-3.1;;-0.7;-5;-4.7;;;;;;;;;;;;;;;;;;120.1;130;;;;;;
STG;01.12.1921 00:00;-3.3;;0;-1.3;-1.7;;;;;;;;;;;;;;;;;;52.6;58;;;;;;
STG;01.01.1922 00:00;-5.9;;-2.3;-2.5;-3.6;;;;;;;;;;;;;;;;;;133.7;200;;;;;;
STG;01.02.1922 00:00;-4.6;;-1;-1.8;-2.6;;;;;;;;;;;;;;;;;;78.7;123;;;;;;
STG;01.03.1922 00:00;0.1;;3;-1.4;-0.9;;;;;;;;;;;;;;;;;;103.3;118;;;;;;
STG;01.04.1922 00:00;1.7;;4.2;-3.9;-2.5;;;;;;;;;;;;;;;;;;163;158;;;;;;
STG;01.05.1922 00:00;8;;12.1;-0.1;-0.2;;;;;;;;;;;;;;;;;;100.8;64;;;;;;
STG;01.06.1922 00:00;10.6;;14.1;-1.6;-1.2;;;;;;;;;;;;;;;;;;336.3;198;;;;;;
STG;01.07.1922 00:00;10.4;;14.1;-3.4;-3.2;;;;;;;;;;;;;;;;;;252.1;145;;;;;;
STG;01.08.1922 00:00;10.9;;14.6;-2.6;-2.7;;;;;;;;;;;;;;;;;;197.5;107;;;;;;
STG;01.09.1922 00:00;6.8;;9.6;-3.5;-3.1;;;;;;;;;;;;;;;;;;204.5;148;;;;;;
STG;01.10.1922 00:00;3;;5.2;-4;-3.3;;;;;;;;;;;;;;;;;;138.1;132;;;;;;
STG;01.11.1922 00:00;-2.5;;0.8;-3.5;-4.1;;;;;;;;;;;;;;;;;;116.9;126;;;;;;
STG;01.12.1922 00:00;-3.4;;0.3;-1;-1.8;;;;;;;;;;;;;;;;;;82.8;92;;;;;;
STG;01.01.1923 00:00;-4.6;;-1;-1.2;-2.3;;;;;;;;;;;;;;;;;;96.4;144;;;;;;
STG;01.02.1923 00:00;-0.5;;2;1.2;1.5;;;;;;;;;;;;;;;;;;84.5;132;;;;;;
STG;01.03.1923 00:00;0.3;;3.1;-1.3;-0.7;;;;;;;;;;;;;;;;;;37.9;43;;;;;;
STG;01.04.1923 00:00;1.9;;5.5;-2.6;-2.3;;;;;;;;;;;;;;;;;;103.3;100;;;;;;
STG;01.05.1923 00:00;6.5;;10.5;-1.7;-1.7;;;;;;;;;;;;;;;;;;112.3;72;;;;;;
STG;01.06.1923 00:00;6.6;;9.7;-6;-5.2;;;;;;;;;;;;;;;;;;211.8;124;;;;;;
STG;01.07.1923 00:00;12.8;;17.4;-0.1;-0.8;;;;;;;;;;;;;;;;;;88.4;51;;;;;;
STG;01.08.1923 00:00;11.1;;15.6;-1.6;-2.5;;;;;;;;;;;;;;;;;;106.2;57;;;;;;
STG;01.09.1923 00:00;8;;12.1;-1;-1.9;;;;;;;;;;;;;;;;;;84.8;62;;;;;;
STG;01.10.1923 00:00;6.5;;10.3;1.1;0.2;;;;;;;;;;;;;;;;;;104;99;;;;;;
STG;01.11.1923 00:00;-0.6;;2.4;-1.9;-2.2;;;;;;;;;;;;;;;;;;127;137;;;;;;
STG;01.12.1923 00:00;-4.3;;-1.1;-2.4;-2.7;;;;;;;;;;;;;;;;;;147.1;163;;;;;;
STG;01.01.1924 00:00;-6.8;;-3.3;-3.5;-4.5;;;;;;;;;;;;;;;;;;38.8;58;;;;;;
STG;01.02.1924 00:00;-6.5;;-3.8;-4.6;-4.5;;;;;;;;;;;;;;;;;;19.8;31;;;;;;
STG;01.03.1924 00:00;-2.6;;1.3;-3.1;-3.6;;;;;;;;;;;;;;;;;;42.5;49;;;;;;
STG;01.04.1924 00:00;2.8;;5.9;-2.2;-1.4;;;;;;;;;;;;;;;;;;149.9;146;;;;;;
STG;01.05.1924 00:00;8.4;;11.6;-0.6;0.2;;;;;;;;;;;;;;;;;;256.7;164;;;;;;
STG;01.06.1924 00:00;9.8;;13.1;-2.6;-2;;;;;;;;;;;;;;;;;;286.4;168;;;;;;
STG;01.07.1924 00:00;11.5;;15;-2.5;-2.1;;;;;;;;;;;;;;;;;;317.7;182;;;;;;
STG;01.08.1924 00:00;9.2;;12.2;-5;-4.4;;;;;;;;;;;;;;;;;;259.5;140;;;;;;
STG;01.09.1924 00:00;8.8;;12.3;-0.8;-1.1;;;;;;;;;;;;;;;;;;87.3;63;;;;;;
STG;01.10.1924 00:00;4.8;;8.4;-0.8;-1.5;;;;;;;;;;;;;;;;;;53.1;51;;;;;;
STG;01.11.1924 00:00;-0.1;;2.9;-1.4;-1.7;;;;;;;;;;;;;;;;;;12.6;14;;;;;;
STG;01.12.1924 00:00;-3.1;;0.1;-1.2;-1.5;;;;;;;;;;;;;;;;;;38.6;43;;;;;;
STG;01.01.1925 00:00;-2.4;;1.2;1;-0.1;;;;;;;;;;;;;;;;;;31.6;47;;;;;;
STG;01.02.1925 00:00;-1.1;;2.2;1.4;0.9;;;;;;;;;;;;;;;;;;54.9;86;;;;;;
STG;01.03.1925 00:00;-4.1;;-1.1;-5.5;-5.1;;;;;;;;;;;;;;;;;;78.2;90;;;;;;
STG;01.04.1925 00:00;3.2;;6.1;-2;-1;;;;;;;;;;;;;;;;;;155.3;151;;;;;;
STG;01.05.1925 00:00;6.6;;10.5;-1.7;-1.6;;;;;;;;;;;;;;;;;;91.3;58;;;;;;
STG;01.06.1925 00:00;9.5;;13.8;-1.9;-2.3;;;;;;;;;;;;;;;;;;148.5;87;;;;;;
STG;01.07.1925 00:00;11.3;;15;-2.5;-2.3;;;;;;;;;;;;;;;;;;156.8;90;;;;;;
STG;01.08.1925 00:00;11.1;;14.6;-2.6;-2.5;;;;;;;;;;;;;;;;;;141.6;76;;;;;;
STG;01.09.1925 00:00;6.2;;9.7;-3.4;-3.7;;;;;;;;;;;;;;;;;;160.7;117;;;;;;
STG;01.10.1925 00:00;4.5;;8.1;-1.1;-1.8;;;;;;;;;;;;;;;;;;61.1;58;;;;;;
STG;01.11.1925 00:00;-1.6;;1.1;-3.2;-3.2;;;;;;;;;;;;;;;;;;67;72;;;;;;
STG;01.12.1925 00:00;-4.2;;0.1;-1.2;-2.6;;;;;;;;;;;;;;;;;;115.2;127;;;;;;
STG;01.01.1926 00:00;-4.3;;-0.7;-0.9;-2;;;;;;;;;;;;;;;;;;69.2;104;;;;;;
STG;01.02.1926 00:00;1.1;;4.3;3.5;3.1;;;;;;;;;;;;;;;;;;34.6;54;;;;;;
STG;01.03.1926 00:00;0.1;;2.8;-1.6;-0.9;;;;;;;;;;;;;;;;;;91.7;105;;;;;;
STG;01.04.1926 00:00;3.5;;7.6;-0.5;-0.7;;;;;;;;;;;;;;;;;;36.3;35;;;;;;
STG;01.05.1926 00:00;5.7;;8.7;-3.5;-2.5;;;;;;;;;;;;;;;;;;229.2;146;;;;;;
STG;01.06.1926 00:00;8;;11.1;-4.6;-3.8;;;;;;;;;;;;;;;;;;345.4;203;;;;;;
STG;01.07.1926 00:00;11.6;;14.6;-2.9;-2;;;;;;;;;;;;;;;;;;254.4;146;;;;;;
STG;01.08.1926 00:00;10.6;;14.7;-2.5;-3;;;;;;;;;;;;;;;;;;67.8;37;;;;;;
STG;01.09.1926 00:00;10.3;;14.1;1;0.4;;;;;;;;;;;;;;;;;;44;32;;;;;;
STG;01.10.1926 00:00;4.6;;8.5;-0.7;-1.7;;;;;;;;;;;;;;;;;;112;107;;;;;;
STG;01.11.1926 00:00;1.3;;5.7;1.4;-0.3;;;;;;;;;;;;;;;;;;84.7;91;;;;;;
STG;01.12.1926 00:00;-4.5;;-1.7;-3;-2.9;;;;;;;;;;;;;;;;;;54.4;60;;;;;;
STG;01.01.1927 00:00;-3.7;;-0.3;-0.5;-1.4;;;;;;;;;;;;;;;;;;107.7;161;;;;;;
STG;01.02.1927 00:00;-5.4;;-1.3;-2.1;-3.4;;;;;;;;;;;;;;;;;;60.5;94;;;;;;
STG;01.03.1927 00:00;0.2;;3.5;-0.9;-0.8;;;;;;;;;;;;;;;;;;106.2;122;;;;;;
STG;01.04.1927 00:00;3.3;;6.4;-1.7;-0.9;;;;;;;;;;;;;;;;;;179.1;174;;;;;;
STG;01.05.1927 00:00;6.7;;10.9;-1.3;-1.5;;;;;;;;;;;;;;;;;;111.4;71;;;;;;
STG;01.06.1927 00:00;9.8;;13.7;-2;-2;;;;;;;;;;;;;;;;;;239.6;141;;;;;;
STG;01.07.1927 00:00;11.6;;15.5;-2;-2;;;;;;;;;;;;;;;;;;187.9;108;;;;;;
STG;01.08.1927 00:00;10.9;;14.4;-2.8;-2.7;;;;;;;;;;;;;;;;;;252.7;136;;;;;;
STG;01.09.1927 00:00;9;;12.3;-0.8;-0.9;;;;;;;;;;;;;;;;;;212.4;154;;;;;;
STG;01.10.1927 00:00;3.8;;7.2;-2;-2.5;;;;;;;;;;;;;;;;;;22.5;21;;;;;;
STG;01.11.1927 00:00;-0.4;;2.9;-1.4;-2;;;;;;;;;;;;;;;;;;72.7;78;;;;;;
STG;01.12.1927 00:00;-4.5;;-1.8;-3.1;-2.9;;;;;;;;;;;;;;;;;;51.2;57;;;;;;
STG;01.01.1928 00:00;-1.9;;1.6;1.4;0.4;;;;;;;;;;;;;;;;;;60.3;90;;;;;;
STG;01.02.1928 00:00;-2.7;;1.1;0.3;-0.7;;;;;;;;;;;;;;;;;;92.2;144;;;;;;
STG;01.03.1928 00:00;-0.8;;2.7;-1.7;-1.8;;;;;;;;;;;;;;;;;;52.6;60;;;;;;
STG;01.04.1928 00:00;2.3;;6.3;-1.8;-1.9;;;;;;;;;;;;;;;;;;111.3;108;;;;;;
STG;01.05.1928 00:00;4.3;;7.7;-4.5;-3.9;;;;;;;;;;;;;;;;;;136.6;87;;;;;;
STG;01.06.1928 00:00;9.8;;13.9;-1.8;-2;;;;;;;;;;;;;;;;;;172.1;101;;;;;;
STG;01.07.1928 00:00;13.6;;18.5;1;0;;;;;;;;;;;;;;;;;;74.4;43;;;;;;
STG;01.08.1928 00:00;12.1;;15.9;-1.3;-1.5;;;;;;;;;;;;;;;;;;233.7;126;;;;;;
STG;01.09.1928 00:00;8.6;;11.6;-1.5;-1.3;;;;;;;;;;;;;;;;;;101.3;74;;;;;;
STG;01.10.1928 00:00;3.9;;7.9;-1.3;-2.4;;;;;;;;;;;;;;;;;;100.5;96;;;;;;
STG;01.11.1928 00:00;1.4;;4.6;0.3;-0.2;;;;;;;;;;;;;;;;;;129.4;140;;;;;;
STG;01.12.1928 00:00;-4.9;;-1.3;-2.6;-3.3;;;;;;;;;;;;;;;;;;83;92;;;;;;
STG;01.01.1929 00:00;-10;;-6.2;-6.4;-7.7;;;;;;;;;;;;;;;;;;73.8;110;;;;;;
STG;01.02.1929 00:00;-13;;-8.7;-9.5;-11;;;;;;;;;;;;;;;;;;30.8;48;;;;;;
STG;01.03.1929 00:00;-1.9;;2.1;-2.3;-2.9;;;;;;;;;;;;;;;;;;25.4;29;;;;;;
STG;01.04.1929 00:00;0.2;;3.3;-4.8;-4;;;;;;;;;;;;;;;;;;153.1;149;;;;;;
STG;01.05.1929 00:00;7.3;;11;-1.2;-0.9;;;;;;;;;;;;;;;;;;56.5;36;;;;;;
STG;01.06.1929 00:00;10.6;;14.2;-1.5;-1.2;;;;;;;;;;;;;;;;;;206;121;;;;;;
STG;01.07.1929 00:00;12.1;;16.3;-1.2;-1.5;;;;;;;;;;;;;;;;;;151.8;87;;;;;;
STG;01.08.1929 00:00;11.5;;15;-2.2;-2.1;;;;;;;;;;;;;;;;;;232.2;125;;;;;;
STG;01.09.1929 00:00;10.3;;14.7;1.6;0.4;;;;;;;;;;;;;;;;;;48.9;35;;;;;;
STG;01.10.1929 00:00;4.8;;8.9;-0.3;-1.5;;;;;;;;;;;;;;;;;;130.1;124;;;;;;
STG;01.11.1929 00:00;0.3;;4.1;-0.2;-1.3;;;;;;;;;;;;;;;;;;39;42;;;;;;
STG;01.12.1929 00:00;-1.6;;2.5;1.2;0;;;;;;;;;;;;;;;;;;112.4;124;;;;;;
STG;01.01.1930 00:00;-2.5;;1.4;1.2;-0.2;;;;;;;;;;;;;;;;;;28.9;43;;;;;;
STG;01.02.1930 00:00;-5.3;;-1.7;-2.5;-3.3;;;;;;;;;;;;;;;;;;23.1;36;;;;;;
STG;01.03.1930 00:00;0.1;;3.6;-0.8;-0.9;;;;;;;;;;;;;;;;;;72;82;;;;;;
STG;01.04.1930 00:00;3.2;;6.5;-1.6;-1;;;;;;;;;;;;;;;;;;179.6;175;;;;;;
STG;01.05.1930 00:00;6.1;;9.3;-2.9;-2.1;;;;;;;;;;;;;;;;;;279.8;179;;;;;;
STG;01.06.1930 00:00;12.2;;16.4;0.7;0.4;;;;;;;;;;;;;;;;;;69.9;41;;;;;;
STG;01.07.1930 00:00;11.1;;14.5;-3;-2.5;;;;;;;;;;;;;;;;;;358.1;205;;;;;;
STG;01.08.1930 00:00;11;;14.8;-2.4;-2.6;;;;;;;;;;;;;;;;;;182.9;99;;;;;;
STG;01.09.1930 00:00;9.2;;12.7;-0.4;-0.7;;;;;;;;;;;;;;;;;;174.6;127;;;;;;
STG;01.10.1930 00:00;3.9;;7.6;-1.6;-2.4;;;;;;;;;;;;;;;;;;186.6;178;;;;;;
STG;01.11.1930 00:00;2.2;;6.4;2.1;0.6;;;;;;;;;;;;;;;;;;120.3;130;;;;;;
STG;01.12.1930 00:00;-3.2;;0;-1.3;-1.6;;;;;;;;;;;;;;;;;;46.7;52;;;;;;
STG;01.01.1931 00:00;-5.1;;-1.3;-1.5;-2.8;;;;;;;;;;;;;;;;;;107.2;160;;;;;;
STG;01.02.1931 00:00;-6.5;;-2.5;-3.3;-4.5;;;;;;;;;;;;;;;;;;124.3;194;;;;;;
STG;01.03.1931 00:00;-5.5;;-1.6;-6;-6.5;;;;;;;;;;;;;;;;;;131.2;150;;;;;;
STG;01.04.1931 00:00;1.6;;4.5;-3.6;-2.6;;;;;;;;;;;;;;;;;;102.8;100;;;;;;
STG;01.05.1931 00:00;8.5;;12.9;0.7;0.3;;;;;;;;;;;;;;;;;;132.1;84;;;;;;
STG;01.06.1931 00:00;11.5;;15.8;0.1;-0.3;;;;;;;;;;;;;;;;;;156.1;92;;;;;;
STG;01.07.1931 00:00;11.2;;14.9;-2.6;-2.4;;;;;;;;;;;;;;;;;;258.8;148;;;;;;
STG;01.08.1931 00:00;10.2;;13.4;-3.8;-3.4;;;;;;;;;;;;;;;;;;218.1;118;;;;;;
STG;01.09.1931 00:00;4.4;;7.9;-5.2;-5.5;;;;;;;;;;;;;;;;;;124.5;90;;;;;;
STG;01.10.1931 00:00;2.3;;6.3;-2.9;-4;;;;;;;;;;;;;;;;;;108.9;104;;;;;;
STG;01.11.1931 00:00;1;;4.5;0.2;-0.6;;;;;;;;;;;;;;;;;;29.4;32;;;;;;
STG;01.12.1931 00:00;-5.9;;-2.1;-3.4;-4.3;;;;;;;;;;;;;;;;;;59;65;;;;;;
STG;01.01.1932 00:00;-4.1;;-0.3;-0.5;-1.8;;;;;;;;;;;;;;;;;;89.8;134;;;;;;
STG;01.02.1932 00:00;-9.5;;-5.8;-6.6;-7.5;;;;;;;;;;;;;;;;;;32.3;50;;;;;;
STG;01.03.1932 00:00;-4.4;;-0.5;-4.9;-5.4;;;;;;;;;;;;;;;;;;66.7;76;;;;;;
STG;01.04.1932 00:00;1.3;;5;-3.1;-2.9;;;;;;;;;;;;;;;;;;117.2;114;;;;;;
STG;01.05.1932 00:00;6.3;;9.7;-2.5;-1.9;;;;;;;;;;;;;;;;;;219.7;140;;;;;;
STG;01.06.1932 00:00;8.5;;12.5;-3.2;-3.3;;;;;;;;;;;;;;;;;;230.4;135;;;;;;
STG;01.07.1932 00:00;12;;15;-2.5;-1.6;;;;;;;;;;;;;;;;;;276.9;159;;;;;;
STG;01.08.1932 00:00;13.5;;17.5;0.3;-0.1;;;;;;;;;;;;;;;;;;127.5;69;;;;;;
STG;01.09.1932 00:00;11.8;;15.4;2.3;1.9;;;;;;;;;;;;;;;;;;115.7;84;;;;;;
STG;01.10.1932 00:00;4.5;;8;-1.2;-1.8;;;;;;;;;;;;;;;;;;144.9;138;;;;;;
STG;01.11.1932 00:00;0.7;;3.5;-0.8;-0.9;;;;;;;;;;;;;;;;;;47.8;52;;;;;;
STG;01.12.1932 00:00;-2.8;;0.4;-0.9;-1.2;;;;;;;;;;;;;;;;;;20.5;23;;;;;;
STG;01.01.1933 00:00;-6.8;;-3.7;-3.9;-4.5;;;;;;;;;;;;;;;;;;56.4;84;;;;;;
STG;01.02.1933 00:00;-4.9;;-1.1;-1.9;-2.9;;;;;;;;;;;;;;;;;;69.8;109;;;;;;
STG;01.03.1933 00:00;-0.4;;3.4;-1;-1.4;;;;;;;;;;;;;;;;;;66.8;77;;;;;;
STG;01.04.1933 00:00;3.1;;6.1;-2;-1.1;;;;;;;;;;;;;;;;;;78.5;76;;;;;;
STG;01.05.1933 00:00;6;;8.8;-3.4;-2.2;;;;;;;;;;;;;;;;;;240.5;154;;;;;;
STG;01.06.1933 00:00;8.1;;11.2;-4.5;-3.7;;;;;;;;;;;;;;;;;;302.2;178;;;;;;
STG;01.07.1933 00:00;12.2;;16.3;-1.2;-1.4;;;;;;;;;;;;;;;;;;224.9;129;;;;;;
STG;01.08.1933 00:00;11.9;;16.1;-1.1;-1.7;;;;;;;;;;;;;;;;;;59.8;32;;;;;;
STG;01.09.1933 00:00;8.7;;12.5;-0.6;-1.2;;;;;;;;;;;;;;;;;;77.4;56;;;;;;
STG;01.10.1933 00:00;4.7;;8.1;-1.1;-1.6;;;;;;;;;;;;;;;;;;129.4;123;;;;;;
STG;01.11.1933 00:00;-0.7;;2.3;-2;-2.3;;;;;;;;;;;;;;;;;;78;84;;;;;;
STG;01.12.1933 00:00;-8.2;;-5.6;-6.9;-6.6;;;;;;;;;;;;;;;;;;23.6;26;;;;;;
STG;01.01.1934 00:00;-4.6;;-1.5;-1.7;-2.3;;;;;;;;;;;;;;;;;;88.3;132;;;;;;
STG;01.02.1934 00:00;-5.1;;-1.6;-2.4;-3.1;;;;;;;;;;;;;;;;;;15.5;24;;;;;;
STG;01.03.1934 00:00;-0.6;;2.5;-1.9;-1.6;;;;;;;;;;;;;;;;;;53.7;62;;;;;;
STG;01.04.1934 00:00;5;;9.2;1.1;0.8;;;;;;;;;;;;;;;;;;22.9;22;;;;;;
STG;01.05.1934 00:00;8.3;;12.1;-0.1;0.1;;;;;;;;;;;;;;;;;;97.7;62;;;;;;
STG;01.06.1934 00:00;10;;14;-1.7;-1.8;;;;;;;;;;;;;;;;;;231.5;136;;;;;;
STG;01.07.1934 00:00;12.7;;16.5;-1;-0.9;;;;;;;;;;;;;;;;;;172.6;99;;;;;;
STG;01.08.1934 00:00;11.2;;14.3;-2.9;-2.4;;;;;;;;;;;;;;;;;;317.4;171;;;;;;
STG;01.09.1934 00:00;10.4;;13.9;0.8;0.5;;;;;;;;;;;;;;;;;;216.7;157;;;;;;
STG;01.10.1934 00:00;4.4;;8;-1.2;-1.9;;;;;;;;;;;;;;;;;;98.4;94;;;;;;
STG;01.11.1934 00:00;-0.8;;2.4;-1.9;-2.4;;;;;;;;;;;;;;;;;;34.9;38;;;;;;
STG;01.12.1934 00:00;0.4;;3.7;2.4;2;;;;;;;;;;;;;;;;;;70.5;78;;;;;;
STG;01.01.1935 00:00;-6.8;;-3.6;-3.8;-4.5;;;;;;;;;;;;;;;;;;80.8;121;;;;;;
STG;01.02.1935 00:00;-2.6;;0.3;-0.5;-0.6;;;;;;;;;;;;;;;;;;135.1;210;;;;;;
STG;01.03.1935 00:00;-2.4;;1;-3.4;-3.4;;;;;;;;;;;;;;;;;;75.4;86;;;;;;
STG;01.04.1935 00:00;3;;5.4;-2.7;-1.2;;;;;;;;;;;;;;;;;;129;125;;;;;;
STG;01.05.1935 00:00;4.8;;8.4;-3.8;-3.4;;;;;;;;;;;;;;;;;;176.9;113;;;;;;
STG;01.06.1935 00:00;11.4;;15.8;0.1;-0.4;;;;;;;;;;;;;;;;;;126.6;74;;;;;;
STG;01.07.1935 00:00;12.7;;16.6;-0.9;-0.9;;;;;;;;;;;;;;;;;;120.5;69;;;;;;
STG;01.08.1935 00:00;10.5;;14.3;-2.9;-3.1;;;;;;;;;;;;;;;;;;222.6;120;;;;;;
STG;01.09.1935 00:00;9.3;;12.8;-0.3;-0.6;;;;;;;;;;;;;;;;;;110.4;80;;;;;;
STG;01.10.1935 00:00;5;;7.8;-1.4;-1.3;;;;;;;;;;;;;;;;;;202.4;193;;;;;;
STG;01.11.1935 00:00;1.1;;4.3;0;-0.5;;;;;;;;;;;;;;;;;;50.5;54;;;;;;
STG;01.12.1935 00:00;-5;;-1.3;-2.6;-3.4;;;;;;;;;;;;;;;;;;126.2;140;;;;;;
STG;01.01.1936 00:00;-0.4;;3.2;3;1.9;;;;;;;;;;;;;;;;;;100.4;150;;;;;;
STG;01.02.1936 00:00;-3.5;;-0.4;-1.2;-1.5;;;;;;;;;;;;;;;;;;72.2;112;;;;;;
STG;01.03.1936 00:00;1.4;;4.8;0.4;0.4;;;;;;;;;;;;;;;;;;43.9;50;;;;;;
STG;01.04.1936 00:00;2.7;;5.5;-2.6;-1.5;;;;;;;;;;;;;;;;;;193.4;188;;;;;;
STG;01.05.1936 00:00;7.4;;10.3;-1.9;-0.8;;;;;;;;;;;;;;;;;;72.8;47;;;;;;
STG;01.06.1936 00:00;10.3;;13.5;-2.2;-1.5;;;;;;;;;;;;;;;;;;166;98;;;;;;
STG;01.07.1936 00:00;11.7;;14.8;-2.7;-1.9;;;;;;;;;;;;;;;;;;283.3;162;;;;;;
STG;01.08.1936 00:00;11;;14.5;-2.7;-2.6;;;;;;;;;;;;;;;;;;126;68;;;;;;
STG;01.09.1936 00:00;9.7;;12.2;-0.9;-0.2;;;;;;;;;;;;;;;;;;188.8;137;;;;;;
STG;01.10.1936 00:00;1.4;;4.4;-4.8;-4.9;;;;;;;;;;;;;;;;;;95.1;91;;;;;;
STG;01.11.1936 00:00;0.2;;2.9;-1.4;-1.4;;;;;;;;;;;;;;;;;;49.6;54;;;;;;
STG;01.12.1936 00:00;-2.8;;0.5;-0.8;-1.2;;;;;;;;;;;;;;;;;;46.5;51;;;;;;
STG;01.01.1937 00:00;-3.2;;-0.5;-0.7;-0.9;;;;;;;;;;;;;;;;;;58.3;87;;;;;;
STG;01.02.1937 00:00;-0.1;;2;1.2;1.9;;;;;;;;;;;;;;;;;;126.7;197;;;;;;
STG;01.03.1937 00:00;-0.7;;2.3;-2.1;-1.7;;;;;;;;;;;;;;;;;;79.5;91;;;;;;
STG;01.04.1937 00:00;3;;5.9;-2.2;-1.2;;;;;;;;;;;;;;;;;;91.8;89;;;;;;
STG;01.05.1937 00:00;8.2;;12.4;0.2;0;;;;;;;;;;;;;;;;;;138.7;89;;;;;;
STG;01.06.1937 00:00;11.2;;15;-0.7;-0.6;;;;;;;;;;;;;;;;;;191.9;113;;;;;;
STG;01.07.1937 00:00;12.1;;16.3;-1.2;-1.5;;;;;;;;;;;;;;;;;;154.1;88;;;;;;
STG;01.08.1937 00:00;11.8;;15.3;-1.9;-1.8;;;;;;;;;;;;;;;;;;227.9;123;;;;;;
STG;01.09.1937 00:00;8.3;;11.4;-1.7;-1.6;;;;;;;;;;;;;;;;;;206.2;150;;;;;;
STG;01.10.1937 00:00;4.6;;8.2;-1;-1.7;;;;;;;;;;;;;;;;;;56.6;54;;;;;;
STG;01.11.1937 00:00;-0.4;;2.6;-1.7;-2;;;;;;;;;;;;;;;;;;84.7;91;;;;;;
STG;01.12.1937 00:00;-4.2;;-1.5;-2.8;-2.6;;;;;;;;;;;;;;;;;;64.7;72;;;;;;
STG;01.01.1938 00:00;-3.6;;0;-0.2;-1.3;;;;;;;;;;;;;;;;;;127.3;191;;;;;;
STG;01.02.1938 00:00;-4.6;;-1.4;-2.2;-2.6;;;;;;;;;;;;;;;;;;38.5;60;;;;;;
STG;01.03.1938 00:00;1.2;;5.1;0.7;0.2;;;;;;;;;;;;;;;;;;60.9;70;;;;;;
STG;01.04.1938 00:00;-0.5;;2.8;-5.3;-4.7;;;;;;;;;;;;;;;;;;93;90;;;;;;
STG;01.05.1938 00:00;4.9;;8.6;-3.6;-3.3;;;;;;;;;;;;;;;;;;167.2;107;;;;;;
STG;01.06.1938 00:00;11;;15.4;-0.3;-0.8;;;;;;;;;;;;;;;;;;161.9;95;;;;;;
STG;01.07.1938 00:00;12;;15.4;-2.1;-1.6;;;;;;;;;;;;;;;;;;249.9;143;;;;;;
STG;01.08.1938 00:00;11.7;;15.1;-2.1;-1.9;;;;;;;;;;;;;;;;;;291.9;158;;;;;;
STG;01.09.1938 00:00;8.7;;12.4;-0.7;-1.2;;;;;;;;;;;;;;;;;;96.6;70;;;;;;
STG;01.10.1938 00:00;4.4;;7.6;-1.6;-1.9;;;;;;;;;;;;;;;;;;65.9;63;;;;;;
STG;01.11.1938 00:00;1.6;;5.4;1.1;0;;;;;;;;;;;;;;;;;;32.1;35;;;;;;
STG;01.12.1938 00:00;-6;;-2.7;-4;-4.4;;;;;;;;;;;;;;;;;;83.6;92;;;;;;
STG;01.01.1939 00:00;-2.3;;1;0.8;0;;;;;;;;;;;;;;;;;;40.5;61;;;;;;
STG;01.02.1939 00:00;-3.5;;0;-0.8;-1.5;;;;;;;;;;;;;;;;;;27.1;42;;;;;;
STG;01.03.1939 00:00;-2.6;;0.1;-4.3;-3.6;;;;;;;;;;;;;;;;;;129.6;148;;;;;;
STG;01.04.1939 00:00;4.5;;7.5;-0.6;0.3;;;;;;;;;;;;;;;;;;49.2;48;;;;;;
STG;01.05.1939 00:00;5.8;;7.6;-4.6;-2.4;;;;;;;;;;;;;;;;;;307.2;196;;;;;;
STG;01.06.1939 00:00;10.1;;13.9;-1.8;-1.7;;;;;;;;;;;;;;;;;;172.8;102;;;;;;
STG;01.07.1939 00:00;11.3;;14.9;-2.6;-2.3;;;;;;;;;;;;;;;;;;215.3;123;;;;;;
STG;01.08.1939 00:00;12;;15.5;-1.7;-1.6;;;;;;;;;;;;;;;;;;105.5;57;;;;;;
STG;01.09.1939 00:00;8.7;;11.2;-1.9;-1.2;;;;;;;;;;;;;;;;;;167.5;122;;;;;;
STG;01.10.1939 00:00;3.9;;6.6;-2.6;-2.4;;;;;;;;;;;;;;;;;;246.3;235;;;;;;
STG;01.11.1939 00:00;2;;5.2;0.9;0.4;;;;;;;;;;;;;;;;;;95.5;103;;;;;;
STG;01.12.1939 00:00;-5.2;;-2.3;-3.6;-3.6;;;;;;;;;;;;;;;;;;84.2;93;;;;;;
STG;01.01.1940 00:00;-11;;-7.3;-7.5;-8.7;;;;;;;;;;;;;;;;;;71.8;107;;;;;;
STG;01.02.1940 00:00;-4.8;;-1;-1.8;-2.8;;;;;;;;;;;;;;;;;;95.4;149;;;;;;
STG;01.03.1940 00:00;-0.8;;2.6;-1.8;-1.8;;;;;;;;;;;;;;;;;;105.3;121;;;;;;
STG;01.04.1940 00:00;3.3;;6.7;-1.4;-0.9;;;;;;;;;;;;;;;;;;103.3;100;;;;;;
STG;01.05.1940 00:00;6.1;;9.9;-2.3;-2.1;;;;;;;;;;;;;;;;;;305.2;195;;;;;;
STG;01.06.1940 00:00;9.2;;13.4;-2.3;-2.6;;;;;;;;;;;;;;;;;;175.1;103;;;;;;
STG;01.07.1940 00:00;11.3;;14.6;-2.9;-2.3;;;;;;;;;;;;;;;;;;224.5;129;;;;;;
STG;01.08.1940 00:00;10;;13.5;-3.7;-3.6;;;;;;;;;;;;;;;;;;160.3;87;;;;;;
STG;01.09.1940 00:00;8.8;;12.4;-0.7;-1.1;;;;;;;;;;;;;;;;;;266.2;193;;;;;;
STG;01.10.1940 00:00;4.4;;7.2;-2;-1.9;;;;;;;;;;;;;;;;;;65.8;63;;;;;;
STG;01.11.1940 00:00;1.4;;4.3;0;-0.2;;;;;;;;;;;;;;;;;;127.3;137;;;;;;
STG;01.12.1940 00:00;-8.6;;-5.1;-6.4;-7;;;;;;;;;;;;;;;;;;90.5;100;;;;;;
STG;01.01.1941 00:00;-6.9;;-4.3;-4.5;-4.6;;;;;;;;;;;;;;;;;;85.2;128;;;;;;
STG;01.02.1941 00:00;-3.3;;0.1;-0.7;-1.3;;;;;;;;;;;;;;;;;;52.9;82;;;;;;
STG;01.03.1941 00:00;-0.2;;3.1;-1.3;-1.2;;;;;;;;;;;;;;;;;;54.7;63;;;;;;
STG;01.04.1941 00:00;1.6;;4.3;-3.8;-2.6;;;;;;;;;;;;;;;;;;82.1;80;;;;;;
STG;01.05.1941 00:00;3.7;;7.2;-5;-4.5;;;;;;;;;;;;;;;;;;194.2;124;;;;;;
STG;01.06.1941 00:00;10.2;;14.3;-1.4;-1.6;;;;;;;;;;;;;;;;;;161.1;95;;;;;;
STG;01.07.1941 00:00;12.8;;16.8;-0.7;-0.8;;;;;;;;;;;;;;;;;;141.6;81;;;;;;
STG;01.08.1941 00:00;11;;14.2;-3;-2.6;;;;;;;;;;;;;;;;;;281.4;152;;;;;;
STG;01.09.1941 00:00;7;;10.9;-2.2;-2.9;;;;;;;;;;;;;;;;;;53.9;39;;;;;;
STG;01.10.1941 00:00;4;;6.9;-2.3;-2.3;;;;;;;;;;;;;;;;;;144.4;138;;;;;;
STG;01.11.1941 00:00;-1.1;;2;-2.3;-2.7;;;;;;;;;;;;;;;;;;63.4;68;;;;;;
STG;01.12.1941 00:00;-3.9;;-0.4;-1.7;-2.3;;;;;;;;;;;;;;;;;;50.2;56;;;;;;
STG;01.01.1942 00:00;-9.9;;-6.2;-6.4;-7.6;;;;;;;;;;;;;;;;;;97.7;146;;;;;;
STG;01.02.1942 00:00;-7.9;;-4.7;-5.5;-5.9;;;;;;;;;;;;;;;;;;43.5;68;;;;;;
STG;01.03.1942 00:00;0.3;;3.2;-1.2;-0.7;;;;;;;;;;;;;;;;;;99.8;114;;;;;;
STG;01.04.1942 00:00;3;;6.2;-1.9;-1.2;;;;;;;;;;;;;;;;;;68.6;67;;;;;;
STG;01.05.1942 00:00;6.9;;11;-1.2;-1.3;;;;;;;;;;;;;;;;;;180.3;115;;;;;;
STG;01.06.1942 00:00;9.3;;13.8;-1.9;-2.5;;;;;;;;;;;;;;;;;;121.2;71;;;;;;
STG;01.07.1942 00:00;11.9;;15.3;-2.2;-1.7;;;;;;;;;;;;;;;;;;205.1;118;;;;;;
STG;01.08.1942 00:00;11.1;;15.5;-1.7;-2.5;;;;;;;;;;;;;;;;;;155.2;84;;;;;;
STG;01.09.1942 00:00;10.4;;14.3;1.2;0.5;;;;;;;;;;;;;;;;;;109;79;;;;;;
STG;01.10.1942 00:00;6.8;;10.8;1.6;0.5;;;;;;;;;;;;;;;;;;77.9;74;;;;;;
STG;01.11.1942 00:00;-1.7;;1.1;-3.2;-3.3;;;;;;;;;;;;;;;;;;63.2;68;;;;;;
STG;01.12.1942 00:00;-1.7;;1.3;0;-0.1;;;;;;;;;;;;;;;;;;28;31;;;;;;
STG;01.01.1943 00:00;-4.5;;-0.8;-1;-2.2;;;;;;;;;;;;;;;;;;72.4;108;;;;;;
STG;01.02.1943 00:00;-2.3;;1;0.2;-0.3;;;;;;;;;;;;;;;;;;52.8;82;;;;;;
STG;01.03.1943 00:00;0.9;;4.7;0.3;-0.1;;;;;;;;;;;;;;;;;;59;68;;;;;;
STG;01.04.1943 00:00;4.2;;7.7;-0.4;0;;;;;;;;;;;;;;;;;;83.6;81;;;;;;
STG;01.05.1943 00:00;7.3;;11.3;-0.9;-0.9;;;;;;;;;;;;;;;;;;69.8;45;;;;;;
STG;01.06.1943 00:00;9.6;;12.5;-3.2;-2.2;;;;;;;;;;;;;;;;;;179.4;105;;;;;;
STG;01.07.1943 00:00;11.4;;15.9;-1.6;-2.2;;;;;;;;;;;;;;;;;;141.8;81;;;;;;
STG;01.08.1943 00:00;12.4;;17.1;-0.1;-1.2;;;;;;;;;;;;;;;;;;55.8;30;;;;;;
STG;01.09.1943 00:00;9.5;;13.2;0.1;-0.4;;;;;;;;;;;;;;;;;;129.3;94;;;;;;
STG;01.10.1943 00:00;6.1;;9.4;0.2;-0.2;;;;;;;;;;;;;;;;;;2.7;3;;;;;;
STG;01.11.1943 00:00;-0.8;;2;-2.3;-2.4;;;;;;;;;;;;;;;;;;100.9;109;;;;;;
STG;01.12.1943 00:00;-2.4;;-0.1;-1.4;-0.8;;;;;;;;;;;;;;;;;;23.2;26;;;;;;
STG;01.01.1944 00:00;-2;;1.2;1;0.3;;;;;;;;;;;;;;;;;;72.5;109;;;;;;
STG;01.02.1944 00:00;-5.8;;-3;-3.8;-3.8;;;;;;;;;;;;;;;;;;128.9;201;;;;;;
STG;01.03.1944 00:00;-3.4;;-0.5;-4.9;-4.4;;;;;;;;;;;;;;;;;;87.9;101;;;;;;
STG;01.04.1944 00:00;4.1;;7.8;-0.3;-0.1;;;;;;;;;;;;;;;;;;78;76;;;;;;
STG;01.05.1944 00:00;6.3;;10.1;-2.1;-1.9;;;;;;;;;;;;;;;;;;169.3;108;;;;;;
STG;01.06.1944 00:00;9.5;;12.4;-3.3;-2.3;;;;;;;;;;;;;;;;;;205.4;121;;;;;;
STG;01.07.1944 00:00;12.1;;15.5;-2;-1.5;;;;;;;;;;;;;;;;;;130.2;75;;;;;;
STG;01.08.1944 00:00;13.9;;18.2;1;0.3;;;;;;;;;;;;;;;;;;178.2;96;;;;;;
STG;01.09.1944 00:00;8.6;;11.6;-1.5;-1.3;;;;;;;;;;;;;;;;;;168.5;122;;;;;;
STG;01.10.1944 00:00;4.5;;7.2;-2;-1.8;;;;;;;;;;;;;;;;;;93.2;89;;;;;;
STG;01.11.1944 00:00;0.5;;3.4;-0.9;-1.1;;;;;;;;;;;;;;;;;;204.1;220;;;;;;
STG;01.12.1944 00:00;-4.5;;-1.6;-2.9;-2.9;;;;;;;;;;;;;;;;;;54.3;60;;;;;;
STG;01.01.1945 00:00;-11;;-6.7;-6.9;-8.7;;;;;;;;;;;;;;;;;;63.9;96;;;;;;
STG;01.02.1945 00:00;0.2;;3.1;2.3;2.2;;;;;;;;;;;;;;;;;;50.2;78;;;;;;
STG;01.03.1945 00:00;1.4;;4.4;0;0.4;;;;;;;;;;;;;;;;;;125;143;;;;;;
STG;01.04.1945 00:00;3.9;;7.7;-0.4;-0.3;;;;;;;;;;;;;;;;;;149.9;146;;;;;;
STG;01.05.1945 00:00;8.7;;12.9;0.7;0.5;;;;;;;;;;;;;;;;;;141.6;90;;;;;;
STG;01.06.1945 00:00;11.6;;15.9;0.2;-0.2;;;;;;;;;;;;;;;;;;131.6;77;;;;;;
STG;01.07.1945 00:00;12.4;;16.5;-1;-1.2;;;;;;;;;;;;;;;;;;112.1;64;;;;;;
STG;01.08.1945 00:00;11.4;;14.8;-2.4;-2.2;;;;;;;;;;;;;;;;;;210.6;114;;;;;;
STG;01.09.1945 00:00;9.5;;12.8;-0.3;-0.4;;;;;;;;;;;;;;;;;;195.3;142;;;;;;
STG;01.10.1945 00:00;4.3;;8.2;-1;-2;;;;;;;;;;;;;;;;;;64.7;62;;;;;;
STG;01.11.1945 00:00;-1.6;;1.1;-3.2;-3.2;;;;;;;;;;;;;;;;;;66.8;72;;;;;;
STG;01.12.1945 00:00;-3;;0.4;-0.9;-1.4;;;;;;;;;;;;;;;;;;117.4;130;;;;;;
STG;01.01.1946 00:00;-6.7;;-3;-3.2;-4.4;;;;;;;;;;;;;;;;;;31.9;48;;;;;;
STG;01.02.1946 00:00;-0.1;;2.6;1.8;1.9;;;;;;;;;;;;;;;;;;95.7;149;;;;;;
STG;01.03.1946 00:00;1;;3.9;-0.5;0;;;;;;;;;;;;;;;;;;26;30;;;;;;
STG;01.04.1946 00:00;4.3;;8.9;0.8;0.1;;;;;;;;;;;;;;;;;;36.4;35;;;;;;
STG;01.05.1946 00:00;8.4;;12;-0.2;0.2;;;;;;;;;;;;;;;;;;162.2;104;;;;;;
STG;01.06.1946 00:00;10;;12.9;-2.8;-1.8;;;;;;;;;;;;;;;;;;232.8;137;;;;;;
STG;01.07.1946 00:00;12.8;;16.4;-1.1;-0.8;;;;;;;;;;;;;;;;;;289.5;166;;;;;;
STG;01.08.1946 00:00;11.2;;14.9;-2.3;-2.4;;;;;;;;;;;;;;;;;;167.3;90;;;;;;
STG;01.09.1946 00:00;8.9;;12.8;-0.3;-1;;;;;;;;;;;;;;;;;;96.8;70;;;;;;
STG;01.10.1946 00:00;3.6;;6.5;-2.7;-2.7;;;;;;;;;;;;;;;;;;49;47;;;;;;
STG;01.11.1946 00:00;-0.1;;3;-1.3;-1.7;;;;;;;;;;;;;;;;;;35;38;;;;;;
STG;01.12.1946 00:00;-4.9;;-2.1;-3.4;-3.3;;;;;;;;;;;;;;;;;;51.7;57;;;;;;
STG;01.01.1947 00:00;-7.6;;-4.2;-4.4;-5.3;;;;;;;;;;;;;;;;;;79.2;119;;;;;;
STG;01.02.1947 00:00;-5.7;;-3.2;-4;-3.7;;;;;;;;;;;;;;;;;;45;70;;;;;;
STG;01.03.1947 00:00;0.6;;4;-0.4;-0.4;;;;;;;;;;;;;;;;;;131.3;150;;;;;;
STG;01.04.1947 00:00;5.2;;9.2;1.1;1;;;;;;;;;;;;;;;;;;36.6;36;;;;;;
STG;01.05.1947 00:00;8.7;;12.7;0.5;0.5;;;;;;;;;;;;;;;;;;99.1;63;;;;;;
STG;01.06.1947 00:00;11.3;;15.7;0;-0.5;;;;;;;;;;;;;;;;;;96.9;57;;;;;;
STG;01.07.1947 00:00;13.2;;17.4;-0.1;-0.4;;;;;;;;;;;;;;;;;;178.8;103;;;;;;
STG;01.08.1947 00:00;12.3;;17.1;-0.1;-1.3;;;;;;;;;;;;;;;;;;73.5;40;;;;;;
STG;01.09.1947 00:00;9.7;;14.4;1.3;-0.2;;;;;;;;;;;;;;;;;;67;49;;;;;;
STG;01.10.1947 00:00;4;;7.6;-1.6;-2.3;;;;;;;;;;;;;;;;;;58;55;;;;;;
STG;01.11.1947 00:00;2.2;;5.5;1.2;0.6;;;;;;;;;;;;;;;;;;208.4;225;;;;;;
STG;01.12.1947 00:00;-2.1;;0.8;-0.5;-0.5;;;;;;;;;;;;;;;;;;118.7;131;;;;;;
STG;01.01.1948 00:00;-0.6;;3;2.8;1.7;;;;;;;;;;;;;;;;;;118.1;177;;;;;;
STG;01.02.1948 00:00;-2.6;;0.3;-0.5;-0.6;;;;;;;;;;;;;;;;;;79.9;124;;;;;;
STG;01.03.1948 00:00;1.4;;5.4;1;0.4;;;;;;;;;;;;;;;;;;19.5;22;;;;;;
STG;01.04.1948 00:00;3.5;;7.2;-0.9;-0.7;;;;;;;;;;;;;;;;;;81.5;79;;;;;;
STG;01.05.1948 00:00;7.9;;11.7;-0.5;-0.3;;;;;;;;;;;;;;;;;;110.4;71;;;;;;
STG;01.06.1948 00:00;9.5;;13;-2.7;-2.3;;;;;;;;;;;;;;;;;;242.8;143;;;;;;
STG;01.07.1948 00:00;10.5;;13.4;-4.1;-3.1;;;;;;;;;;;;;;;;;;242.5;139;;;;;;
STG;01.08.1948 00:00;12.4;;15.2;-2;-1.2;;;;;;;;;;;;;;;;;;249.8;135;;;;;;
STG;01.09.1948 00:00;8.4;;12.2;-0.9;-1.5;;;;;;;;;;;;;;;;;;68.2;49;;;;;;
STG;01.10.1948 00:00;5.6;;8.7;-0.5;-0.7;;;;;;;;;;;;;;;;;;39.9;38;;;;;;
STG;01.11.1948 00:00;0.5;;3.5;-0.8;-1.1;;;;;;;;;;;;;;;;;;45.7;49;;;;;;
STG;01.12.1948 00:00;-4.2;;-0.9;-2.2;-2.6;;;;;;;;;;;;;;;;;;30.5;34;;;;;;
STG;01.01.1949 00:00;-4;;-0.5;-0.7;-1.7;;;;;;;;;;;;;;;;;;90.9;136;;;;;;
STG;01.02.1949 00:00;-4.5;;-0.3;-1.1;-2.5;;;;;;;;;;;;;;;;;;29;45;;;;;;
STG;01.03.1949 00:00;-3.3;;0.4;-4;-4.3;;;;;;;;;;;;;;;;;;43.5;50;;;;;;
STG;01.04.1949 00:00;5.3;;9.4;1.3;1.1;;;;;;;;;;;;;;;;;;144.8;141;;;;;;
STG;01.05.1949 00:00;6.7;;9.4;-2.8;-1.5;;;;;;;;;;;;;;;;;;138.7;89;;;;;;
STG;01.06.1949 00:00;9.3;;13.4;-2.3;-2.5;;;;;;;;;;;;;;;;;;80.6;47;;;;;;
STG;01.07.1949 00:00;11.6;;16.8;-0.7;-2;;;;;;;;;;;;;;;;;;107.5;62;;;;;;
STG;01.08.1949 00:00;11.9;;16;-1.2;-1.7;;;;;;;;;;;;;;;;;;144.4;78;;;;;;
STG;01.09.1949 00:00;11.1;;15;1.9;1.2;;;;;;;;;;;;;;;;;;113.5;82;;;;;;
STG;01.10.1949 00:00;6.4;;9.8;0.6;0.1;;;;;;;;;;;;;;;;;;35.5;34;;;;;;
STG;01.11.1949 00:00;0.4;;3.2;-1.1;-1.2;;;;;;;;;;;;;;;;;;70.4;76;;;;;;
STG;01.12.1949 00:00;-1.2;;2.1;0.8;0.4;;;;;;;;;;;;;;;;;;101.1;112;;;;;;
STG;01.01.1950 00:00;-3.9;;-1.3;-1.5;-1.6;;;;;;;;;;;;;;;;;;63.8;96;;;;;;
STG;01.02.1950 00:00;-1.1;;2.4;1.6;0.9;;;;;;;;;;;;;;;;;;76.2;119;;;;;;
STG;01.03.1950 00:00;0;;3.4;-1;-1;;;;;;;;;;;;;;;;;;55.5;64;;;;;;
STG;01.04.1950 00:00;2.3;;5.2;-2.9;-1.9;;;;;;;;;;;;;;;;;;208.7;203;;;;;;
STG;01.05.1950 00:00;7.7;;12.4;0.2;-0.5;;;;;;;;;;;;;;;;;;76.2;49;;;;;;
STG;01.06.1950 00:00;11.8;;16.6;0.9;0;;;;;;;;;;;;;;;;;;80.9;48;;;;;;
STG;01.07.1950 00:00;14.3;;18.2;0.7;0.7;;;;;;;;;;;;;;;;;;114.3;66;;;;;;
STG;01.08.1950 00:00;12.3;;15.9;-1.3;-1.3;;;;;;;;;;;;;;;;;;196.7;106;;;;;;
STG;01.09.1950 00:00;9;;12.1;-1;-0.9;;;;;;;;;;;;;;;;;;158;115;;;;;;
STG;01.10.1950 00:00;4.8;;7.6;-1.6;-1.5;;;;;;;;;;;;;;;;;;49.8;48;;;;;;
STG;01.11.1950 00:00;0.5;;3.7;-0.6;-1.1;;;;;;;;;;;;;;;;;;230.4;249;;;;;;
STG;01.12.1950 00:00;-5.4;;-2.5;-3.8;-3.8;;;;;;;;;;;;;;;;;;34.7;38;;;;;;
STG;01.01.1951 00:00;-1.9;;0.8;0.6;0.4;;;;;;;;;;;;;;;;;;93.9;141;;;;;;
STG;01.02.1951 00:00;-1.5;;1.2;0.4;0.5;;;;;;;;;;;;;;;;;;117.5;183;;;;;;
STG;01.03.1951 00:00;-1.2;;2.1;-2.3;-2.2;;;;;;;;;;;;;;;;;;125.3;144;;;;;;
STG;01.04.1951 00:00;2.7;;6;-2.1;-1.5;;;;;;;;;;;;;;;;;;73.5;71;;;;;;
STG;01.05.1951 00:00;6.5;;10.1;-2.1;-1.7;;;;;;;;;;;;;;;;;;147.8;94;;;;;;
STG;01.06.1951 00:00;10.3;;13.7;-2;-1.5;;;;;;;;;;;;;;;;;;184.5;108;;;;;;
STG;01.07.1951 00:00;12.2;;16.2;-1.3;-1.4;;;;;;;;;;;;;;;;;;194.6;112;;;;;;
STG;01.08.1951 00:00;12.2;;15.5;-1.7;-1.4;;;;;;;;;;;;;;;;;;156.5;84;;;;;;
STG;01.09.1951 00:00;10.2;;13.3;0.2;0.3;;;;;;;;;;;;;;;;;;158.6;115;;;;;;
STG;01.10.1951 00:00;3.7;;6.6;-2.6;-2.6;;;;;;;;;;;;;;;;;;35.7;34;;;;;;
STG;01.11.1951 00:00;2.5;;6;1.7;0.9;;;;;;;;;;;;;;;;;;101.3;109;;;;;;
STG;01.12.1951 00:00;-3.1;;0.6;-0.7;-1.5;;;;;;;;;;;;;;;;;;71.4;79;;;;;;
STG;01.01.1952 00:00;-4.9;;-1.6;-1.8;-2.6;;;;;;;;;;;;;;;;;;65.5;98;;;;;;
STG;01.02.1952 00:00;-5.4;;-2.1;-2.9;-3.4;;;;;;;;;;;;;;;;;;132.2;206;;;;;;
STG;01.03.1952 00:00;0.5;;3.4;-1;-0.5;;;;;;;;;;;;;;;;;;108.8;125;;;;;;
STG;01.04.1952 00:00;4.4;;8.1;0;0.2;;;;;;;;;;;;;;;;;;96;93;;;;;;
STG;01.05.1952 00:00;7.2;;11.2;-1;-1;;;;;;;;;;;;;;;;;;144.8;93;;;;;;
STG;01.06.1952 00:00;11.2;;15.1;-0.6;-0.6;;;;;;;;;;;;;;;;;;294.7;173;;;;;;
STG;01.07.1952 00:00;13.5;;18.2;0.7;-0.1;;;;;;;;;;;;;;;;;;68.7;39;;;;;;
STG;01.08.1952 00:00;12.9;;16.8;-0.4;-0.7;;;;;;;;;;;;;;;;;;116.3;63;;;;;;
STG;01.09.1952 00:00;6.8;;9.7;-3.4;-3.1;;;;;;;;;;;;;;;;;;128.8;93;;;;;;
STG;01.10.1952 00:00;4.8;;7.6;-1.6;-1.5;;;;;;;;;;;;;;;;;;186.6;178;;;;;;
STG;01.11.1952 00:00;-1.6;;1.9;-2.4;-3.2;;;;;;;;;;;;;;;;;;154.7;167;;;;;;
STG;01.12.1952 00:00;-3.2;;-0.6;-1.9;-1.6;;;;;;;;;;;;;;;;;;135.3;150;;;;;;
STG;01.01.1953 00:00;-6.6;;-3.4;-3.6;-4.3;;;;;;;;;;;;;;;;;;50.7;76;;;;;;
STG;01.02.1953 00:00;-4.5;;-1.6;-2.4;-2.5;;;;;;;;;;;;;;;;;;38.6;60;;;;;;
STG;01.03.1953 00:00;-0.9;;3;-1.4;-1.9;;;;;;;;;;;;;;;;;;15.1;17;;;;;;
STG;01.04.1953 00:00;3.9;;7.3;-0.8;-0.3;;;;;;;;;;;;;;;;;;153.7;149;;;;;;
STG;01.05.1953 00:00;7.3;;11.6;-0.6;-0.9;;;;;;;;;;;;;;;;;;144.6;92;;;;;;
STG;01.06.1953 00:00;10;;13;-2.7;-1.8;;;;;;;;;;;;;;;;;;320.2;188;;;;;;
STG;01.07.1953 00:00;12.9;;16;-1.5;-0.7;;;;;;;;;;;;;;;;;;243.1;139;;;;;;
STG;01.08.1953 00:00;11.6;;15.3;-1.9;-2;;;;;;;;;;;;;;;;;;54.9;30;;;;;;
STG;01.09.1953 00:00;9.2;;12.9;-0.2;-0.7;;;;;;;;;;;;;;;;;;96.3;70;;;;;;
STG;01.10.1953 00:00;6.3;;9.1;-0.1;0;;;;;;;;;;;;;;;;;;57.2;55;;;;;;
STG;01.11.1953 00:00;-0.9;;2.4;-1.9;-2.5;;;;;;;;;;;;;;;;;;38.1;41;;;;;;
STG;01.12.1953 00:00;-0.9;;1.5;0.2;0.7;;;;;;;;;;;;;;;;;;30.3;34;;;;;;
STG;01.01.1954 00:00;-6.3;;-3.4;-3.6;-4;;;;;;;;;;;;;;;;;;117.6;176;;;;;;
STG;01.02.1954 00:00;-4.9;;-2.5;-3.3;-2.9;;;;;;;;;;;;;;;;;;74.6;116;;;;;;
STG;01.03.1954 00:00;0.4;;3.8;-0.6;-0.6;;;;;;;;;;;;;;;;;;22.4;26;;;;;;
STG;01.04.1954 00:00;2;;4.2;-3.9;-2.2;;;;;;;;;;;;;;;;;;88.9;86;;;;;;
STG;01.05.1954 00:00;5.9;;9.3;-2.9;-2.3;;;;;;;;;;;;;;;;;;168.6;108;;;;;;
STG;01.06.1954 00:00;10.5;;13.9;-1.8;-1.3;;;;;;;;;;;;;;;;;;172.8;102;;;;;;
STG;01.07.1954 00:00;11;;13.7;-3.8;-2.6;;;;;;;;;;;;;;;;;;271.5;156;;;;;;
STG;01.08.1954 00:00;10.9;;14;-3.2;-2.7;;;;;;;;;;;;;;;;;;300.3;162;;;;;;
STG;01.09.1954 00:00;9.6;;12.7;-0.4;-0.3;;;;;;;;;;;;;;;;;;179.3;130;;;;;;
STG;01.10.1954 00:00;4.8;;8.5;-0.7;-1.5;;;;;;;;;;;;;;;;;;92.4;88;;;;;;
STG;01.11.1954 00:00;0.5;;3.7;-0.6;-1.1;;;;;;;;;;;;;;;;;;41.2;44;;;;;;
STG;01.12.1954 00:00;-0.2;;2.4;1.1;1.4;;;;;;;;;;;;;;;;;;93.1;103;;;;;;
STG;01.01.1955 00:00;-3.7;;-1.2;-1.4;-1.4;;;;;;;;;;;;;;;;;;136;204;;;;;;
STG;01.02.1955 00:00;-3.5;;-0.8;-1.6;-1.5;;;;;;;;;;;;;;;;;;119.8;187;;;;;;
STG;01.03.1955 00:00;-2.9;;-0.1;-4.5;-3.9;;;;;;;;;;;;;;;;;;83.9;96;;;;;;
STG;01.04.1955 00:00;2.4;;6;-2.1;-1.8;;;;;;;;;;;;;;;;;;88.3;86;;;;;;
STG;01.05.1955 00:00;5.6;;9.5;-2.7;-2.6;;;;;;;;;;;;;;;;;;209.7;134;;;;;;
STG;01.06.1955 00:00;9.9;;13.7;-2;-1.9;;;;;;;;;;;;;;;;;;182.2;107;;;;;;
STG;01.07.1955 00:00;12.9;;15;-2.5;-0.7;;;;;;;;;;;;;;;;;;260.3;149;;;;;;
STG;01.08.1955 00:00;11.2;;14.5;-2.7;-2.4;;;;;;;;;;;;;;;;;;207.8;112;;;;;;
STG;01.09.1955 00:00;8.8;;11.7;-1.4;-1.1;;;;;;;;;;;;;;;;;;171.8;125;;;;;;
STG;01.10.1955 00:00;3.7;;6.8;-2.4;-2.6;;;;;;;;;;;;;;;;;;53.7;51;;;;;;
STG;01.11.1955 00:00;-0.7;;2.1;-2.2;-2.3;;;;;;;;;;;;;;;;;;27.3;29;;;;;;
STG;01.12.1955 00:00;0.4;;3.3;2;2;;;;;;;;;;;;;;;;;;112.2;124;;;;;;
STG;01.01.1956 00:00;-1.4;;1.3;1.1;0.9;;;;;;;;;;;;;;;;;;98.8;148;;;;;;
STG;01.02.1956 00:00;-13.9;;-10.6;-11.4;-11.9;;;;;;;;;;;;;;;;;;52;81;;;;;;
STG;01.03.1956 00:00;-0.7;;2.5;-1.9;-1.7;;;;;;;;;;;;;;;;;;65.5;75;;;;;;
STG;01.04.1956 00:00;1.7;;4.9;-3.2;-2.5;;;;;;;;;;;;;;;;;;140.5;137;;;;;;
STG;01.05.1956 00:00;7;;10.6;-1.6;-1.2;;;;;;;;;;;;;;;;;;163.4;104;;;;;;
STG;01.06.1956 00:00;8.8;;11.2;-4.5;-3;;;;;;;;;;;;;;;;;;231.4;136;;;;;;
STG;01.07.1956 00:00;11.8;;15.4;-2.1;-1.8;;;;;;;;;;;;;;;;;;263.7;151;;;;;;
STG;01.08.1956 00:00;10.5;;13.7;-3.5;-3.1;;;;;;;;;;;;;;;;;;263.3;142;;;;;;
STG;01.09.1956 00:00;9.8;;13.6;0.5;-0.1;;;;;;;;;;;;;;;;;;82.9;60;;;;;;
STG;01.10.1956 00:00;3.6;;6.5;-2.7;-2.7;;;;;;;;;;;;;;;;;;165.5;158;;;;;;
STG;01.11.1956 00:00;-0.8;;1.2;-3.1;-2.4;;;;;;;;;;;;;;;;;;50.3;54;;;;;;
STG;01.12.1956 00:00;-2.4;;0.6;-0.7;-0.8;;;;;;;;;;;;;;;;;;33.6;37;;;;;;
STG;01.01.1957 00:00;-4.8;;-1.6;-1.8;-2.5;;;;;;;;;;;;;;;;;;40.7;61;;;;;;
STG;01.02.1957 00:00;0.8;;3.3;2.5;2.8;;;;;;;;;;;;;;;;;;138.7;216;;;;;;
STG;01.03.1957 00:00;3.5;;6.9;2.5;2.5;;;;;;;;;;;;;;;;;;81.9;94;;;;;;
STG;01.04.1957 00:00;2.8;;6;-2.1;-1.4;;;;;;;;;;;;;;;;;;119.2;116;;;;;;
STG;01.05.1957 00:00;4;;7;-5.2;-4.2;;;;;;;;;;;;;;;;;;148.6;95;;;;;;
STG;01.06.1957 00:00;10.8;;14.6;-1.1;-1;;;;;;;;;;;;;;;;;;251.3;148;;;;;;
STG;01.07.1957 00:00;12.5;;15.6;-1.9;-1.1;;;;;;;;;;;;;;;;;;286.3;164;;;;;;
STG;01.08.1957 00:00;11;;14.2;-3;-2.6;;;;;;;;;;;;;;;;;;149.7;81;;;;;;
STG;01.09.1957 00:00;8.9;;11.8;-1.3;-1;;;;;;;;;;;;;;;;;;132.3;96;;;;;;
STG;01.10.1957 00:00;3.9;;7.5;-1.7;-2.4;;;;;;;;;;;;;;;;;;19.8;19;;;;;;
STG;01.11.1957 00:00;1.3;;3.2;-1.1;-0.3;;;;;;;;;;;;;;;;;;19;20;;;;;;
STG;01.12.1957 00:00;-3;;0.6;-0.7;-1.4;;;;;;;;;;;;;;;;;;29;32;;;;;;
STG;01.01.1958 00:00;-4;;-1.2;-1.4;-1.7;;;;;;;;;;;;;;;;;;87.8;131;;;;;;
STG;01.02.1958 00:00;-1;;2.6;1.8;1;;;;;;;;;;;;;;;;;;150.8;235;;;;;;
STG;01.03.1958 00:00;-4.6;;-1.3;-5.7;-5.6;;;;;;;;;;;;;;;;;;68.2;78;;;;;;
STG;01.04.1958 00:00;0.7;;3.4;-4.7;-3.5;;;;;;;;;;;;;;;;;;152.1;148;;;;;;
STG;01.05.1958 00:00;9.2;;12.9;0.7;1;;;;;;;;;;;;;;;;;;84.6;54;;;;;;
STG;01.06.1958 00:00;9.5;;13.2;-2.5;-2.3;;;;;;;;;;;;;;;;;;192.4;113;;;;;;
STG;01.07.1958 00:00;13;;16;-1.5;-0.6;;;;;;;;;;;;;;;;;;195.8;112;;;;;;
STG;01.08.1958 00:00;12.7;;16.5;-0.7;-0.9;;;;;;;;;;;;;;;;;;170.4;92;;;;;;
STG;01.09.1958 00:00;10.3;;14.2;1.1;0.4;;;;;;;;;;;;;;;;;;88.2;64;;;;;;
STG;01.10.1958 00:00;5;;7.4;-1.8;-1.3;;;;;;;;;;;;;;;;;;166.2;159;;;;;;
STG;01.11.1958 00:00;1.5;;3;-1.3;-0.1;;;;;;;;;;;;;;;;;;94.5;102;;;;;;
STG;01.12.1958 00:00;-0.8;;2.4;1.1;0.8;;;;;;;;;;;;;;;;;;77.2;85;;;;;;
STG;01.01.1959 00:00;-4.1;2.7;-0.9;-1.1;-1.8;-0.2;25;3.9;0;-1.1;12;0;13.3;923.7;-11.7;-4.1;0;648.3;;;16;;103.4;155;;;3271;96;0;
STG;01.02.1959 00:00;-3.2;4.3;0;-0.8;-1.2;0.5;24;4.4;0;-0.6;7;0;12.7;937.4;-7.8;10.7;0;558.7;;;2;;14.3;22;;;7283;153;0;
STG;01.03.1959 00:00;2.9;9.3;5.6;1.2;1.9;1.4;4;6.8;0;0.8;0;0;16.8;925.1;-1.9;-0.9;0;439.5;;;9;;72.8;83;;;6274;79;0;
STG;01.04.1959 00:00;3.6;12.8;7.8;-0.3;-0.6;0.6;3;6.9;0;-0.4;0;0;20.1;921.9;-4.2;-2.5;0;327.5;;;9;;112.7;110;;;11505;114;0;
STG;01.05.1959 00:00;6.9;15.8;10.9;-1.3;-1.3;-0.7;0;9.8;0;-0.2;0;0;22.9;924.7;1.3;-1.7;0;196.4;;;9;;147.3;94;;;13391;120;0;
STG;01.06.1959 00:00;11.1;18.1;14;-1.7;-0.7;-1.8;0;13.1;0;0.3;0;0;24;928.9;5.7;0.8;0;100.3;;;20;;287.9;169;;;9334;78;0.2;
STG;01.07.1959 00:00;13.6;22.4;17.3;-0.2;0;0.7;0;16;8;1.8;0;0;28.4;928.4;9.6;-0.1;0;17.9;;;11;;90.8;52;;;14750;108;16.5;
STG;01.08.1959 00:00;11.5;19.7;15.1;-2.1;-2.1;-1.6;0;15;1;0.5;0;0;25.1;928.5;4.1;-0.1;0;20.5;;;10;;74.1;40;;;10794;86;1;
STG;01.09.1959 00:00;8.4;18.2;12.8;-0.3;-1.5;1.4;0;11.9;0;-0.1;0;0;22.4;929;2.1;0.5;0;133.1;;;3;;54;39;;;12781;138;0.6;
STG;01.10.1959 00:00;3.7;11.3;7.4;-1.8;-2.6;-1.1;3;8.2;0;-1.3;1;0;16.6;928;-1.2;0.5;0;390;;;10;;143.1;137;;;6734;111;0;
STG;01.11.1959 00:00;-0.8;4.4;1.8;-2.5;-2.4;-2.6;16;5.4;0;-1.4;4;0;15.2;924.1;-4.4;-1.8;0;547.3;;;6;;56.2;61;;;2351;67;0;
STG;01.12.1959 00:00;-1;5;2;0.7;0.6;1.1;22;5.3;0;-0.1;4;0;13;918.7;-7.3;-8.6;0;559.2;;;13;;58.3;64;;;2569;90;0;
STG;01.01.1960 00:00;-4.1;2.5;-0.9;-1.1;-1.8;-0.4;20;4.5;0;-0.5;9;0;13.4;924.6;-18.2;-3.2;0;647.6;;;10;;96;144;;;3690;108;0;
STG;01.02.1960 00:00;-1.5;4.7;1;0.2;0.5;0.9;18;4.8;0;-0.2;3;0;15.1;921;-14.7;-5.7;0;549.1;;;13;;93.6;146;;;4198;88;0;
STG;01.03.1960 00:00;1.8;8;4.4;0;0.8;0.1;10;6.1;0;0.1;1;0;15.5;920.7;-3.5;-5.3;0;481.5;;;11;;69;79;;;6114;77;0;
STG;01.04.1960 00:00;3.5;9.9;6;-2.1;-0.7;-2.3;3;7.1;0;-0.2;0;0;16.9;926.1;-0.5;1.7;0;420.3;;;13;;101.4;99;;;7559;75;0;
STG;01.05.1960 00:00;7.5;16.2;11.2;-1;-0.7;-0.3;0;10.5;0;0.5;0;0;22.9;926.8;0;0.4;0;215;;;13;;134.8;86;;;11739;105;0;
STG;01.06.1960 00:00;11.3;19.5;14.6;-1.1;-0.5;-0.4;0;13.2;1;0.4;0;0;26;928.5;6;0.4;0;48.8;;;14;;199.8;117;;;10949;91;2.9;
STG;01.07.1960 00:00;10.6;17.9;13.6;-3.9;-3;-3.8;0;12.5;0;-1.7;0;0;24.5;927;4.4;-1.5;0;73.3;;;20;;180.7;104;;;9875;73;0;
STG;01.08.1960 00:00;11.7;19.1;15;-2.2;-1.9;-2.2;0;13.4;5;-1.1;0;0;25.8;925.8;7;-2.8;0;35.9;;;18;;222.2;120;;;10934;87;11.8;
STG;01.09.1960 00:00;7.7;14.8;11.1;-2;-2.2;-2;0;10.9;0;-1.1;0;0;21.7;926;4.3;-2.5;0;212.3;;;10;;157.2;114;;;6551;71;0;
STG;01.10.1960 00:00;4.9;12.5;8.4;-0.8;-1.4;0.1;1;8.2;0;-1.3;0;0;21.9;919.3;-2.9;-8.2;0;325.5;;;13;;166.7;159;;;4719;78;0;
STG;01.11.1960 00:00;2.8;9;6;1.7;1.2;2;4;6.8;0;0;0;0;16.3;922.8;-2.1;-3.1;0;414.5;;;12;;83.6;90;;;3465;98;0;
STG;01.12.1960 00:00;-2.5;2;-0.2;-1.5;-0.9;-1.9;26;4.8;0;-0.6;10;0;13.5;919.6;-8.3;-7.7;0;627.4;;;10;;50.2;56;;;1654;58;0;
STG;01.01.1961 00:00;-3.4;1.4;-0.7;-0.9;-1.1;-1.5;27;4.5;0;-0.5;9;0;9.3;924.3;-9.6;-3.5;0;642.1;;;14;;53.4;80;;;1334;39;0;394.1
STG;01.02.1961 00:00;1.3;8.1;3.8;3;3.3;4.3;5;5.8;0;0.8;0;0;15.9;931.8;-4;5.1;0;451.3;;;10;;68.4;107;;;5972;125;0;227.3
STG;01.03.1961 00:00;1.4;9.2;4.7;0.3;0.4;1.3;13;5.9;0;-0.1;0;0;17.9;933.2;-5.7;7.2;0;473.2;;;9;;64.8;74;;;11114;141;0;225.2
STG;01.04.1961 00:00;7.1;13.7;9.6;1.5;2.9;1.5;0;8.9;0;1.6;0;0;22.5;921.8;2.3;-2.6;0;279.4;;;15;;95.9;93;;;8028;80;0;87.4
STG;01.05.1961 00:00;5.7;13.1;8.8;-3.4;-2.5;-3.4;0;9;0;-1;0;0;21.4;925.1;0.5;-1.3;0;315.3;;;21;;219.9;141;;;8838;79;0;115.3
STG;01.06.1961 00:00;10.7;18.8;14.2;-1.5;-1.1;-1.1;0;12.6;2;-0.2;0;0;26.2;927.5;5.3;-0.6;0;104.8;;;16;;189.4;111;;;10645;89;8.5;16.8
STG;01.07.1961 00:00;10.9;19.1;14.5;-3;-2.7;-2.6;0;12.1;5;-2.1;0;0;27.3;927.8;5.9;-0.7;0;73.2;;;12;;178.3;102;;;12152;89;11.9;9.2
STG;01.08.1961 00:00;11.3;19.7;14.9;-2.3;-2.3;-1.6;0;12.7;1;-1.8;0;0;25.6;930;7.1;1.4;0;57.4;;;13;;164.3;89;;;12910;103;2.3;9.4
STG;01.09.1961 00:00;12.2;20.7;16.1;3;2.3;3.9;0;14.2;0;2.2;0;0;24.1;929.3;6;0.8;0;36.9;;;4;;61.2;44;;;11698;127;2.1;4.9
STG;01.10.1961 00:00;6.1;13.8;9.7;0.5;-0.2;1.4;2;9.3;0;-0.2;0;0;22.6;925.6;-1;-1.9;0;280.6;;;4;;54.7;52;;;7479;123;0;88.6
STG;01.11.1961 00:00;0.4;5.9;3.4;-0.9;-1.2;-1.1;12;6;0;-0.8;2;0;15.3;922.3;-5.6;-3.6;0;499.7;;;7;;50.8;55;;;2811;80;0;259.7
STG;01.12.1961 00:00;-2.5;3.5;0.7;-0.6;-0.9;-0.4;21;5.4;0;0;12;0;17.1;924;-12.1;-3.3;0;591.7;;;13;;88.3;98;;;2331;82;0;351.7
STG;01.01.1962 00:00;-2.3;4;0.5;0.3;0;1.1;18;4.6;0;-0.4;6;0;11;927.7;-14.3;-0.1;0;604.4;;;12;;146.5;219;;;3019;89;0;356.4
STG;01.02.1962 00:00;-4;1.7;-1.2;-2;-2;-2.1;24;4.5;0;-0.5;10;0;8.7;928.2;-13.4;1.5;0;591.3;;;12;;67.2;105;;;4570;96;0;367.3
STG;01.03.1962 00:00;-3.4;2.7;-0.5;-4.9;-4.4;-5.2;24;4.4;0;-1.6;9;0;14.8;918.8;-11.5;-7.2;0;635.4;;;14;;78.1;89;;;6702;85;0;387.4
STG;01.04.1962 00:00;3.2;11.6;7.1;-1;-1;-0.6;7;6.4;0;-0.9;0;0;21.6;924.1;-3.5;-0.3;0;338.3;;;14;;68.1;66;;;12572;125;0;170.3
STG;01.05.1962 00:00;5.8;12.6;8.5;-3.7;-2.4;-3.9;1;8.5;0;-1.5;0;0;24.5;925.9;-2.7;-0.5;0;339.6;;;22;;261.7;167;;;8426;76;0;123.6
STG;01.06.1962 00:00;8.2;17.7;12.9;-2.8;-3.6;-2.2;0;9.5;3;-3.3;0;0;27.4;930.4;0;2.3;0;161;;;8;;92.8;55;;;14555;121;9;57
STG;01.07.1962 00:00;11.1;19.1;14.7;-2.8;-2.5;-2.6;0;11.3;3;-2.9;0;0;27.5;927.8;4;-0.7;0;71.3;;;16;;139.9;80;;;11699;86;8.6;15.3
STG;01.08.1962 00:00;12.2;21.4;16.5;-0.7;-1.4;0.1;0;14.1;4;-0.4;0;0;27.2;929.2;9.2;0.6;0;9.2;;;12;;162.1;87;;;16160;129;14.2;1.2
STG;01.09.1962 00:00;8.4;17;12.3;-0.8;-1.5;0.2;0;11.1;2;-0.9;0;0;25.8;927.9;1.8;-0.6;0;155;;;10;;104.9;76;;;11312;122;5.1;51
STG;01.10.1962 00:00;4.7;11.9;8;-1.2;-1.6;-0.5;1;9.5;0;0;0;0;19.8;929.4;-1.3;1.9;0;338.7;;;5;;36.5;35;;;6714;111;0;130.7
STG;01.11.1962 00:00;-1.2;4.8;2.1;-2.2;-2.8;-2.2;17;5.6;0;-1.2;8;0;20.1;922.2;-10;-3.7;0;516.6;;;7;;45.4;49;;;2735;78;0;308.6
STG;01.12.1962 00:00;-7;-1.6;-4;-5.3;-5.4;-5.5;28;3.9;0;-1.5;15;0;7.9;923.3;-17.4;-4;0;742.8;;;14;;123.4;137;;;702;25;0;494.8
STG;01.01.1963 00:00;-9.6;-3.8;-7.1;-7.3;-7.3;-6.7;31;3.1;0;-1.9;24;0;5.2;924.6;-21;-3.2;0;839.5;;;14;;58.1;87;;;2337;69;0;591.5
STG;01.02.1963 00:00;-9.6;-1.8;-6;-6.8;-7.6;-5.6;27;3;0;-2;18;0;4.9;917.4;-19.8;-9.3;0;727.4;;;6;;52.1;81;;;5649;119;0;503.4
STG;01.03.1963 00:00;-1.3;5.4;1.7;-2.7;-2.3;-2.5;12;4.9;0;-1.1;5;0;12.1;924.4;-15.1;-1.6;0;567;;;18;;118.7;136;;;8709;110;0;319
STG;01.04.1963 00:00;4.8;11.2;7.4;-0.7;0.6;-1;2;7.7;0;0.4;0;0;20.3;922.4;-1.4;-2;0;363.1;;;12;;92;89;;;6469;64;0;139.1
STG;01.05.1963 00:00;6.6;13.3;9.3;-2.9;-1.6;-3.2;0;9.3;0;-0.7;0;0;21;926;0.6;-0.4;0;291.2;;;13;;168;107;;;8083;73;0;99.2
STG;01.06.1963 00:00;10.1;17.8;13.6;-2.1;-1.7;-2.1;0;12.1;3;-0.7;0;0;28.9;925.1;7.3;-3;0;85.9;;;15;;232.8;137;;;9079;76;6;13.9
STG;01.07.1963 00:00;12.1;21.4;16.4;-1.1;-1.5;-0.3;0;14.7;4;0.5;0;0;26.7;929;8.3;0.5;0;8.4;;;11;;114.1;65;;;13939;102;15.6;0.4
STG;01.08.1963 00:00;11.2;18.6;14.5;-2.7;-2.4;-2.7;0;12.9;4;-1.6;0;0;28;924.9;3.7;-3.7;0;53.1;;;17;;204.1;110;;;10326;82;8.1;13.1
STG;01.09.1963 00:00;9;16;12.8;-0.3;-0.9;-0.8;0;12.4;0;0.4;0;0;20.8;928.4;1.2;-0.1;0;102.8;;;10;;117.6;85;;;5490;59;0;22.8
STG;01.10.1963 00:00;4.4;10.9;8;-1.2;-1.9;-1.5;2;8.6;0;-0.9;0;0;19.4;930.2;-0.8;2.7;0;371.7;;;5;;74.7;71;;;5239;86;0;123.7
STG;01.11.1963 00:00;3.7;11;7.5;3.2;2.1;4;3;7.1;0;0.3;0;0;18.6;921.2;-2;-4.7;0;359.5;;;16;;88.8;96;;;4926;140;0;143.5
STG;01.12.1963 00:00;-6.2;-1.6;-3.6;-4.9;-4.6;-5.5;30;4;0;-1.4;20;0;7.8;925.6;-13.5;-1.7;0;730.8;;;4;;15.1;17;;;2640;93;0;482.8
STG;01.01.1964 00:00;-6.6;-2.1;-4;-4.2;-4.3;-5;31;3.9;0;-1.1;23;0;3.4;935.9;-11;8.1;0;745.4;;;5;;29.2;44;;;1610;47;0;497.4
STG;01.02.1964 00:00;-2;3.4;0.6;-0.2;0;-0.4;20;5.2;0;0.2;6;0;14.4;925.6;-10;-1.1;0;561.8;;;10;;53.6;83;;;4325;91;0;329.8
STG;01.03.1964 00:00;-1.2;3.2;0.7;-3.7;-2.2;-4.7;14;5.5;0;-0.5;9;0;11.5;920.6;-10.8;-5.4;0;596.3;;;18;;141.9;163;;;3071;39;0;348.3
STG;01.04.1964 00:00;4.5;11.4;7.7;-0.4;0.3;-0.8;3;7.3;0;0;0;0;21;924.4;-0.8;0;0;346.6;;;13;;138.5;135;;;8213;82;0;146.6
STG;01.05.1964 00:00;8.1;16.6;12;-0.2;-0.1;0.1;0;10.3;0;0.3;0;0;24.5;928;3.6;1.6;0;174.6;;;13;;217.4;139;;;12645;114;0;38.6
STG;01.06.1964 00:00;10.9;20.2;15.3;-0.4;-0.9;0.3;0;13.6;4;0.8;0;0;26.2;927.3;6.2;-0.8;0;42.3;;;10;;104.7;62;;;12391;103;5.5;2.3
STG;01.07.1964 00:00;12.7;22.9;17.3;-0.2;-0.9;1.2;0;14.2;12;0;0;0;28.7;929.6;7.5;1.1;0;27.7;;;8;;73.7;42;;;17281;127;29.7;3.7
STG;01.08.1964 00:00;10.9;19;14.4;-2.8;-2.7;-2.3;0;12.7;4;-1.8;0;0;26.4;927.5;6;-1.1;0;77.5;;;10;;203.4;110;;;10326;82;10.1;13.5
STG;01.09.1964 00:00;9;17;12.9;-0.2;-0.9;0.2;0;12.4;0;0.4;0;0;24.3;930.7;1.2;2.2;0;126.6;;;9;;104.9;76;;;9884;107;4;30.6
STG;01.10.1964 00:00;4.2;7.8;6.1;-3.1;-2.1;-4.6;0;8.3;0;-1.2;0;0;16.1;925.6;0;-1.9;0;420.7;;;15;;111.3;106;;;2232;37;0;180.7
STG;01.11.1964 00:00;2.5;5.9;4.6;0.3;0.9;-1.1;5;7.3;0;0.5;0;0;11.3;929;-1.9;3.1;0;464.6;;;11;;99.4;107;;;1279;36;0;224.6
STG;01.12.1964 00:00;-3.9;1;-1.1;-2.4;-2.3;-2.9;29;4.7;0;-0.7;15;0;10.3;923.5;-13.9;-3.8;0;653;;;8;;49.4;55;;;1557;55;0;405
STG;01.01.1965 00:00;-2.2;2.6;0.4;0.2;0.1;-0.3;24;5;0;0;9;0;12.3;921.7;-8.5;-6.1;0;609.6;;;15;;56.9;85;;;2441;72;0;361.6
STG;01.02.1965 00:00;-7.8;-2.4;-5;-5.8;-5.8;-6.2;28;3.4;0;-1.6;24;0;6.9;928.5;-14.4;1.8;0;697.4;;;11;;50.6;79;;;3620;76;0;473.4
STG;01.03.1965 00:00;-0.7;4.6;2.1;-2.3;-1.7;-3.3;13;5.6;0;-0.4;8;0;13.8;925.3;-12.8;-0.7;0;555.8;;;12;;83;95;;;6846;87;0;307.8
STG;01.04.1965 00:00;2.4;7.6;4.6;-3.5;-1.8;-4.6;3;6.8;0;-0.5;1;0;16;921.8;-0.9;-2.6;0;462.1;;;21;;227.4;221;;;6762;67;0;222.1
STG;01.05.1965 00:00;6.4;13;9.4;-2.8;-1.8;-3.5;0;9.3;0;-0.7;0;0;22.3;925.3;1.3;-1.1;0;312.5;;;18;;231.4;148;;;7041;63;0;96.5
STG;01.06.1965 00:00;10.8;17.9;14.1;-1.6;-1;-2;0;13;3;0.2;0;0;26.7;926.8;3.5;-1.3;0;124.5;;;18;;234.8;138;;;9375;78;7.4;28.5
STG;01.07.1965 00:00;11.1;17.9;14;-3.5;-2.5;-3.8;0;12.7;3;-1.5;0;0;26.1;926.2;7.3;-2.3;0;71.2;;;21;;186.7;107;;;8621;63;3.8;15.2
STG;01.08.1965 00:00;10.9;18;14.1;-3.1;-2.7;-3.3;0;12.9;3;-1.6;0;0;27.2;927.3;6.9;-1.3;0;80.2;;;13;;79.5;43;;;10539;84;6.5;8.2
STG;01.09.1965 00:00;7.5;15.2;11.3;-1.8;-2.4;-1.6;0;10.3;0;-1.7;0;0;21.1;924.3;3.2;-4.2;0;207.2;;;12;;171.6;125;;;8211;89;0;47.2
STG;01.10.1965 00:00;4.6;10.4;7.3;-1.9;-1.7;-2;1;8.9;0;-0.6;0;0;19.3;930.6;-0.7;3.1;0;385.3;;;4;;12.6;12;;;4332;71;0;145.3
STG;01.11.1965 00:00;0;5.6;2.8;-1.5;-1.6;-1.4;14;6;0;-0.8;5;0;17.5;919.5;-12.4;-6.4;0;509.7;;;19;;150.8;163;;;2361;67;0;277.7
STG;01.12.1965 00:00;-0.7;5;2.6;1.3;0.9;1.1;16;5.4;0;0;2;0;16;919.2;-7.4;-8.1;0;538.6;;;23;;164.1;182;;;1011;35;0;290.6
STG;01.01.1966 00:00;-5.9;-0.6;-2.9;-3.1;-3.6;-3.5;21;4;0;-1;15;0;12.7;922.6;-19.6;-5.2;0;710.8;;;13;;70.4;105;;;2830;83;0;462.8
STG;01.02.1966 00:00;2;8.3;5.2;4.4;4;4.5;4;6.6;0;1.6;0;0;16.9;918.6;-4.6;-8.1;0;412.6;;;13;;116.1;181;;;3391;71;0;188.6
STG;01.03.1966 00:00;-1;4.5;1.6;-2.8;-2;-3.4;18;5.4;0;-0.6;3;0;11.1;928.1;-5.1;2.1;0;569.6;;;15;;81.6;93;;;7609;96;0;321.6
STG;01.04.1966 00:00;4.9;11.7;8;-0.1;0.7;-0.5;2;8.5;0;1.2;0;0;16.8;921.6;-1.4;-2.8;0;352.4;;;14;;110.6;107;;;8299;83;0;120.4
STG;01.05.1966 00:00;7.5;15;11.1;-1.1;-0.7;-1.5;0;9.8;0;-0.2;0;0;21.8;927.5;1.7;1.1;0;214.3;;;16;;149.4;95;;;11947;107;0;70.3
STG;01.06.1966 00:00;10.8;18.9;14.9;-0.8;-1;-1;0;13;3;0.2;0;0;27.6;927.3;4.5;-0.8;0;69.4;;;16;;153.4;90;;;12787;107;8.9;13.4
STG;01.07.1966 00:00;10.6;17.2;13.8;-3.7;-3;-4.5;0;12.9;0;-1.3;0;0;24.3;925.9;6.4;-2.6;0;82.1;;;20;;364.3;209;;;9873;73;3.4;10.1
STG;01.08.1966 00:00;10.5;17;13.5;-3.7;-3.1;-4.3;0;12.8;3;-1.7;0;0;28.5;926.7;4.2;-1.9;0;105.3;;;17;;211.9;114;;;8341;66;9.1;17.3
STG;01.09.1966 00:00;10.5;17.4;13.6;0.5;0.6;0.6;0;12.8;1;0.8;0;0;25.2;929;6.6;0.5;0;121.9;;;6;;41.4;30;;;8696;94;3.4;17.9
STG;01.10.1966 00:00;8.3;13.9;11;1.8;2;1.5;1;10.7;1;1.2;0;0;26.1;920.8;-0.8;-6.7;0;199.3;;;12;;94.5;90;;;5233;86;4.5;71.3
STG;01.11.1966 00:00;-0.9;4.4;1.9;-2.4;-2.5;-2.6;22;5.3;0;-1.5;3;0;20.5;923.4;-9.1;-2.5;0;531.7;;;13;;130.2;140;;;2801;79;0;307.7
STG;01.12.1966 00:00;-2.4;3.5;0.9;-0.4;-0.8;-0.4;21;5;0;-0.4;5;0;10.4;922.5;-8.3;-4.8;0;593.4;;;20;;111.4;123;;;1328;47;0;345.4
STG;01.01.1967 00:00;-3.7;2.2;-0.7;-0.9;-1.4;-0.7;20;4.6;0;-0.4;10;0;14.3;928.6;-17.5;0.8;0;643.7;;;13;;71.6;107;;;2818;83;0;395.7
STG;01.02.1967 00:00;-2.3;5.6;1.2;0.4;-0.3;1.8;15;5.2;0;0.2;5;0;13.3;927.3;-12.2;0.6;0;528.7;;;8;;50.5;79;;;4993;105;0;304.7
STG;01.03.1967 00:00;1.6;7.7;3.8;-0.6;0.6;-0.2;7;6.7;0;0.7;0;0;17.8;928.7;-3.5;2.7;0;494.4;;;17;;115.1;132;;;5973;76;0;254.4
STG;01.04.1967 00:00;1.4;9.7;5.1;-3;-2.8;-2.5;10;7.3;0;0;0;0;17.8;923.7;-4.2;-0.7;0;447.5;;;11;;97.4;95;;;9757;97;0;207.5
STG;01.05.1967 00:00;6.6;15.3;10.6;-1.6;-1.6;-1.2;1;10.3;1;0.3;0;0;29;924.2;-0.3;-2.2;0;258.7;;;15;;177;113;;;11588;104;2.9;82.7
STG;01.06.1967 00:00;9.1;17.2;12.9;-2.8;-2.7;-2.7;0;12.7;3;-0.1;0;0;30.8;929.8;2.8;1.7;1;142.7;;;10;;201.6;118;;;11819;99;13.1;46.7
STG;01.07.1967 00:00;13.6;22.2;17.6;0.1;0;0.5;0;17.1;9;2.9;0;0;28.8;930;7.4;1.5;0;8.5;;;13;;130.5;75;;;15075;111;24;0.5
STG;01.08.1967 00:00;11.8;20.1;15.3;-1.9;-1.8;-1.2;0;15.3;3;0.8;0;0;26.6;928.2;7.1;-0.4;0;27.1;;;16;;189.8;102;;;11260;90;9.1;3.1
STG;01.09.1967 00:00;9.2;16.2;12.2;-0.9;-0.7;-0.6;0;12.8;0;0.8;0;0;24;926.5;3.5;-2;0;195.6;;;15;;239.1;174;;;7603;82;0;43.6
STG;01.10.1967 00:00;7.6;15.7;10.9;1.7;1.3;3.3;1;10.5;0;1;0;0;24.7;927.5;-0.6;0;0;204.8;;;5;;68.7;66;;;9854;162;0;52.8
STG;01.11.1967 00:00;1.1;6.3;3.6;-0.7;-0.5;-0.7;10;6.7;0;-0.1;1;0;14.8;926.9;-3.9;1;0;492.1;;;7;;41;44;;;2360;67;0;252.1
STG;01.12.1967 00:00;-4.9;0.9;-1.6;-2.9;-3.3;-3;27;4.5;0;-0.9;10;0;10.8;925.7;-14.7;-1.6;0;669.3;;;12;;87.5;97;;;1716;60;0;421.3
STG;01.01.1968 00:00;-4.4;1.2;-1.7;-1.9;-2.1;-1.7;24;4.5;0;-0.5;13;0;10.5;925.4;-15.4;-2.4;0;672.7;;;20;;141.6;212;;;2444;72;0;424.7
STG;01.02.1968 00:00;-1.8;4.2;0.9;0.1;0.2;0.4;21;5.4;0;0.4;3;0;10.7;921.1;-7.2;-5.6;0;555.5;;;12;;60.4;94;;;4471;94;0;323.5
STG;01.03.1968 00:00;0;7.2;3.2;-1.2;-1;-0.7;19;5.4;0;-0.6;4;0;19.1;925.8;-8.8;-0.2;0;520.1;;;10;;68.8;79;;;8622;109;0;272.1
STG;01.04.1968 00:00;3.8;12.7;7.5;-0.6;-0.4;0.5;7;7.5;0;0.2;1;0;23.8;924.8;-4.2;0.4;0;341.3;;;10;;123.6;120;;;11175;111;0;157.3
STG;01.05.1968 00:00;6.1;14.9;9.7;-2.5;-2.1;-1.6;1;9.4;0;-0.6;0;0;24;925;-0.2;-1.4;0;288.4;;;13;;139.1;89;;;9349;84;0;88.4
STG;01.06.1968 00:00;10.1;18.6;13.7;-2;-1.7;-1.3;0;11.8;3;-1;0;0;27.6;927.5;4.9;-0.6;0;104.5;;;13;;109.2;64;;;11994;100;8.5;16.5
STG;01.07.1968 00:00;11.2;19.9;14.9;-2.6;-2.4;-1.8;0;12.9;6;-1.3;0;0;29.1;929.7;6.3;1.2;0;77;;;14;;168.7;97;;;12068;89;15.9;13
STG;01.08.1968 00:00;11.1;18.2;13.8;-3.4;-2.5;-3.1;0;13;0;-1.5;0;0;23.8;925.5;5.4;-3.1;0;39.4;;;16;;210.8;114;;;8359;67;0;7.4
STG;01.09.1968 00:00;8.5;15.8;11.5;-1.6;-1.4;-1;0;11.2;0;-0.8;0;0;21.7;926.4;2.6;-2.1;0;197.4;;;15;;226.9;165;;;7341;79;0;29.4
STG;01.10.1968 00:00;6.8;13.5;10;0.8;0.5;1.1;0;10.2;0;0.7;0;0;21;930.1;0.4;2.6;0;272.5;;;6;;43.4;41;;;5541;91;0;80.5
STG;01.11.1968 00:00;1.2;5.2;3.4;-0.9;-0.4;-1.8;13;6.6;0;-0.2;5;0;20.3;923.1;-6.4;-2.8;0;494;;;6;;31;33;;;1552;44;0.9;270
STG;01.12.1968 00:00;-4.2;-0.3;-2;-3.3;-2.6;-4.2;28;4.6;0;-0.8;20;0;7.5;920.3;-11.7;-7;0;683.1;;;10;;43.8;48;;;1416;50;0;435.1
STG;01.01.1969 00:00;-3.4;2.8;-0.2;-0.4;-1.1;-0.1;27;5;0;0;8;0;8;924;-9.8;-3.8;0;626.6;;;9;;48.6;73;;;2902;85;0;378.6
STG;01.02.1969 00:00;-5.2;1.1;-2;-2.8;-3.2;-2.7;23;4;0;-1;12;0;9.2;917.5;-13.5;-9.2;0;617.6;;;11;;54;84;;;4694;98;0;393.6
STG;01.03.1969 00:00;-0.1;5.1;1.9;-2.5;-1.1;-2.8;18;5.7;0;-0.3;4;0;12.2;920;-5.2;-6;0;560.1;;;9;;45.5;52;;;4820;61;0;312.1
STG;01.04.1969 00:00;2.2;9.7;5.4;-2.7;-2;-2.5;12;6.6;0;-0.7;0;0;20.4;924.5;-6;0.1;0;423.1;;;14;;127.5;124;;;7591;76;0;199.1
STG;01.05.1969 00:00;7.8;17.3;12.1;-0.1;-0.4;0.8;0;9.5;2;-0.5;0;0;27.1;924.1;1.4;-2.3;0;180.4;;;13;;102.6;66;;;11959;107;3.8;52.4
STG;01.06.1969 00:00;8.1;16.2;11.6;-4.1;-3.7;-3.7;0;10.6;1;-2.2;0;0;25.2;925.1;0.6;-3;0;176.3;;;16;;228.8;134;;;8535;71;1.3;56.3
STG;01.07.1969 00:00;12.8;21.6;16.6;-0.9;-0.8;-0.1;0;14.4;8;0.2;0;0;28.2;931.9;5.5;3.4;0;56.1;;;13;;133.7;77;;;14276;105;21.4;16.1
STG;01.08.1969 00:00;11.1;18.6;14.1;-3.1;-2.5;-2.7;0;13;4;-1.5;0;0;25.6;927.2;5.3;-1.4;0;106.1;;;17;;295.2;159;;;10916;87;4.5;26.1
STG;01.09.1969 00:00;10.2;16.8;13.1;0;0.3;0;0;12.4;0;0.4;0;0;22.1;928;6.7;-0.5;0;66;;;6;;45.9;33;;;6807;74;0;10
STG;01.10.1969 00:00;5.3;12.8;8.8;-0.4;-1;0.4;0;9.3;0;-0.2;0;0;17.5;932.5;0.5;5;0;347.9;;;2;;22.3;21;;;6467;106;0;99.9
STG;01.11.1969 00:00;0.7;8.3;4.5;0.2;-0.9;1.3;11;5.9;0;-0.9;2;0;17;921.5;-10.5;-4.4;0;458.7;;;13;;117.6;127;;;4901;139;0;226.7
STG;01.12.1969 00:00;-7.2;-2.7;-4.8;-6.1;-5.6;-6.6;30;3.6;0;-1.8;22;0;3.4;921.4;-12.3;-5.9;0;770.2;;;10;;106.1;117;;;981;34;0;522.2
STG;01.01.1970 00:00;-3.8;2.3;-0.7;-0.9;-1.5;-0.6;26;4.7;0;-0.3;10;0;12.3;919;-11.7;-8.8;0;642.8;;;10;0;70.6;106;;;2533;74;0;394.8
STG;01.02.1970 00:00;-3.3;2;-0.4;-1.2;-1.3;-1.8;21;4.6;0;-0.4;9;0;10.6;919.5;-11.2;-7.2;0;573;;;23;0;201.1;313;;;1473;31;0;349
STG;01.03.1970 00:00;-2.8;3.2;0.1;-4.3;-3.8;-4.7;22;4.4;0;-1.6;9;0;14;920.6;-10.3;-5.4;0;617.1;;;14;0;75.5;86;;;5630;71;0;369.1
STG;01.04.1970 00:00;1.6;7.9;4.1;-4;-2.6;-4.3;13;6.2;0;-1.1;2;0;20.8;924;-4.8;-0.4;0;457.9;;;22;0;178.7;174;;;5569;55;0;241.9
STG;01.05.1970 00:00;5.7;13.5;9.4;-2.8;-2.5;-3;1;8.2;0;-1.8;0;0;19.4;925.6;-0.5;-0.8;0;295.1;;;16;0;126.7;81;;;7923;71;0;87.1
STG;01.06.1970 00:00;11.5;20.6;15.3;-0.4;-0.3;0.7;0;13.2;0;0.4;0;0;24.7;927.8;3.9;-0.3;0;50.3;;;14;0;143.6;84;;;11615;97;1.6;10.3
STG;01.07.1970 00:00;11.4;19.9;15.3;-2.2;-2.2;-1.8;0;13.5;6;-0.7;0;0;26.6;927.9;4.4;-0.6;0;76.4;;;16;0;151.4;87;;;12319;91;10.1;20.4
STG;01.08.1970 00:00;12.6;19.3;15.5;-1.7;-1;-2;0;15.1;2;0.6;0;0;28.1;927;6.8;-1.6;0;37.2;;;19;0;304.1;164;;;9933;79;7.3;5.2
STG;01.09.1970 00:00;9.2;17.7;12.9;-0.2;-0.7;0.9;0;12.5;1;0.5;0;0;25.6;930.3;3.7;1.8;0;124.8;;;10;0;80.9;59;;;10768;117;0;20.8
STG;01.10.1970 00:00;4.3;11.6;7.9;-1.3;-2;-0.8;2;8.6;0;-0.9;0;0;22.1;930;-0.3;2.5;0;351.5;;;9;0;87.2;83;;;6582;108;0;135.5
STG;01.11.1970 00:00;2.1;8.3;5.4;1.1;0.5;1.3;8;6.7;0;-0.1;0;0;19.2;925.7;-3.8;-0.2;0;423.5;;;13;0;80.1;86;;;2920;83;0;207.5
STG;01.12.1970 00:00;-4.4;0;-1.9;-3.2;-2.8;-3.9;26;4.6;0;-0.8;17;0;8.2;929.2;-13.1;1.9;0;679.1;;;11;0;56.7;63;;;1056;37;0;431.1
STG;01.01.1971 00:00;-5.4;1.8;-1.9;-2.1;-3.1;-1.1;25;4.1;0;-0.9;12;0;14.1;922.4;-14.7;-5.4;0;679.9;;;9;0;18.7;28;;;2287;67;0;431.9
STG;01.02.1971 00:00;-3.6;1.6;-1.2;-2;-1.6;-2.2;23;4.7;0;-0.3;6;0;8;928;-11.3;1.3;0;594.4;;;13;0;86.6;135;;;4355;91;0;370.4
STG;01.03.1971 00:00;-4;2.7;-1.1;-5.5;-5;-5.2;21;4.9;0;-1.1;11;0;12.6;921.4;-16.7;-4.6;0;653.5;;;10;0;60.1;69;;;5713;72;0;405.5
STG;01.04.1971 00:00;4.7;13.5;8.8;0.7;0.5;1.3;1;7.8;0;0.5;0;0;20.4;920.8;-0.1;-3.6;0;299.1;;;8;0;67.8;66;;;11439;114;0;107.1
STG;01.05.1971 00:00;9.1;16.7;12.5;0.3;0.9;0.2;0;10.7;2;0.7;0;0;26.7;922;2.9;-4.4;0;159.7;;;15;0;110.4;71;;;9934;89;4.1;47.7
STG;01.06.1971 00:00;9.2;16.4;12.2;-3.5;-2.6;-3.5;0;12.2;0;-0.6;0;0;22.2;924;5.2;-4.1;0;137.4;;;19;0;276;162;;;8321;69;0;33.4
STG;01.07.1971 00:00;12.2;22.1;17.1;-0.4;-1.4;0.4;0;13.5;10;-0.7;0;0;28.2;929.2;6.2;0.7;0;35.3;;;9;0;103.9;60;;;18532;136;25.2;3.3
STG;01.08.1971 00:00;13.1;21.2;16.8;-0.4;-0.5;-0.1;0;14.2;7;-0.3;0;0;28.7;927.1;9.4;-1.5;0;16.6;;;16;0;159.1;86;;;12230;97;17.2;0.6
STG;01.09.1971 00:00;7.4;16.2;11.5;-1.6;-2.5;-0.6;0;10.2;0;-1.8;0;0;21.1;931.7;0.2;3.2;0;166.9;;;6;0;79.3;58;;;12792;138;0;38.9
STG;01.10.1971 00:00;5.2;13.2;8.9;-0.3;-1.1;0.8;2;8.8;0;-0.7;0;0;20.2;934.8;-1.9;7.3;0;285.6;;;4;0;58.2;56;;;9153;151;0;101.6
STG;01.11.1971 00:00;-0.4;5.1;2.2;-2.1;-2;-1.9;13;6;0;-0.8;3;0;15.9;923.1;-11.3;-2.8;0;533.9;;;12;0;98;106;;;3128;89;0;293.9
STG;01.12.1971 00:00;-2;3.4;0.8;-0.5;-0.4;-0.5;24;5.5;0;0.1;4;0;9.4;933.9;-6.8;6.6;0;595.1;;;8;0;50.7;56;;;2450;86;0;347.1
STG;01.01.1972 00:00;-3.4;1;-1.2;-1.4;-1.1;-1.9;28;4.8;0;-0.2;14;0;9.4;921.9;-8.7;-5.9;0;658.5;;;5;0;20.5;31;;;1440;42;0;410.5
STG;01.02.1972 00:00;-0.6;5.8;2.3;1.5;1.4;2;18;5.5;0;0.5;2;0;15.2;920.1;-7.8;-6.6;0;506.9;;;3;0;10.9;17;;;3702;78;0;282.9
STG;01.03.1972 00:00;1.6;9.4;5.1;0.7;0.6;1.5;6;5.9;0;-0.1;1;0;15.4;923;-2.8;-3;0;460.6;;;4;0;25.1;29;;;9523;120;0;212.6
STG;01.04.1972 00:00;3.2;9;5.6;-2.5;-1;-3.2;7;7.2;0;-0.1;0;0;19.1;921.1;-3.3;-3.3;0;401.9;;;18;0;173.5;169;;;5283;53;0;193.9
STG;01.05.1972 00:00;6.7;13.8;9.8;-2.4;-1.5;-2.7;0;8.7;0;-1.3;0;0;21.2;924.1;2.2;-2.3;0;282.4;;;18;0;121.3;78;;;8217;74;0;82.4
STG;01.06.1972 00:00;9;16.5;12.6;-3.1;-2.8;-3.4;0;11.5;1;-1.3;0;0;25.1;926.4;3.5;-1.7;0;147.6;;;16;0;196.8;116;;;10290;86;1.1;35.6
STG;01.07.1972 00:00;11.5;19.1;15.1;-2.4;-2.1;-2.6;0;14.3;3;0.1;0;0;29.2;928.9;5.2;0.4;0;83.5;;;15;0;229.9;132;;;9419;69;7;11.5
STG;01.08.1972 00:00;10.8;18.5;14.4;-2.8;-2.8;-2.8;0;13;5;-1.5;0;0;26.2;929.1;5.2;0.5;0;93.6;;;13;0;116.4;63;;;10609;84;10.7;13.6
STG;01.09.1972 00:00;6.1;13.8;9.6;-3.5;-3.8;-3;0;9.5;0;-2.5;0;0;21;928.7;0.6;0.2;0;268.4;;;8;0;66.1;48;;;9584;104;0;92.4
STG;01.10.1972 00:00;2.5;9.8;5.9;-3.3;-3.8;-2.6;5;7.2;0;-2.3;0;0;21.6;928.8;-2.5;1.3;0;433.8;;;6;0;70.1;67;;;6451;106;0;193.8
STG;01.11.1972 00:00;-0.2;7.4;3.4;-0.9;-1.8;0.4;12;6.6;0;-0.2;3;0;15;927.8;-8.6;1.9;0;492.2;;;14;0;214.8;232;;;4129;117;0;260.2
STG;01.12.1972 00:00;-3.6;1.1;-1.3;-2.6;-2;-2.8;24;4.8;0;-0.6;17;0;9.8;932.4;-8.6;5.1;0;659.3;;;5;0;16.3;18;;;2147;75;0;411.3
STG;01.01.1973 00:00;-3.4;0;-1.6;-1.8;-1.1;-2.9;28;4.5;0;-0.5;15;0;4.9;930.2;-8.9;2.4;0;670.5;;;8;0;40;60;;;390;11;0;422.5
STG;01.02.1973 00:00;-3.5;1.3;-1.3;-2.1;-1.5;-2.5;27;4.3;0;-0.7;11;0;9.6;923.9;-11.2;-2.8;0;598.5;;;13;0;81.2;126;;;3967;83;0;374.5
STG;01.03.1973 00:00;-1.9;4.8;1.2;-3.2;-2.9;-3.1;20;5.2;0;-0.8;3;0;14.3;930.6;-10.9;4.6;0;581;;;10;0;50.5;58;;;7663;97;0;333
STG;01.04.1973 00:00;0.6;6.7;3.1;-5;-3.6;-5.5;16;6.5;0;-0.8;2;0;18.1;923.6;-5.9;-0.8;0;505;;;18;0;121.2;118;;;7130;71;0;265
STG;01.05.1973 00:00;8.1;17;12.1;-0.1;-0.1;0.5;0;9.9;1;-0.1;0;0;25.3;927;3.1;0.6;0;140.2;;;11;0;79.2;51;;;12136;109;0.8;44.2
STG;01.06.1973 00:00;10.8;18.7;14.4;-1.3;-1;-1.2;0;12.7;2;-0.1;0;0;27.5;928.8;5.6;0.7;0;86.8;;;15;0;177.4;104;;;10093;84;5.7;14.8
STG;01.07.1973 00:00;12;19.2;15.3;-2.2;-1.6;-2.5;0;13.4;3;-0.8;0;0;26.5;925.9;8.7;-2.6;0;64.4;;;16;0;198.5;114;;;10351;76;7.4;8.4
STG;01.08.1973 00:00;13.5;21.4;17;-0.2;-0.1;0.1;0;15.2;8;0.7;0;0;27.5;930.2;9.4;1.6;0;10;;;11;0;191.5;103;;;12230;97;11.9;2
STG;01.09.1973 00:00;9.9;17.7;13.5;0.4;0;0.9;0;12.5;3;0.5;0;0;25.7;928.3;4.4;-0.2;0;111.3;;;7;0;75.7;55;;;10115;110;4.2;31.3
STG;01.10.1973 00:00;3.5;9.2;6.3;-2.9;-2.8;-3.2;6;8.2;0;-1.3;0;0;17.4;928.9;-2;1.4;0;425.9;;;15;0;156;149;;;3614;59;0;177.9
STG;01.11.1973 00:00;0;6.3;3.2;-1.1;-1.6;-0.7;13;6.1;0;-0.7;4;0;13;930.6;-6.7;4.7;0;505.6;;;14;0;108.5;117;;;3325;94;0;265.6
STG;01.12.1973 00:00;-2.5;3.6;0.7;-0.6;-0.9;-0.3;20;4.7;0;-0.7;9;0;13.7;924.7;-15;-2.6;0;588.9;;;10;0;79.3;88;;;1049;37;0;348.9
STG;01.01.1974 00:00;-0.5;5.3;2.4;2.2;1.8;2.4;18;5.9;0;0.9;5;0;13.5;929.6;-5.6;1.8;0;544.2;;;7;0;73.9;111;;;2275;67;0;296.2
STG;01.02.1974 00:00;-0.6;3.9;1.6;0.8;1.4;0.1;20;5.7;0;0.7;5;0;13.8;920.2;-6.8;-6.5;0;515.9;;;10;0;71.9;112;;;2242;47;0;291.9
STG;01.03.1974 00:00;2.1;9.6;5.7;1.3;1.1;1.7;14;6.6;0;0.6;1;0;22.5;923.3;-4.2;-2.7;0;421.1;;;7;0;46.5;53;;;6983;88;0;205.1
STG;01.04.1974 00:00;1.9;11;6.1;-2;-2.3;-1.2;7;6.6;0;-0.7;0;0;17.8;921.4;-3.5;-3;0;417.9;;;9;0;101;98;;;11109;111;0;177.9
STG;01.05.1974 00:00;5.5;13.7;9.5;-2.7;-2.7;-2.8;1;9.4;0;-0.6;0;0;21.3;924;-0.3;-2.4;0;262.4;;;14;0;148.5;95;;;10041;90;0;94.4
STG;01.06.1974 00:00;8.5;16.3;12.2;-3.5;-3.3;-3.6;0;10.4;0;-2.4;0;0;22.2;925.6;3.5;-2.5;0;141;;;15;0;198.7;117;;;9913;83;0;37
STG;01.07.1974 00:00;11.3;19.4;15.1;-2.4;-2.3;-2.3;0;11.6;3;-2.6;0;0;26.8;929;6.5;0.5;0;41.7;;;13;0;202;116;;;12243;90;8.1;9.7
STG;01.08.1974 00:00;12.9;20.7;16.4;-0.8;-0.7;-0.6;0;13.5;7;-1;0;0;29.1;928.4;6.5;-0.2;0;31.3;;;12;0;110.8;60;;;11680;93;22.2;7.3
STG;01.09.1974 00:00;8.8;15.9;12;-1.1;-1.1;-0.9;0;10.5;0;-1.5;0;0;24.6;925.7;2;-2.8;0;166.9;;;13;0;148.3;108;;;8381;91;0;46.9
STG;01.10.1974 00:00;1;5.4;3.6;-5.6;-5.3;-7;10;5.9;0;-3.6;0;0;10.3;922;-4.1;-5.5;0;509.9;;;24;0;195.8;187;;;1995;33;0;261.9
STG;01.11.1974 00:00;0.9;7.3;4.2;-0.1;-0.7;0.3;12;5.7;0;-1.1;0;0;16.5;925.2;-2.9;-0.7;0;459.8;;;15;0;109.4;118;;;2942;83;0;235.8
STG;01.12.1974 00:00;0.4;6.3;3.4;2.1;2;2.4;17;5.8;0;0.4;0;0;13.6;932.2;-7.8;4.9;0;514.4;;;18;0;105.6;117;;;2471;87;0;266.4
STG;01.01.1975 00:00;0;6.3;3.2;3;2.3;3.4;16;5.4;0;0.4;2;0;13.7;929.3;-5.2;1.5;0;520.3;;;8;0;49.3;74;;;3060;90;0;272.3
STG;01.02.1975 00:00;-2.9;4.4;0.3;-0.5;-0.9;0.6;23;4.8;0;-0.2;3;0;11.2;931.5;-8;4.8;0;552.6;;;5;0;27.4;43;;;7121;149;0;328.6
STG;01.03.1975 00:00;0.1;4.9;2.3;-2.1;-0.9;-3;16;5.3;0;-0.7;5;0;15.4;917.6;-7.7;-8.4;0;548.8;;;14;0;72.1;83;;;4948;63;0;300.8
STG;01.04.1975 00:00;2.4;9.3;5.6;-2.5;-1.8;-2.9;11;6.2;0;-1.1;2;0;18.2;924.8;-3.7;0.4;0;425.2;;;13;0;133.1;129;;;7986;79;0;193.2
STG;01.05.1975 00:00;6.8;14.8;10.6;-1.6;-1.4;-1.7;0;9.5;0;-0.5;0;0;23.3;924.3;0.2;-2.1;0;250.5;;;15;0;171;109;;;8500;76;0;74.5
STG;01.06.1975 00:00;9.1;15.9;12.1;-3.6;-2.7;-4;0;11;0;-1.8;0;0;23.8;927.2;1.9;-0.9;0;173.5;;;20;0;245.6;144;;;8213;68;1.2;53.5
STG;01.07.1975 00:00;12.2;20.4;16;-1.5;-1.4;-1.3;0;12.7;2;-1.5;0;0;27.3;928.5;6.5;0;0;22.5;;;13;0;158;91;;;14538;107;7.6;6.5
STG;01.08.1975 00:00;12.4;19.6;15.8;-1.4;-1.2;-1.7;0;13.1;6;-1.4;0;0;26.3;928.8;8.3;0.2;0;49.4;;;14;0;307.4;166;;;11668;93;9.7;9.4
STG;01.09.1975 00:00;11.6;19.3;15.2;2.1;1.7;2.5;0;12;3;0;0;0;31.2;929.3;7.1;0.8;1;28;;;8;0;149.1;108;;;8375;91;10.2;4
STG;01.10.1975 00:00;4;9.2;6.6;-2.6;-2.3;-3.2;0;7.6;0;-1.9;0;0;18.9;931.5;0;4;0;404.8;;;4;0;82.3;79;;;4638;76;0;172.8
STG;01.11.1975 00:00;0.7;5.9;3.3;-1;-0.9;-1.1;11;6.1;0;-0.7;3;0;14.2;926.5;-9.5;0.6;0;502.3;;;10;0;119.8;129;;;2599;74;0;262.3
STG;01.12.1975 00:00;-4;1.1;-1.2;-2.5;-2.4;-2.8;29;4.6;0;-0.8;12;0;10.1;932.1;-10.3;4.8;0;658.6;;;3;0;13;14;;;2044;72;0;410.6
STG;01.01.1976 00:00;-2.1;3.4;0.7;0.5;0.2;0.5;17;5;0;0;8;0;11.2;928.4;-13;0.6;0;597.9;;;15;0;65.3;98;;;2338;69;0;349.9
STG;01.02.1976 00:00;-2.9;2.8;-0.1;-0.9;-0.9;-1;26;5.1;0;0.1;9;0;13.7;928;-8.6;1.3;0;584.2;;;4;0;20.4;32;;;4392;92;0;352.2
STG;01.03.1976 00:00;-1.8;6.3;1.8;-2.6;-2.8;-1.6;17;4.8;0;-1.2;4;0;16.1;926.8;-9.7;0.8;0;562.6;;;6;0;31.6;36;;;9448;119;0;314.6
STG;01.04.1976 00:00;1.7;10.5;5.7;-2.4;-2.5;-1.7;11;7;0;-0.3;1;0;18.6;923.7;-3.6;-0.7;0;420.4;;;7;0;109.9;107;;;11549;115;0;188.4
STG;01.05.1976 00:00;7.4;16.3;11.4;-0.8;-0.8;-0.2;1;10.3;0;0.3;0;0;24.2;926.7;-0.8;0.3;0;199.7;;;15;0;133.6;85;;;13152;118;0.3;55.7
STG;01.06.1976 00:00;11.1;21.2;16.1;0.4;-0.7;1.3;0;13.4;8;0.6;0;0;27;930.8;3.8;2.7;0;65.3;;;6;0;91.1;54;;;17539;146;15.6;17.3
STG;01.07.1976 00:00;13.4;21.8;17.1;-0.4;-0.2;0.1;0;15.2;14;1;0;0;28.2;928;8.2;-0.5;0;49.5;;;16;0;250.7;144;;;11308;83;31.8;9.5
STG;01.08.1976 00:00;10;18.3;13.7;-3.5;-3.6;-3;0;12.9;0;-1.6;0;0;22.4;930;6.6;1.4;0;44;;;13;0;105.4;57;;;11479;91;0;4
STG;01.09.1976 00:00;7.7;15.1;11.2;-1.9;-2.2;-1.7;0;11.3;0;-0.7;0;0;21.2;926.8;2.4;-1.7;0;185.6;;;13;0;148.9;108;;;6504;70;0;49.6
STG;01.10.1976 00:00;6.4;12.5;9.5;0.3;0.1;0.1;0;10.1;0;0.6;0;0;22.5;919.7;1.4;-7.8;0;261;;;13;0;62.3;59;;;5472;90;0;93
STG;01.11.1976 00:00;1.1;5.8;3.7;-0.6;-0.5;-1.2;10;6.1;0;-0.7;1;0;17.7;926.6;-2.3;0.7;0;484.4;;;12;0;66.9;72;;;2021;57;0;252.4
STG;01.12.1976 00:00;-5.6;0;-2.6;-3.9;-4;-3.9;27;4.1;0;-1.3;17;0;9.8;919.6;-12.8;-7.7;0;701;;;10;0;104.6;116;;;1417;50;0;453
STG;01.01.1977 00:00;-2.7;3;0.3;0.1;-0.4;0.1;27;4.9;0;-0.1;7;0;13.4;922.3;-10.3;-5.5;0;611.9;;;12;0;73.3;110;;;1685;50;0;363.9
STG;01.02.1977 00:00;0.8;6.6;3.8;3;2.8;2.8;11;5.7;0;0.7;1;0;14;920.6;-6.9;-6.1;0;454;;;16;0;111.9;174;;;4113;86;0;230
STG;01.03.1977 00:00;3;9.9;6.3;1.9;2;2;7;6.6;0;0.6;3;0;18.3;928.2;-6.6;2.2;0;417.6;;;13;0;90.8;104;;;7316;93;0;177.6
STG;01.04.1977 00:00;1.8;7.8;4.4;-3.7;-2.4;-4.4;14;6.5;0;-0.8;2;0;19.2;924.6;-3.9;0.2;0;453.6;;;21;0;246.9;240;;;5205;52;0;229.6
STG;01.05.1977 00:00;6.4;14.4;10;-2.2;-1.8;-2.1;0;8.5;0;-1.5;0;0;22.6;924.1;1.8;-2.3;0;238.9;;;11;0;70.7;45;;;8148;73;0;78.9
STG;01.06.1977 00:00;10.1;18;13.7;-2;-1.7;-1.9;0;10.9;3;-1.9;0;0;29.7;925;2.4;-3.1;0;93.4;;;11;0;171.3;101;;;9455;79;5.5;13.4
STG;01.07.1977 00:00;11.8;19.5;15.3;-2.2;-1.8;-2.2;0;12.7;1;-1.5;0;0;25.5;925.6;6.7;-2.9;0;25.8;;;11;0;273.4;157;;;11332;83;3.4;1.8
STG;01.08.1977 00:00;11.2;17.7;14.1;-3.1;-2.4;-3.6;0;12.3;0;-2.2;0;0;23.5;925.1;8;-3.5;0;51.3;;;18;0;186.2;100;;;9486;75;0.4;3.3
STG;01.09.1977 00:00;7.9;14.7;11.1;-2;-2;-2.1;0;10.5;0;-1.5;0;0;23.5;932.7;2.4;4.2;0;207;;;8;0;116.2;84;;;7464;81;0;63
STG;01.10.1977 00:00;6.4;12.6;9.7;0.5;0.1;0.2;0;9.6;0;0.1;0;0;20.3;929.6;0.3;2.1;0;277.9;;;8;0;55.5;53;;;5112;84;1.2;93.9
STG;01.11.1977 00:00;1.5;7.6;4.5;0.2;-0.1;0.6;15;6.6;0;-0.2;4;0;18.7;923.6;-8;-2.3;0;440.9;;;15;0;111;120;;;4288;122;0;232.9
STG;01.12.1977 00:00;-2.3;3.5;0.6;-0.7;-0.7;-0.4;19;5.5;0;0.1;10;0;15.9;929.4;-10.4;2.1;0;600.6;;;7;0;65.7;73;;;1532;54;0;352.6
STG;01.01.1978 00:00;-3.4;2;-0.5;-0.7;-1.1;-0.9;29;4.7;0;-0.3;9;0;8.7;922.4;-10.8;-5.4;0;635.4;;;14;0;77.6;116;;;1925;57;0;387.4
STG;01.02.1978 00:00;-4.1;1.3;-1.4;-2.2;-2.1;-2.5;21;4.6;0;-0.4;15;0;14.6;917.2;-9.5;-9.5;0;599.1;;;12;0;115.6;180;;;2588;54;0;375.1
STG;01.03.1978 00:00;0.9;6.9;3.5;-0.9;-0.1;-1;14;5.9;0;-0.1;1;0;16.1;923.5;-4.3;-2.5;0;509.5;;;18;0;110.6;127;;;5349;68;0;261.5
STG;01.04.1978 00:00;2.1;9.6;5.4;-2.7;-2.1;-2.6;10;6.6;0;-0.7;0;0;17.8;919.4;-3.1;-5;0;429.6;;;9;0;54.9;53;;;9162;91;0;197.6
STG;01.05.1978 00:00;6.3;12.5;9.1;-3.1;-1.9;-4;0;8.9;0;-1.1;0;0;19.7;924;1.1;-2.4;0;299.5;;;16;0;239.3;153;;;7330;66;0;99.5
STG;01.06.1978 00:00;8.8;16.9;12.6;-3.1;-3;-3;0;10.9;1;-1.9;0;0;25.3;926;3.7;-2.1;0;125.1;;;16;0;152.3;89;;;9610;80;1.8;37.1
STG;01.07.1978 00:00;11;18.6;14.6;-2.9;-2.6;-3.1;0;12.8;2;-1.4;0;0;25.9;928.2;7.4;-0.3;0;87.3;;;16;0;137.8;79;;;11434;84;5;15.3
STG;01.08.1978 00:00;10.3;17.8;13.8;-3.4;-3.3;-3.5;0;12.5;0;-2;0;0;23.7;929.5;5.1;0.9;0;114;;;12;0;257.5;139;;;11449;91;0.8;18
STG;01.09.1978 00:00;8.4;16.2;12.1;-1;-1.5;-0.6;0;10.8;0;-1.2;0;0;24;930.2;3.9;1.7;0;150.8;;;11;0;91.3;66;;;9280;100;0;38.8
STG;01.10.1978 00:00;4.3;10;7.2;-2;-2;-2.4;0;8.6;0;-0.9;0;0;17.7;932.3;1;4.8;0;396.9;;;8;0;117.1;112;;;5360;88;0;148.9
STG;01.11.1978 00:00;-0.2;5.3;2.4;-1.9;-1.8;-1.7;15;6.2;0;-0.6;4;0;13.7;935.8;-5.7;9.9;0;530.4;;;4;0;46.3;50;;;3657;104;0;290.4
STG;01.12.1978 00:00;-1.8;3.7;1.2;-0.1;-0.2;-0.2;16;5;0;-0.4;13;0;13.6;918.3;-10.7;-9;0;581.5;;;10;0;52.9;59;;;2021;71;0;333.5
STG;01.01.1979 00:00;-6.4;-0.9;-3.6;-3.8;-4.1;-3.8;31;3.9;0;-1.1;17;0;4.9;921.9;-15.5;-5.9;0;731.4;;;16;0;59.3;89;;;1667;49;0;483.4
STG;01.02.1979 00:00;-1.8;3.2;0.8;0;0.2;-0.6;19;5.3;0;0.3;9;0;10.4;919.4;-10.2;-7.3;0;538.5;;;12;0;88.5;138;;;3453;72;0;314.5
STG;01.03.1979 00:00;1.1;7.3;4;-0.4;0.1;-0.6;13;5.9;0;-0.1;0;0;18.8;919.8;-2.5;-6.2;0;487.8;;;18;0;141.1;162;;;4785;61;0;247.8
STG;01.04.1979 00:00;1.2;8;4.1;-4;-3;-4.2;10;6.2;0;-1.1;0;0;17.5;922.2;-2.3;-2.2;0;476.6;;;16;0;152.6;148;;;7068;70;0;236.6
STG;01.05.1979 00:00;6.3;16.2;10.9;-1.3;-1.9;-0.3;5;9.2;4;-0.8;0;0;26.7;927.6;-3.4;1.2;0;226.3;;;11;0;82.6;53;;;14134;127;5.9;90.3
STG;01.06.1979 00:00;11.2;18.4;14.4;-1.3;-0.6;-1.5;0;13.4;0;0.6;0;0;24.5;929;5.7;0.9;0;69;;;16;0;286.8;169;;;9164;76;2.6;21
STG;01.07.1979 00:00;11.8;18.9;15.3;-2.2;-1.8;-2.8;0;13;1;-1.2;0;0;25.7;930.7;7.3;2.2;0;40.5;;;11;0;102.3;59;;;10446;77;6.5;8.5
STG;01.08.1979 00:00;10.6;18.1;14.1;-3.1;-3;-3.2;0;12.8;3;-1.7;0;0;26.4;927;5.3;-1.6;0;85;;;15;0;129;70;;;10183;81;5.8;13
STG;01.09.1979 00:00;9;16.2;12.6;-0.5;-0.9;-0.6;0;12.1;0;0.1;0;0;23.9;931;0.5;2.5;0;142.1;;;9;0;224.1;163;;;9735;105;0;46.1
STG;01.10.1979 00:00;6;12.1;9.1;-0.1;-0.3;-0.3;1;9.3;0;-0.2;0;0;20.3;924.5;-0.1;-3;0;290.4;;;8;0;61.2;58;;;4203;69;0;98.4
STG;01.11.1979 00:00;0;5.5;3.1;-1.2;-1.6;-1.5;17;6.3;0;-0.5;1;0;15.2;926.5;-7.1;0.6;0;508.9;;;18;0;144.1;155;;;2773;79;0;268.9
STG;01.12.1979 00:00;0.3;6.5;3.6;2.3;1.9;2.6;16;6;0;0.6;3;0;15.9;924.4;-5.2;-2.9;0;502;;;12;0;102.7;114;;;2991;105;0;262
STG;01.01.1980 00:00;-4.8;0.1;-2.2;-2.4;-2.5;-2.8;28;4.2;0;-0.8;15;0;10.3;924.5;-9.9;-3.3;0;687;;;10;0;92.6;139;;;1700;50;0;439
STG;01.02.1980 00:00;-0.6;5.5;2.2;1.4;1.4;1.7;13;5.6;0;0.6;1;0;10.4;929.6;-6.4;2.9;0;518.3;;;11;0;67.6;105;;;4853;102;0;286.3
STG;01.03.1980 00:00;0.4;6;3.1;-1.3;-0.6;-1.9;11;5.9;0;-0.1;1;0;14.8;920;-5.4;-6;0;522;;;15;0;72.9;84;;;5053;64;0;274
STG;01.04.1980 00:00;1.1;6.9;3.7;-4.4;-3.1;-5.3;13;6.2;0;-1.1;0;0;16;926.1;-4.3;1.7;0;488.9;;;18;0;174.1;169;;;6644;66;0;248.9
STG;01.05.1980 00:00;5;13;8.7;-3.5;-3.2;-3.5;0;8.4;0;-1.6;0;0;19.1;922.5;0.8;-3.9;0;328.3;;;13;0;102.2;65;;;9022;81;0;104.3
STG;01.06.1980 00:00;9.4;16;12.4;-3.3;-2.4;-3.9;0;11.1;2;-1.7;0;0;29.4;925.5;4.8;-2.6;0;162.9;;;23;0;237.3;139;;;6919;58;8.6;34.9
STG;01.07.1980 00:00;10.5;17;13.6;-3.9;-3.1;-4.7;0;12.4;2;-1.8;0;0;26.2;926.4;6.1;-2.1;0;132.6;;;16;0;184.1;106;;;7672;56;3.5;20.6
STG;01.08.1980 00:00;12.7;19.8;16.2;-1;-0.9;-1.5;0;14.3;3;-0.2;0;0;27.8;929.3;4.9;0.7;0;36.4;;;11;0;113.8;61;;;11161;89;11.3;4.4
STG;01.09.1980 00:00;9.7;18;13.7;0.6;-0.2;1.2;0;12.1;0;0.1;0;0;23;931.9;4.8;3.4;0;63.7;;;7;0;63.2;46;;;11800;128;0;7.7
STG;01.10.1980 00:00;4.2;10.5;7.6;-1.6;-2.1;-1.9;3;8.5;0;-1;0;0;18.5;924.6;-0.5;-2.9;0;343.3;;;13;0;148.8;142;;;4427;73;0;143.3
STG;01.11.1980 00:00;-0.6;5.2;2.5;-1.8;-2.2;-1.8;17;5.7;0;-1.1;8;0;17.2;926;-5.4;0.1;0;518.8;;;10;0;70;76;;;2586;73;0;286.8
STG;01.12.1980 00:00;-4.4;2.2;-1;-2.3;-2.8;-1.7;27;4.5;0;-0.9;11;0;10.2;929.1;-13.3;1.8;0;649.8;;;13;0;59;65;;;2270;80;0;401.8
STG;01.01.1981 00:00;-5.6;-0.3;-2.9;-3.1;-3.3;-3.2;29;4.1;0;-0.9;17;0;7.2;929.9;-12.3;2.1;0;711.3;;;17;0;81.3;122;;;2092;61;0;463.3
STG;01.02.1981 00:00;-5.2;0.8;-2.1;-2.9;-3.2;-3;25;4.1;0;-0.9;15;0;7.6;927.6;-10.2;0.9;0;620.9;;;7;0;41.6;65;;;5579;117;0;396.9
STG;01.03.1981 00:00;3.4;10;6.4;2;2.4;2.1;9;7;0;1;0;0;20.6;921.8;-4.8;-4.2;0;399.6;;;18;0;98.2;112;;;6971;88;0;175.6
STG;01.04.1981 00:00;3.7;12.3;7.7;-0.4;-0.5;0.1;7;7.7;0;0.4;0;0;20;925.7;-4.3;1.3;0;335;;;8;0;43.4;42;;;10209;102;0;135
STG;01.05.1981 00:00;6.8;14.5;10.3;-1.9;-1.4;-2;0;9.5;1;-0.5;0;0;25;923.2;0.1;-3.2;0;263;;;17;0;158.5;101;;;8466;76;1.9;87
STG;01.06.1981 00:00;10.5;17.7;14;-1.7;-1.3;-2.2;0;11.8;1;-1;0;0;25.6;928.6;4.8;0.5;0;112.3;;;12;0;121.1;71;;;9135;76;8.1;32.3
STG;01.07.1981 00:00;11.7;18.2;14.3;-3.2;-1.9;-3.5;0;12.8;0;-1.4;0;0;24.7;929.2;7;0.7;0;78.2;;;16;0;268.5;154;;;9324;69;4.7;22.2
STG;01.08.1981 00:00;12;19.9;15.8;-1.4;-1.6;-1.4;0;13.7;3;-0.8;0;0;25.5;930.1;6.6;1.5;0;36.2;1.7;89;10;0;92.5;50;198;101;12392;99;13.6;4.2
STG;01.09.1981 00:00;10.2;16.4;13;-0.1;0.3;-0.4;0;12.4;0;0.4;0;0;24.8;928;5.8;-0.5;0;127.7;1.8;100;18;0;248.3;180;105;75;5503;60;2.5;23.7
STG;01.10.1981 00:00;5.3;11.8;8.5;-0.7;-1;-0.6;2;8.8;0;-0.7;0;0;23.6;924.3;-1;-3.2;0;325.1;2.4;133;17;0;179.8;172;79;96;5038;83;0.4;125.1
STG;01.11.1981 00:00;1.2;7.3;4.3;0;-0.4;0.3;15;6.4;0;-0.4;5;0;17.5;933.9;-7.2;8;0;451;2.1;111;10;0;58.5;63;57;122;6005;170;0;235
STG;01.12.1981 00:00;-3.5;3.6;-0.3;-1.6;-1.9;-0.3;24;4.9;0;-0.5;7;0;14.3;913.4;-14.1;-13.9;0;629.1;2.7;129;20;0;175.5;194;30;88;1612;57;0;381.1
STG;01.01.1982 00:00;-3;3.6;0.3;0.1;-0.7;0.7;22;5.1;0;0.1;5;0;11.1;;-10.7;;0;611;1.8;86;14;0;196.4;294;38;88;3035;89;0;363
STG;01.02.1982 00:00;-2.8;2.3;-0.3;-1.1;-0.8;-1.5;19;4.8;0;-0.2;13;0;11.5;;-9.3;;0;567.1;1.2;55;5;0;26;40;72;96;5200;109;0;343.1
STG;01.03.1982 00:00;-0.2;6.3;2.7;-1.7;-1.2;-1.6;18;5.5;0;-0.5;0;0;13.1;;-6.4;;0;535.8;2.2;92;14;0;66.1;76;123;99;7610;96;0;287.8
STG;01.04.1982 00:00;1.3;9.4;5.1;-3;-2.9;-2.8;9;6.2;0;-1.1;0;0;16;;-2.7;;0;440;2;87;9;0;82.2;80;183;104;9195;91;0;208
STG;01.05.1982 00:00;6.9;15.6;11;-1.2;-1.3;-0.9;0;9.6;0;-0.4;0;0;22.3;;0.5;;0;188.4;2;91;14;0;89.7;57;219;106;11365;102;0;68.4
STG;01.06.1982 00:00;11.5;18.9;15;-0.7;-0.3;-1;0;13;1;0.2;0;0;25;;7.1;;0;50.3;2.1;100;16;0;190.1;112;211;92;8614;72;6;10.3
STG;01.07.1982 00:00;13.5;21.6;17.4;-0.1;-0.1;-0.1;0;14.9;10;0.7;0;0;26.8;;8.5;;0;9.3;1.8;86;12;0;145.7;84;224;98;11990;88;25.8;1.3
STG;01.08.1982 00:00;12;18.9;15.2;-2;-1.6;-2.4;0;14.3;1;-0.2;0;0;25.6;;7;;0;44.3;1.7;89;18;0;230.3;124;162;82;7755;62;4.6;4.3
STG;01.09.1982 00:00;11.4;18.7;14.7;1.6;1.5;1.9;0;14;1;2;0;0;25.6;;6.6;;0;65.5;1.5;83;5;0;117.7;85;147;105;9023;98;2.4;9.5
STG;01.10.1982 00:00;5.4;11.4;8;-1.2;-0.9;-1;0;9.3;0;-0.2;0;0;19.2;;0.5;;0;371.1;1.7;94;13;0;75.4;72;82;100;4668;77;0;123.1
STG;01.11.1982 00:00;2.5;8.6;5.4;1.1;0.9;1.6;6;7;0;0.2;0;0;18.4;;-2.4;;0;434.9;2.1;111;8;0;68.1;73;53;114;3870;110;0;202.9
STG;01.12.1982 00:00;-1.1;4.2;1.7;0.4;0.5;0.3;20;5.9;0;0.5;4;0;11.8;;-6.8;;0;569.2;2;95;12;0;91.3;101;29;85;1943;68;0;321.2
STG;01.01.1983 00:00;-0.1;5.7;2.8;2.6;2.2;2.8;17;5.7;0;0.7;2;0;13.3;;-6.7;;0;533.9;2.8;133;16;0;83.4;125;45;104;4141;122;0;285.9
STG;01.02.1983 00:00;-6.1;-0.7;-3.3;-4.1;-4.1;-4.5;25;4.1;0;-0.9;18;0;11.2;;-12.8;;0;651.8;1.8;82;10;0;59.4;93;74;99;4543;95;0;427.8
STG;01.03.1983 00:00;1.1;7;4;-0.4;0.1;-0.9;15;6.4;0;0.4;2;0;14;;-4.4;;0;496.4;1.9;79;10;0;66.9;77;114;92;6754;85;0;248.4
STG;01.04.1983 00:00;3.7;11.7;7.8;-0.3;-0.5;-0.5;6;7.6;0;0.3;0;0;20.4;;-1.5;;0;327;2.9;126;17;0;119.8;116;158;90;6127;61;0;135
STG;01.05.1983 00:00;5.4;13.6;9.3;-2.9;-2.8;-2.9;0;9.2;0;-0.8;0;0;22.3;;1;;0;265.7;2.5;114;19;0;177.1;113;166;81;6822;61;0;97.7
STG;01.06.1983 00:00;11.2;19.3;15;-0.7;-0.6;-0.6;0;12.8;3;0;0;0;26.1;;4.9;;0;67.4;2;95;14;0;108.4;64;218;95;9311;78;8.9;11.4
STG;01.07.1983 00:00;15.3;25.1;20.3;2.8;1.7;3.4;0;15.6;19;1.4;0;2;32.3;;8.5;;3;0;1.6;76;8;0;64.7;37;267;116;16763;123;79.6;0
STG;01.08.1983 00:00;12.4;20;16;-1.2;-1.2;-1.3;0;14.7;1;0.2;0;0;29;;7.6;;0;38.2;1.6;84;11;0;210.9;114;171;87;9888;79;5.8;6.2
STG;01.09.1983 00:00;9.4;17.4;13.2;0.1;-0.5;0.6;0;11.7;0;-0.3;0;0;24.7;;5.5;;0;109.2;1.9;106;15;0;200.3;145;135;97;9120;99;0.2;21.2
STG;01.10.1983 00:00;5.7;12;8.7;-0.5;-0.6;-0.4;1;9.1;0;-0.4;0;0;20.5;;-0.2;;0;315.7;1.8;100;5;0;48.7;46;94;114;6954;114;0;115.7
STG;01.11.1983 00:00;-0.3;5.1;2.2;-2.1;-1.9;-1.9;16;6.4;0;-0.4;5;0;13.7;;-6.8;;0;533.7;1.6;84;5;0;90;97;44;94;2604;74;0;293.7
STG;01.12.1983 00:00;-2.4;4.8;1.1;-0.2;-0.8;0.9;17;5.1;0;-0.3;11;0;17;;-9.9;;0;579;1.9;90;10;0;55.8;62;44;129;3901;137;0;339
STG;01.01.1984 00:00;-2.5;3.2;0.4;0.2;-0.2;0.3;26;4.7;0;-0.3;6;0;11.3;;-7.5;;0;608.4;2.6;124;18;0;101.9;153;41;95;2666;78;0;360.4
STG;01.02.1984 00:00;-4.3;-0.1;-2.3;-3.1;-2.3;-3.9;25;4.4;0;-0.6;17;0;6.7;;-11.2;;0;646;2.1;95;13;0;104;162;69;92;3384;71;0;414
STG;01.03.1984 00:00;-2.5;3.8;0.5;-3.9;-3.5;-4.1;23;4.8;0;-1.2;5;0;14.5;;-7.9;;0;604;1.7;71;7;0;41.5;48;144;116;8923;113;0;356
STG;01.04.1984 00:00;1.5;9.1;5.2;-2.9;-2.7;-3.1;13;6.3;0;-1;0;0;18.9;;-3;;0;418.5;1.8;78;10;0;61;59;174;99;10280;102;0;210.5
STG;01.05.1984 00:00;4.9;12.1;8.3;-3.9;-3.3;-4.4;1;8.5;0;-1.5;0;0;19.6;;-0.2;;0;333.5;2.3;105;17;0;153;98;158;77;5630;51;0;117.5
STG;01.06.1984 00:00;9.1;17.3;13.2;-2.5;-2.7;-2.6;0;11;0;-1.8;0;0;23.1;;5.1;;0;94;2.2;105;12;0;134.8;79;214;94;10230;85;0;22
STG;01.07.1984 00:00;11.5;20.1;15.7;-1.8;-2.1;-1.6;0;12.8;5;-1.4;0;1;32.9;;6.9;;1;74.8;1.6;76;14;0;160.9;92;232;101;13436;99;27.2;10.8
STG;01.08.1984 00:00;12;18.9;15.2;-2;-1.6;-2.4;0;13.3;1;-1.2;0;0;26.1;;9.8;;0;0;1.4;74;8;0;166.9;90;175;89;10270;82;3.5;0
STG;01.09.1984 00:00;8.3;14.5;11.2;-1.9;-1.6;-2.3;0;10.9;0;-1.1;0;0;23;;3.8;;0;227.1;2.5;139;16;0;395;287;115;82;6389;69;2.6;59.1
STG;01.10.1984 00:00;6.2;12.6;9.2;0;-0.1;0.2;0;9.2;0;-0.3;0;0;17.7;;1.5;;0;306.3;2;111;9;0;67.2;64;91;110;6017;99;0;90.3
STG;01.11.1984 00:00;2.3;9.5;5.6;1.3;0.7;2.5;3;7.1;0;0.3;0;0;18.1;;-3.5;;0;424.7;1.8;95;10;0;71.9;78;53;114;3622;103;0;192.7
STG;01.12.1984 00:00;-1.8;3.8;0.9;-0.4;-0.2;-0.1;24;5.6;0;0.2;7;0;14.5;;-10.3;;0;593.4;1.5;71;12;0;92;102;36;105;2541;89;0;345.4
STG;01.01.1985 00:00;-9.2;-3;-5.9;-6.1;-6.9;-5.9;28;3.6;0;-1.4;18;0;9.4;;-21.1;;0;803.2;1.8;86;11;0;83.7;125;43;99;2598;76;0;555.2
STG;01.02.1985 00:00;-4.6;1.8;-1.6;-2.4;-2.6;-2;21;4.6;0;-0.4;11;0;9;;-14.3;;0;605;1.9;86;11;0;57.7;90;74;99;5187;109;0;381
STG;01.03.1985 00:00;-1.1;4.1;1.4;-3;-2.1;-3.8;20;5.1;0;-0.9;4;0;13.6;;-8;;0;575.7;2.2;92;10;0;46.1;53;113;91;5616;71;0;327.7
STG;01.04.1985 00:00;2.8;10.4;6.6;-1.5;-1.4;-1.8;5;6.7;0;-0.6;0;0;19.6;;-3;;0;370;3.3;143;15;0;148.2;144;162;92;8830;88;0;170
STG;01.05.1985 00:00;7.3;15.2;11;-1.2;-0.9;-1.3;2;10.1;0;0.1;0;0;23.7;;-0.7;;0;197.4;2.2;100;14;0;210.4;134;193;94;9480;85;0.2;61.4
STG;01.06.1985 00:00;8.4;16.3;12.1;-3.6;-3.4;-3.6;0;10.7;0;-2.1;0;0;23;;3.7;;0;161.2;2.6;124;20;0;157.9;93;204;89;8945;75;0.4;33.2
STG;01.07.1985 00:00;13.1;21.5;17.3;-0.2;-0.5;-0.2;0;14.3;3;0.1;0;0;28.4;;10;;0;0;2;95;12;0;129.2;74;243;106;14356;106;19.3;0
STG;01.08.1985 00:00;11.4;20;15.6;-1.6;-2.2;-1.3;0;13;5;-1.5;0;0;28.1;;5.8;;0;69.6;2.1;111;14;0;220.4;119;209;106;14349;114;14.8;13.6
STG;01.09.1985 00:00;10.5;18.2;14.1;1;0.6;1.4;0;12.6;0;0.6;0;0;22.4;;5.1;;0;76.2;1.7;94;6;0;67.5;49;163;117;13042;141;1.1;12.2
STG;01.10.1985 00:00;5.5;11.6;8.3;-0.9;-0.8;-0.8;2;9.3;0;-0.2;0;0;23.8;;-0.5;;0;336.1;1.4;78;4;0;22.5;21;91;110;7329;121;0.4;144.1
STG;01.11.1985 00:00;-2.2;2.6;0.1;-4.2;-3.8;-4.4;21;5.3;0;-1.5;15;0;19.3;;-7.7;;0;590.4;2.1;111;15;0;125.7;136;39;84;1614;46;0;358.4
STG;01.12.1985 00:00;0.9;6.5;3.9;2.6;2.5;2.6;10;5.8;0;0.4;5;0;15.4;;-8.9;;0;500.1;1.8;86;7;0;40.9;45;44;129;4185;147;0;252.1
STG;01.01.1986 00:00;-3;2.7;0;-0.2;-0.7;-0.2;25;4.7;0;-0.3;7;0;10.1;;-9.3;;0;619.2;3.3;157;16;0;104.4;156;43;99;3179;93;0;371.2
STG;01.02.1986 00:00;-9.2;-5;-7.2;-8;-7.2;-8.8;28;3.2;0;-1.8;26;0;1.1;;-19.2;;0;761.7;1.3;59;7;0;44.3;69;65;87;1433;30;0;537.7
STG;01.03.1986 00:00;-0.7;5.3;2.3;-2.1;-1.7;-2.6;20;5.3;0;-0.7;4;0;15.3;;-8.9;;0;549.3;2.1;88;10;0;67.1;77;119;96;6769;86;0;301.3
STG;01.04.1986 00:00;1.8;8.4;5;-3.1;-2.4;-3.8;7;6.8;0;-0.5;3;0;19.1;;-6.2;;0;437.1;2.9;126;15;0;202.6;197;135;77;5993;60;0;213.1
STG;01.05.1986 00:00;8.9;17.4;12.9;0.7;0.7;0.9;0;11.3;1;1.3;0;0;26.1;;1.3;;0;103.4;2.2;100;14;0;229.9;147;192;93;9753;88;0.2;31.4
STG;01.06.1986 00:00;9.9;18.4;13.9;-1.8;-1.9;-1.5;0;12.4;5;-0.4;0;0;26.4;;2.7;;0;143.8;2;95;14;0;213.1;125;231;101;13606;113;10.3;47.8
STG;01.07.1986 00:00;11.7;19.6;15.5;-2;-1.9;-2.1;0;13;3;-1.2;0;0;26.1;;6.4;;0;71.3;2;95;10;0;216.4;124;218;95;14010;103;14.5;7.3
STG;01.08.1986 00:00;12;19.6;15.6;-1.6;-1.6;-1.7;0;13.5;4;-1;0;0;29;;5.7;;0;71.4;2.1;111;15;0;196.6;106;191;97;12140;97;16.6;15.4
STG;01.09.1986 00:00;8.6;16;12.1;-1;-1.3;-0.8;0;11.5;0;-0.5;0;0;21.9;;4.3;;0;182.4;1.6;89;4;0;22.8;17;146;104;10048;109;0.1;38.4
STG;01.10.1986 00:00;6.7;12.9;9.5;0.3;0.4;0.5;1;9.8;0;0.3;0;0;19.8;;-1;;0;260.9;1.8;100;8;0;85.3;81;90;109;7976;131;0;92.9
STG;01.11.1986 00:00;2.4;8.8;5.5;1.2;0.8;1.8;7;6.6;0;-0.2;0;0;17.5;;-5.4;;0;420.6;1.9;100;9;0;81.5;88;57;122;6153;174;0;196.6
STG;01.12.1986 00:00;-1.4;4.1;1.6;0.3;0.2;0.2;18;5.2;0;-0.2;6;0;9.6;;-13.2;;0;569.3;2.8;133;18;0;89.7;99;35;102;3264;114;0;321.3
STG;01.01.1987 00:00;-8.5;-3.4;-5.9;-6.1;-6.2;-6.3;29;3.6;0;-1.4;20;0;9;;-23.8;;0;803.4;1.8;86;11;0;92;138;36;83;1697;50;0;555.4
STG;01.02.1987 00:00;-2.5;2.4;-0.2;-1;-0.5;-1.4;21;5.2;0;0.2;11;0;9.9;;-13.4;;0;566.6;1.7;77;12;0;80.5;125;55;73;2668;56;0;342.6
STG;01.03.1987 00:00;-4.1;2.2;-0.9;-5.3;-5.1;-5.7;24;4.6;0;-1.4;12;0;12.2;;-13.8;;0;648.9;2.4;100;14;0;84.1;96;117;94;5704;72;0;400.9
STG;01.04.1987 00:00;4;12.4;8.2;0.1;-0.2;0.2;4;7.5;0;0.2;0;0;20;;-3.6;;0;317.8;2.3;100;10;0;121.5;118;190;108;11737;117;0;125.8
STG;01.05.1987 00:00;4.4;11.8;7.8;-4.4;-3.8;-4.7;0;8.5;0;-1.5;0;0;21.1;;0;;0;346.8;2.2;100;19;0;223.5;143;167;81;7731;69;0;138.8
STG;01.06.1987 00:00;9.5;16.5;12.6;-3.1;-2.3;-3.4;0;11.5;2;-1.3;0;0;27.2;;5.1;;0;150.3;2.4;114;19;0;199;117;176;77;7569;63;7.1;38.3
STG;01.07.1987 00:00;12.8;20.1;16.2;-1.3;-0.8;-1.6;0;14.7;2;0.5;0;0;25.6;927.9;7.6;-0.6;0;36;2.1;100;15;0;247.8;142;195;85;9402;69;11.3;4
STG;01.08.1987 00:00;12.1;19.9;15.7;-1.5;-1.5;-1.4;0;13.6;4;-0.9;0;0;28.4;928.3;6.3;-0.3;0;31.9;2.1;111;14;0;141.5;76;171;87;10395;83;13.2;7.9
STG;01.09.1987 00:00;12.7;20.7;16.2;3.1;2.8;3.9;0;13.4;7;1.4;0;0;29.3;930.1;2.9;1.6;0;61.3;2;111;9;0;179.5;130;147;105;10732;116;32.7;21.3
STG;01.10.1987 00:00;6.6;13.1;9.4;0.2;0.3;0.7;0;9.6;0;0.1;0;0;20.9;926.2;2;-1.3;0;298.1;2.1;117;8;0;44.2;42;72;87;4152;68;0;98.1
STG;01.11.1987 00:00;2.1;6.6;4.2;-0.1;0.5;-0.4;7;6.9;0;0.1;0;0;13;926;-1.4;0.1;0;475.4;2;105;12;0;82;88;36;77;2246;64;0;235.4
STG;01.12.1987 00:00;-0.1;4.8;2.5;1.2;1.5;0.9;16;6;0;0.6;6;0;14;929.7;-7.7;2.4;0;543;1.6;76;8;0;68.7;76;28;82;1952;68;0;295
STG;01.01.1988 00:00;0.6;6.9;3.5;3.3;2.9;4;15;5.7;0;0.7;0;0;13.5;922.9;-2.9;-4.9;0;510.7;2.3;110;14;0;68.8;103;41;95;3269;96;0;262.7
STG;01.02.1988 00:00;-1.7;4;0.9;0.1;0.3;0.2;22;4.5;0;-0.5;3;0;11.1;924;-5.6;-2.7;0;552.9;2.8;127;14;0;80.7;126;72;96;4634;97;0;320.9
STG;01.03.1988 00:00;-0.3;4.7;2.2;-2.2;-1.3;-3.2;12;5.6;0;-0.4;4;0;11.7;922.9;-7.8;-3.1;0;551.2;3.4;142;23;0;208.4;239;92;74;3367;43;0;303.2
STG;01.04.1988 00:00;3.9;12.5;7.9;-0.2;-0.3;0.3;3;7.8;0;0.5;0;0;20.8;924.5;-1.5;0.1;0;335.4;2;87;9;0;103.2;100;177;101;10285;102;0;127.4
STG;01.05.1988 00:00;8.4;17.1;12.4;0.2;0.2;0.6;0;10.6;0;0.6;0;0;23.2;923.9;2.3;-2.5;0;138.9;2.1;95;13;0;142;91;201;98;9773;88;0;26.9
STG;01.06.1988 00:00;9.7;18.1;13.4;-2.3;-2.1;-1.8;0;11.9;0;-0.9;0;0;24;925.8;4.8;-2.3;0;78.4;1.8;86;7;0;156.3;92;215;94;9407;78;0;22.4
STG;01.07.1988 00:00;11.8;20.9;16.3;-1.2;-1.8;-0.8;0;13.4;5;-0.8;0;0;28.2;928.3;7.8;-0.2;0;18.3;2.2;105;19;0;196.6;113;234;102;14270;105;16.9;2.3
STG;01.08.1988 00:00;12.7;20.7;16.4;-0.8;-0.9;-0.6;0;14.2;6;-0.3;0;0;27.2;927.6;7.9;-1;0;55.2;1.9;100;18;0;187.9;101;183;93;11986;95;27.1;7.2
STG;01.09.1988 00:00;9.6;16.2;12.6;-0.5;-0.3;-0.6;0;11.7;0;-0.3;0;0;23.9;930.1;5.2;1.6;0;133.2;2.5;139;12;0;122.9;89;126;90;7505;81;0.2;37.2
STG;01.10.1988 00:00;7.2;13.7;10;0.8;0.9;1.3;1;10.2;0;0.7;0;0;22.8;928.3;-0.9;0.8;0;269.7;1.9;106;12;0;97.6;93;70;85;4624;76;0;77.7
STG;01.11.1988 00:00;-0.6;4.8;2;-2.3;-2.2;-2.2;17;6.3;0;-0.5;5;0;12.2;930.6;-11;4.7;0;539.3;1.6;84;8;0;75.9;82;50;107;3800;108;0;299.3
STG;01.12.1988 00:00;-0.7;3.4;1.5;0.2;0.9;-0.5;16;5.9;0;0.5;3;0;10.3;932.4;-8.6;5.1;0;574.4;2.3;110;17;0;144.5;160;28;82;1508;53;0;326.4
STG;01.01.1989 00:00;-2.3;3.2;0.4;0.2;0;0.3;23;5.3;0;0.3;9;0;9.7;939.3;-6.8;11.5;0;607.5;1.3;62;5;0;16.7;25;51;118;5034;148;0;359.5
STG;01.02.1989 00:00;-0.1;6.4;3;2.2;1.9;2.6;15;5.6;0;0.6;0;0;13.2;929.2;-6.9;2.5;0;475.5;2;91;8;0;49.6;77;81;108;6541;137;0;251.5
STG;01.03.1989 00:00;3.5;10.8;7;2.6;2.5;2.9;4;6.6;0;0.6;0;0;19.4;926.8;-1.6;0.8;0;379.7;2.5;104;11;0;78.2;90;135;109;10290;130;0;163.7
STG;01.04.1989 00:00;2.7;9.5;6.1;-2;-1.5;-2.7;3;7;0;-0.3;0;0;18.2;918.9;-0.5;-5.5;0;395.9;3;130;17;0;209.5;204;118;67;4679;47;0;179.9
STG;01.05.1989 00:00;7.7;17.5;12.3;0.1;-0.5;1;0;9.6;0;-0.4;0;0;22.2;929.5;1.4;3.1;0;122.9;2.2;100;10;0;65.3;42;248;120;15948;143;0;34.9
STG;01.06.1989 00:00;9.2;17.8;13.2;-2.5;-2.6;-2.1;0;10.8;0;-2;0;0;24.9;928;4.2;-0.1;0;108.4;2.2;105;15;0;101.5;60;237;104;12473;104;1;28.4
STG;01.07.1989 00:00;13;20.8;16.7;-0.8;-0.6;-0.9;0;14.3;4;0.1;0;0;26.8;930.4;9.3;1.9;0;8.5;2.1;100;20;0;292.4;168;195;85;9247;68;17.1;0.5
STG;01.08.1989 00:00;12.5;20.1;16.1;-1.1;-1.1;-1.2;0;13.9;3;-0.6;0;0;28.4;927.5;6.2;-1.1;0;60.4;2.1;111;15;0;125;67;193;98;12735;101;13;12.4
STG;01.09.1989 00:00;9.8;16;12.5;-0.6;-0.1;-0.8;0;12.3;0;0.3;0;0;22.8;929.4;4;0.9;0;147;1.7;94;13;0;124.8;91;120;86;7556;82;0.6;35
STG;01.10.1989 00:00;7;13.8;10.3;1.1;0.7;1.4;0;8.9;0;-0.6;0;0;21.6;930.8;1.2;3.3;0;239.2;2;111;8;0;112.7;108;97;118;9289;153;0;79.2
STG;01.11.1989 00:00;-1.3;4.4;1.5;-2.8;-2.9;-2.6;20;6.1;0;-0.7;6;0;14.5;926.3;-9;0.4;0;538.6;1.4;74;7;0;72.2;78;52;112;4455;126;0;314.6
STG;01.12.1989 00:00;-1.5;5;1.8;0.5;0.1;1.1;18;5.2;0;-0.2;11;0;19.6;924.8;-7.5;-2.5;0;553.1;2.2;105;8;0;46.4;51;39;114;3087;108;0;321.1
STG;01.01.1990 00:00;-3;4.6;0.8;0.6;-0.7;1.7;22;4.8;0;-0.2;4;0;13.1;932.1;-8.2;4.3;0;594.3;1.6;76;8;0;32.3;48;54;125;5962;175;0;346.3
STG;01.02.1990 00:00;2.7;9.9;6.1;5.3;4.7;6.1;7;6.2;0;1.2;0;0;16.2;926.8;-2.8;0.1;0;373.4;3.3;150;13;0;113.5;177;79;105;7080;149;0;165.4
STG;01.03.1990 00:00;2.8;9.9;6.3;1.9;1.8;2;10;6.4;0;0.4;0;0;20.6;936;-4.3;10;0;416.2;2.3;96;12;0;101.4;116;123;99;8921;113;0;184.2
STG;01.04.1990 00:00;2.2;8.8;5.4;-2.7;-2;-3.4;2;6.8;0;-0.5;0;0;15.9;923.6;-0.5;-0.8;0;438.9;2.4;104;16;0;77.2;75;131;74;5573;55;0;198.9
STG;01.05.1990 00:00;8.7;17.8;12.9;0.7;0.5;1.3;0;10.3;0;0.3;0;0;21.8;929;3.6;2.6;0;81.6;2;91;9;0;154.2;99;237;115;14006;126;0;17.6
STG;01.06.1990 00:00;10.1;17.9;13.7;-2;-1.7;-2;0;12;4;-0.8;0;0;26.9;926.5;5.2;-1.6;0;134.3;2.2;105;18;0;247;145;199;87;9291;77;6.1;22.3
STG;01.07.1990 00:00;12.1;21.7;16.6;-0.9;-1.5;0;0;12.8;7;-1.4;0;0;29.1;930.2;8;1.7;0;34.1;2;95;9;0;114.3;66;243;106;15114;111;19.6;2.1
STG;01.08.1990 00:00;13;22.6;17.5;0.3;-0.6;1.3;0;13.4;7;-1.1;0;0;29.2;930.9;8.5;2.3;0;0;2;105;9;0;127.4;69;215;109;15412;123;28.4;0
STG;01.09.1990 00:00;8.4;15.8;11.8;-1.3;-1.5;-1;0;10.7;0;-1.3;0;0;20.7;928.7;5.1;0.2;0;167.4;2.1;117;10;0;130.6;95;132;94;7683;83;0;31.4
STG;01.10.1990 00:00;7.6;14.2;10.9;1.7;1.3;1.8;1;9.9;0;0.4;0;0;24.8;924.6;-0.4;-2.9;0;230.5;2.1;117;10;0;129.8;124;92;112;7393;122;5.6;78.5
STG;01.11.1990 00:00;1.1;5.8;3.3;-1;-0.5;-1.2;15;6.6;0;-0.2;1;0;13.2;923.9;-4;-2;0;499.9;2.2;116;15;0;138.1;149;42;90;2587;73;0;259.9
STG;01.12.1990 00:00;-3.5;1.7;-0.8;-2.1;-1.9;-2.2;26;4.8;0;-0.6;13;0;11.9;926;-11;-1.3;0;645.7;1.9;90;13;0;49.3;55;38;111;2420;85;0;397.7
STG;01.01.1991 00:00;-2.7;1.7;-0.6;-0.8;-0.4;-1.2;21;5;0;0;16;0;15.5;932.4;-9.5;4.6;0;637.2;1.9;90;10;0;81.2;122;35;81;1605;47;0;389.2
STG;01.02.1991 00:00;-5.4;1.1;-2.2;-3;-3.4;-2.7;22;4.4;0;-0.6;13;0;11.7;925.3;-14.6;-1.4;0;620.4;1.5;68;6;0;19.9;31;90;120;5999;126;0;396.4
STG;01.03.1991 00:00;3;9.4;6.1;1.7;2;1.5;8;7.3;0;1.3;0;0;18.9;923.7;-4.5;-2.3;0;406.5;2.2;92;6;0;80.1;92;89;72;4055;51;0;190.5
STG;01.04.1991 00:00;1.6;9.5;5.5;-2.6;-2.6;-2.7;10;6.5;0;-0.8;1;0;15.9;925.3;-3.7;0.9;0;436.3;2;87;12;0;111.4;108;174;99;9838;98;0;196.3
STG;01.05.1991 00:00;3.9;11.6;7.5;-4.7;-4.3;-4.9;0;7.8;0;-2.2;0;0;21.1;928.1;0.1;1.7;0;364.3;2;91;14;0;182.4;117;185;90;9624;86;0;148.3
STG;01.06.1991 00:00;9.4;17.2;13;-2.7;-2.4;-2.7;0;11.4;0;-1.4;0;0;24.8;926.7;4.6;-1.4;0;133.6;2.4;114;21;0;263;155;194;85;8674;72;3.2;29.6
STG;01.07.1991 00:00;13.7;22.4;17.9;0.4;0.1;0.7;0;15.1;8;0.9;0;0;29.2;928.4;9.3;-0.1;0;9.1;2.1;100;11;0;113.7;65;243;106;15317;113;29.3;1.1
STG;01.08.1991 00:00;13.7;22.1;17.7;0.5;0.1;0.8;0;14.4;4;-0.1;0;0;28.8;930.7;8.3;2.1;0;0;1.7;89;5;0;57.8;31;216;110;15653;125;21.8;0
STG;01.09.1991 00:00;11.5;19.1;15.1;2;1.6;2.3;0;12.6;0;0.6;0;0;24.4;928.1;5.3;-0.4;0;47;1.9;106;8;0;141.2;102;147;105;10540;114;1.8;7
STG;01.10.1991 00:00;4.5;9.9;7.1;-2.1;-1.8;-2.5;4;8.8;0;-0.7;0;0;17.5;927;-2.5;-0.5;0;371.2;1.7;94;8;0;36.7;35;81;98;5818;96;0;155.2
STG;01.11.1991 00:00;0.5;5.9;3.3;-1;-1.1;-1.1;16;6;0;-0.8;1;0;16.3;925;-3.6;-0.9;0;502.8;2.1;111;13;0;104.9;113;42;90;3011;85;0;262.8
STG;01.12.1991 00:00;-4.2;0.7;-1.7;-3;-2.6;-3.2;27;4.7;0;-0.7;18;0;9.2;936;-10;8.7;0;673.8;2.3;110;8;0;72.9;81;31;91;2259;79;0;425.8
STG;01.01.1992 00:00;-3.9;1.6;-1.1;-1.3;-1.6;-1.3;25;4.4;0;-0.6;15;0;12.4;936.6;-13.2;8.8;0;655.2;1.5;71;2;0;6;9;50;115;4179;123;0;407.2
STG;01.02.1992 00:00;-1.8;4.5;1.3;0.5;0.2;0.7;16;5;0;0;5;0;10.1;934;-11.9;7.3;0;543.4;2;91;9;0;78.1;122;84;112;5974;125;0;311.4
STG;01.03.1992 00:00;1.4;7.9;4.7;0.3;0.4;0;10;6;0;0;0;0;13.8;926.1;-1.9;0.1;0;473.7;3;125;13;0;98.4;113;109;88;6175;78;0;225.7
STG;01.04.1992 00:00;2.9;10.6;6.6;-1.5;-1.3;-1.6;8;7;0;-0.3;0;0;23.6;923.8;-1.7;-0.6;0;384.1;2.4;104;16;0;109.7;107;154;87;8103;81;0;176.1
STG;01.05.1992 00:00;8.7;17.9;13.2;1;0.5;1.4;0;9.9;0;-0.1;0;0;24.6;928.8;2.9;2.4;0;113.2;1.9;86;5;0;55.4;35;225;109;12788;115;0.5;25.2
STG;01.06.1992 00:00;10.8;18.6;14.3;-1.4;-1;-1.3;0;12.4;1;-0.4;0;0;25;924.8;7.1;-3.3;0;62.1;2.1;100;10;0;143.2;84;203;89;9132;76;1.4;6.1
STG;01.07.1992 00:00;13.6;21.5;17.4;-0.1;0;-0.2;0;15.1;9;0.9;0;0;28;929.3;10.2;0.8;0;16.4;1.9;90;12;0;169.3;97;215;94;11500;85;30.7;0.4
STG;01.08.1992 00:00;15.2;24.4;19.7;2.5;1.6;3.1;0;14.7;15;0.2;0;3;29.5;928.2;8.6;-0.4;0;0;2.2;116;11;0;145.1;78;220;112;15354;122;72.9;0
STG;01.09.1992 00:00;10;16.9;13.2;0.1;0.1;0.1;0;11.9;0;-0.1;0;0;24.2;930.5;4;2;0;89.9;1.9;106;8;0;81;59;130;93;8804;95;0.3;17.9
STG;01.10.1992 00:00;4.2;8.7;6.3;-2.9;-2.1;-3.7;2;8.6;0;-0.9;0;0;14.6;919.8;-1.6;-7.7;0;425.6;2.2;122;18;0;163.3;156;51;62;2394;39;0;177.6
STG;01.11.1992 00:00;2.7;9.1;6;1.7;1.1;2.1;4;7.6;0;0.8;0;0;16;928.2;-2.4;2.3;0;420.3;2.5;132;18;0;240;259;38;82;2845;81;0;180.3
STG;01.12.1992 00:00;-2.3;2.8;0.4;-0.9;-0.7;-1.1;24;5.2;0;-0.2;11;0;14.5;928.1;-9;0.8;0;608.1;1.5;71;8;0;95.8;106;30;88;2611;92;0;360.1
STG;01.01.1993 00:00;0.5;6.5;3.5;3.3;2.8;3.6;10;5.9;0;0.9;5;0;15.8;935;-12.9;7.2;0;512.3;2.7;129;11;0;62.9;94;46;106;4197;123;0;264.3
STG;01.02.1993 00:00;-4.5;0.5;-2.1;-2.9;-2.5;-3.3;25;4.4;0;-0.6;12;0;10.2;934.8;-12.1;8.1;0;619;1.7;77;3;0;19.3;30;74;99;4113;86;0;395
STG;01.03.1993 00:00;-0.6;5.9;2.6;-1.8;-1.6;-2;17;5.4;0;-0.6;6;0;18.4;930.1;-10.4;4.1;0;523.4;1.8;75;11;0;71.6;82;136;109;9115;115;0;291.4
STG;01.04.1993 00:00;5.6;13.3;9.4;1.3;1.4;1.1;2;7.4;0;0.1;0;0;23.8;922.7;-1.2;-1.7;0;267.3;3;130;15;0;72.8;71;175;99;9858;98;1.4;115.3
STG;01.05.1993 00:00;9.3;17.7;13.1;0.9;1.1;1.2;0;10.7;2;0.7;0;0;26.5;925.2;5.2;-1.2;0;141.6;2.1;95;15;0;95.9;61;212;103;11274;101;5.3;29.6
STG;01.06.1993 00:00;11.2;19.5;15.1;-0.6;-0.6;-0.4;0;12.8;4;0;0;0;26.2;927.9;6.7;-0.2;0;45.6;2.1;100;15;0;163.4;96;216;94;10402;87;10.8;5.6
STG;01.07.1993 00:00;11.6;19.5;15.3;-2.2;-2;-2.2;0;13.3;4;-0.9;0;0;27.9;929.4;6.1;0.9;0;71.1;2.3;110;20;0;365.6;210;193;84;9898;73;14.1;15.1
STG;01.08.1993 00:00;12.4;20;16.1;-1.1;-1.2;-1.3;0;14.1;6;-0.4;0;0;27.7;929.9;5.8;1.3;0;77.4;1.9;100;13;0;219.2;118;189;96;12425;99;20.9;13.4
STG;01.09.1993 00:00;8.6;15.8;11.9;-1.2;-1.3;-1;0;11.1;1;-0.9;0;0;25.8;924.1;3.2;-4.4;0;183;2;111;17;0;145.9;106;128;92;7578;82;2.3;39
STG;01.10.1993 00:00;4.6;10.1;7;-2.2;-1.7;-2.3;1;8.5;0;-1;0;0;21.4;924.4;-0.4;-3.1;0;381.2;2;111;12;0;129.8;124;57;69;2880;47;0;165.2
STG;01.11.1993 00:00;-2.2;1.8;-0.4;-4.7;-3.8;-5.2;17;5.7;0;-1.1;15;0;12;927.7;-8.8;1.8;0;611;1.4;74;5;0;57.6;62;40;86;1943;55;0;371
STG;01.12.1993 00:00;0.1;6.4;3.2;1.9;1.7;2.5;14;5.7;0;0.3;4;0;15.5;922.7;-6;-4.6;0;512.9;3.7;176;15;0;81.6;90;34;99;2306;81;0;272.9
STG;01.01.1994 00:00;-1.3;4.6;1.6;1.4;1;1.7;20;5.5;0;0.5;6;0;13.9;925.3;-9;-2.5;0;569.2;2.9;138;14;0;94.8;142;40;92;2689;79;0;321.2
STG;01.02.1994 00:00;-1.4;4;1.2;0.4;0.6;0.2;15;5;0;0;9;0;17.1;923.4;-9.9;-3.3;0;525.1;2;91;7;0;33.9;53;56;75;2235;47;0;301.1
STG;01.03.1994 00:00;4.4;11.2;7.7;3.3;3.4;3.3;2;7.3;0;1.3;0;0;18.1;929.9;-0.9;3.9;0;361.6;3.4;142;12;0;84;96;108;87;5954;75;0;137.6
STG;01.04.1994 00:00;2.6;9.2;5.6;-2.5;-1.6;-3;9;7.1;0;-0.2;0;0;21.1;922;-2;-2.4;0;398.3;2.4;104;13;0;142.1;138;138;78;6611;66;0;198.3
STG;01.05.1994 00:00;7.9;15.8;11.6;-0.6;-0.3;-0.7;0;10.6;0;0.6;0;0;22.2;924.3;3.2;-2.1;0;195.9;2.2;100;18;0;193.7;124;169;82;7349;66;0;35.9
STG;01.06.1994 00:00;11.4;20.1;15.5;-0.2;-0.4;0.2;0;12.7;7;-0.1;0;0;27.6;930.1;4.8;2;0;89.3;2.4;114;11;0;126;74;222;97;11000;92;21.9;25.3
STG;01.07.1994 00:00;15.6;24.3;19.7;2.2;2;2.6;0;16;17;1.8;0;0;29.7;929;12.3;0.5;0;0;1.9;90;14;0;142.8;82;255;111;16376;120;61.2;0
STG;01.08.1994 00:00;13.7;22.1;17.7;0.5;0.1;0.8;0;15.2;11;0.7;0;1;29.5;927.5;9.7;-1.1;0;0;2.1;111;19;0;238.6;129;194;99;11504;92;34.5;0
STG;01.09.1994 00:00;9.7;16.1;12.6;-0.5;-0.2;-0.7;0;12.3;1;0.3;0;0;25.7;926;3.2;-2.5;0;112.2;2;111;16;0;123.6;90;111;79;5425;59;1.1;32.2
STG;01.10.1994 00:00;5.4;12.1;8.3;-0.9;-0.9;-0.3;1;8.9;0;-0.6;0;0;18.1;927.1;-0.1;-0.4;0;332.3;1.7;94;8;0;81.9;78;94;114;7607;125;0;124.3
STG;01.11.1994 00:00;4.9;9.5;7.2;2.9;3.3;2.5;1;8.7;0;1.9;0;0;21.4;930.2;-0.6;4.3;0;383.9;1.9;100;9;0;79.4;86;35;75;1706;48;0.8;151.9
STG;01.12.1994 00:00;0.3;5.1;2.8;1.5;1.9;1.2;17;6.2;0;0.8;6;0;11.7;930.8;-6.1;3.5;0;532.7;2.3;110;14;0;121.6;135;26;76;2322;81;0;284.7
STG;01.01.1995 00:00;-4.5;1.8;-1;-1.2;-2.2;-1.1;26;4.6;0;-0.4;11;0;11.2;926.5;-12.6;-1.3;0;651.3;2.9;138;16;0;99.4;149;40;92;2787;82;0;403.3
STG;01.02.1995 00:00;1.1;7.3;4.4;3.6;3.1;3.5;7;6.1;0;1.1;0;0;14.4;926.1;-3.7;-0.6;0;436.9;2.7;123;14;0;85.9;134;61;81;3621;76;0;212.9
STG;01.03.1995 00:00;-1.5;5.5;2;-2.4;-2.5;-2.4;22;4.9;0;-1.1;3;0;14.7;924.8;-7.5;-1.2;0;556.8;2.9;121;15;0;109.4;125;119;96;7664;97;0;308.8
STG;01.04.1995 00:00;3.9;11.5;7.6;-0.5;-0.3;-0.7;4;7.7;0;0.4;0;0;18.7;925.9;-1.5;1.5;0;339.6;2.6;113;12;0;146.4;142;140;80;5609;56;0;139.6
STG;01.05.1995 00:00;7.6;15.5;11.3;-0.9;-0.6;-1;1;9.5;0;-0.5;0;0;24.2;926.2;-0.6;-0.2;0;210.3;2;91;13;0;240.3;154;190;92;9821;88;0.5;66.3
STG;01.06.1995 00:00;9.2;16.5;12.5;-3.2;-2.6;-3.4;0;11.4;2;-1.4;0;0;26.3;927.3;5.5;-0.8;0;169.1;2;95;18;0;221.3;130;194;85;9384;78;3.5;41.1
STG;01.07.1995 00:00;14.9;23.6;19;1.5;1.3;1.9;0;15.9;12;1.7;0;1;30.3;928.1;11.5;-0.4;2;0;2;95;12;0;114.2;65;249;108;15342;113;45.9;0
STG;01.08.1995 00:00;12.9;19.8;15.9;-1.3;-0.7;-1.5;0;14.3;6;-0.2;0;0;26.7;928.2;4.9;-0.4;0;48.5;2.1;111;19;0;203.5;110;179;91;9745;78;11.7;16.5
STG;01.09.1995 00:00;7.7;14.3;10.7;-2.4;-2.2;-2.5;0;10.3;0;-1.7;0;0;22.5;925.2;2.1;-3.3;0;227.8;2.2;122;17;0;117;85;129;92;6954;75;0;51.8
STG;01.10.1995 00:00;9;15.1;11.8;2.6;2.7;2.7;0;11.8;0;2.3;0;0;19.1;933;2.6;5.5;0;162;1.3;72;2;0;5.3;5;104;126;8683;143;0;34
STG;01.11.1995 00:00;-0.9;5.8;2.6;-1.7;-2.5;-1.2;16;6.3;0;-0.5;4;0;18.2;927.3;-8.8;1.4;0;515.8;1.8;95;12;0;119.6;129;53;114;3998;113;0;283.8
STG;01.12.1995 00:00;-3.4;1.2;-1.1;-2.4;-1.8;-2.7;25;5.1;0;-0.3;16;0;14.5;923.6;-10.8;-3.7;0;655.9;1.6;76;13;0;154.2;171;23;67;1070;38;0;407.9
STG;01.01.1996 00:00;-4;1.2;-1.8;-2;-1.7;-1.7;29;4.9;0;-0.1;17;0;15;922.6;-8.1;-5.2;0;674.8;1.4;67;1;0;3.7;6;32;74;2037;60;0;426.8
STG;01.02.1996 00:00;-5.1;0.8;-2;-2.8;-3.1;-3;27;4.2;0;-0.8;14;0;9.7;921.4;-11.8;-5.3;0;639.2;2.2;100;10;0;52.8;82;70;93;4106;86;0;407.2
STG;01.03.1996 00:00;-2.5;4.2;0.6;-3.8;-3.5;-3.7;21;5.2;0;-0.8;7;0;15.8;923.8;-11.2;-2.2;0;602.2;1.7;71;8;0;75.6;87;126;101;7290;92;0;354.2
STG;01.04.1996 00:00;4;11.3;7.5;-0.6;-0.2;-0.9;9;7.1;0;-0.2;3;0;21.7;925.5;-3.6;1.1;0;351.4;2.2;96;10;0;68.2;66;169;96;10270;102;0;151.4
STG;01.05.1996 00:00;7.2;14.7;10.7;-1.5;-1;-1.8;0;10;1;0;0;0;25.6;923.9;2.4;-2.5;0;239.3;2.1;95;16;0;203.8;130;173;84;8610;77;3;71.3
STG;01.06.1996 00:00;11.6;19.6;15.5;-0.2;-0.2;-0.3;0;12.4;4;-0.4;0;0;28.2;930.6;5.6;2.5;0;62.4;2.1;100;9;0;98.9;58;228;100;11813;98;19.3;14.4
STG;01.07.1996 00:00;11.5;19.7;15.5;-2;-2.1;-2;0;12.6;1;-1.6;0;0;26.5;929.5;7.7;1;0;39.1;2.3;110;13;0;191.9;110;236;103;13992;103;7.8;7.1
STG;01.08.1996 00:00;12.1;19.1;15.3;-1.9;-1.5;-2.2;0;14.1;1;-0.4;0;0;25.5;927.9;8.4;-0.7;0;17.1;1.9;100;18;0;256.5;138;182;92;9701;77;5;1.1
STG;01.09.1996 00:00;6.5;12.7;9.3;-3.8;-3.4;-4.1;0;9.7;0;-2.3;0;0;19.4;925.8;3.4;-2.7;0;301.8;1.9;106;10;0;151.5;110;127;91;6686;72;0;85.8
STG;01.10.1996 00:00;5.7;11.2;8.5;-0.7;-0.6;-1.2;0;9;0;-0.5;0;0;19.2;928.6;0.4;1.1;0;332.3;2;111;16;0;162.2;155;72;87;5105;84;0;116.3
STG;01.11.1996 00:00;1.1;6.8;4;-0.3;-0.5;-0.2;11;6.4;0;-0.4;2;0;18;922.3;-5.5;-3.6;0;468.2;2.8;147;14;0;138.7;150;48;103;3842;109;0;244.2
STG;01.12.1996 00:00;-4.4;0.1;-2;-3.3;-2.8;-3.8;24;4.9;0;-0.5;13;0;8.4;921.6;-16.3;-5.7;0;682.2;1.5;71;9;0;66.8;74;32;94;1761;62;0;434.2
STG;01.01.1997 00:00;-4.3;0.3;-2;-2.2;-2;-2.6;28;4.7;0;-0.3;15;0;13.6;929;-12.6;1.2;0;683.1;1.3;62;3;0;6.7;10;39;90;2309;68;0;435.1
STG;01.02.1997 00:00;0.4;7.3;3.7;2.9;2.4;3.5;13;5.4;0;0.4;3;0;14.2;932.1;-7.5;5.4;0;455.4;2.7;123;9;0;73.3;114;79;105;5981;126;0;231.4
STG;01.03.1997 00:00;2.8;10;6.3;1.9;1.8;2.1;5;6.9;0;0.9;0;0;16.7;933.1;-1.6;7.1;0;424.9;2.4;100;9;0;54.3;62;115;92;6751;85;0;176.9
STG;01.04.1997 00:00;1.3;10.2;5.6;-2.5;-2.9;-2;13;5.9;0;-1.4;0;0;17.1;928.2;-4.3;3.8;0;423.5;2.6;113;13;0;114.8;112;197;112;13051;130;0;191.5
STG;01.05.1997 00:00;7.4;16.9;11.9;-0.3;-0.8;0.4;0;9.3;0;-0.7;0;0;23.8;926.3;0.8;-0.1;0;185;2.6;118;9;0;69.6;44;235;114;13867;125;1.7;49
STG;01.06.1997 00:00;10.4;18.2;14.1;-1.6;-1.4;-1.7;0;12.3;1;-0.5;0;0;25.5;923.2;4.3;-4.9;0;76.8;2.2;105;20;0;179.4;105;198;87;7173;60;2.8;12.8
STG;01.07.1997 00:00;11.9;19.4;15.4;-2.1;-1.7;-2.3;0;13.4;0;-0.8;0;0;24.1;929.3;9.2;0.8;0;27.8;2.1;100;15;0;207.9;119;207;90;10520;77;1.4;3.8
STG;01.08.1997 00:00;14.2;22.2;18;0.8;0.6;0.9;0;15.2;6;0.7;0;0;26.3;929.2;8.7;0.6;0;18.1;1.7;89;7;0;108;58;215;109;14823;118;25.7;2.1
STG;01.09.1997 00:00;10.3;17.8;13.7;0.6;0.4;1;0;12.9;0;0.9;0;0;23.6;932.2;5.3;3.7;0;118.6;1.4;78;4;0;62.8;46;160;114;12270;133;2.7;14.6
STG;01.10.1997 00:00;5;10.6;7.7;-1.5;-1.3;-1.8;6;8.9;0;-0.6;0;0;21.5;927.6;-4.4;0.1;0;350.7;2;111;9;0;79.2;76;89;108;6677;110;0.6;166.7
STG;01.11.1997 00:00;1.4;7.2;4.3;0;-0.2;0.2;12;6.7;0;-0.1;0;0;20.8;920.3;-2.6;-5.6;0;470.1;1.7;89;9;0;26.6;29;45;97;2688;76;0;238.1
STG;01.12.1997 00:00;-0.5;5;2.5;1.2;1.1;1.1;18;5.7;0;0.3;6;0;14.6;923.2;-7;-4.1;0;541.7;2.6;124;11;0;127;140;30;88;1769;62;0;293.7
STG;01.01.1998 00:00;-1;4;1.4;1.2;1.3;1.1;14;5;0;0;11;0;12.5;927.5;-8.6;-0.3;0;578;2.2;105;13;0;65.9;99;46;106;4057;119;0;330
STG;01.02.1998 00:00;0;7.1;3.6;2.8;2;3.3;10;5.4;0;0.4;4;0;15.4;934.6;-8.9;7.9;0;460;1.6;73;4;0;28.9;45;91;121;8444;177;0;236
STG;01.03.1998 00:00;0.4;6.8;3.7;-0.7;-0.6;-1.1;14;5.7;0;-0.3;1;0;18.6;931.5;-6.5;5.5;0;486.3;2.4;100;16;0;109.7;126;112;90;6231;79;0;262.3
STG;01.04.1998 00:00;3.8;11.7;7.6;-0.5;-0.4;-0.5;3;7.1;0;-0.2;0;0;18.9;917.3;-2.7;-7.1;0;326.1;2.9;126;14;0;94.9;92;164;93;8277;82;0;142.1
STG;01.05.1998 00:00;8.5;17.5;12.8;0.6;0.3;1;0;9.5;2;-0.5;0;0;25.4;926.2;2;-0.2;0;157.6;2.1;95;10;0;86.1;55;241;117;14668;132;4.3;37.6
STG;01.06.1998 00:00;11.9;20.2;15.9;0.2;0.1;0.3;0;12.3;4;-0.5;0;1;28.7;928.8;4.6;0.7;0;63.8;2.3;110;12;0;157.9;93;238;104;11887;99;22.5;15.8
STG;01.07.1998 00:00;13.1;20.8;16.9;-0.6;-0.5;-0.9;0;13.9;4;-0.3;0;0;29.9;927;7.1;-1.5;0;10.7;2.3;110;13;0;215.1;123;196;85;9038;66;23.3;2.7
STG;01.08.1998 00:00;13.4;21.2;17;-0.2;-0.2;-0.1;0;13.9;8;-0.6;0;2;30.6;929.8;6.5;1.2;2;39.1;1.9;100;9;0;165.2;89;189;96;13171;105;37.1;7.1
STG;01.09.1998 00:00;9.4;15.5;12.1;-1;-0.5;-1.3;0;11.7;0;-0.3;0;0;23;924.5;4.2;-4;0;167.8;2.2;122;20;0;247.5;180;113;81;5057;55;0.5;39.8
STG;01.10.1998 00:00;6.2;11.7;8.8;-0.4;-0.1;-0.7;0;9;0;-0.5;0;0;18.3;926.3;2.1;-1.2;0;311.6;2.7;150;18;0;165.6;158;62;75;3070;51;0;103.6
STG;01.11.1998 00:00;-1.9;3;0.7;-3.6;-3.5;-4;17;5.5;0;-1.3;10;0;13.1;927.3;-11.3;1.4;0;578.8;2;105;14;0;114.3;123;48;103;3551;101;0;338.8
STG;01.12.1998 00:00;-1.6;4;1.4;0.1;0;0.1;21;4.9;0;-0.5;10;0;11.7;930.5;-9.7;3.2;0;575.7;2.2;105;7;0;50.6;56;39;114;3818;134;0;327.7
STG;01.01.1999 00:00;0;5.2;2.7;2.5;2.3;2.3;15;5;0;0;4;0;12.6;926.5;-10.3;-1.3;0;536.7;2.3;110;11;0;52.4;78;52;120;5901;173;0;288.7
STG;01.02.1999 00:00;-4.3;0.5;-1.8;-2.6;-2.3;-3.3;22;4.7;0;-0.3;12;0;8.7;925.6;-13.1;-1.1;0;611.1;3;136;15;0;175.1;273;64;85;2320;49;0;387.1
STG;01.03.1999 00:00;1.6;8.2;4.7;0.3;0.6;0.3;9;6.4;0;0.4;0;0;15.8;922.8;-3.5;-3.2;0;465.5;2.2;92;11;0;71.5;82;119;96;7030;89;0;225.5
STG;01.04.1999 00:00;3.9;11.2;7.2;-0.9;-0.3;-1;4;7.9;0;0.6;0;0;19.1;924.6;-1;0.2;0;368.9;2.2;96;18;0;150.8;147;161;91;7613;76;0;144.9
STG;01.05.1999 00:00;9.9;17.7;13.4;1.2;1.7;1.2;0;11.7;3;1.7;0;0;26;926.8;5;0.4;0;115.1;1.9;86;14;0;372.4;238;189;92;10029;90;7.7;19.1
STG;01.06.1999 00:00;9.6;17.8;13.4;-2.3;-2.2;-2.1;0;12;1;-0.8;0;0;26.7;929.4;4.4;1.3;0;98.5;1.9;90;20;0;222.6;131;200;87;9015;75;3;18.5
STG;01.07.1999 00:00;13.7;21.3;17.2;-0.3;0.1;-0.4;0;14.7;6;0.5;0;0;28.6;928.3;9.5;-0.2;0;9.5;2;95;13;0;101.5;58;215;94;11797;87;26.7;1.5
STG;01.08.1999 00:00;13.4;20.3;16.4;-0.8;-0.2;-1;0;14.6;2;0.1;0;0;26.4;926.7;9.6;-1.9;0;0;1.8;95;17;0;150.5;81;169;86;8822;70;11.4;0
STG;01.09.1999 00:00;12.3;19.5;15.5;2.4;2.4;2.7;0;13.7;0;1.7;0;0;23.9;925.7;7.9;-2.8;0;8.1;1.9;106;11;0;114.4;83;148;106;10402;113;2.9;0.1
STG;01.10.1999 00:00;6;12.4;8.8;-0.4;-0.3;0;0;9.3;0;-0.2;0;0;20.2;928.1;0;0.6;0;322.2;1.7;94;7;0;61.9;59;81;98;5341;88;0;106.2
STG;01.11.1999 00:00;-1;3.3;1.1;-3.2;-2.6;-3.7;20;5.8;0;-1;6;0;15.8;929.8;-8.3;3.9;0;559.2;1.6;84;12;0;184.9;199;45;97;3090;88;0;327.2
STG;01.12.1999 00:00;-2.1;4.4;1.3;0;-0.5;0.5;18;5.1;0;-0.3;8;0;11.7;923.9;-11.5;-3.4;0;581.3;2.8;133;16;0;136.4;151;35;102;2387;84;0;333.3
STG;01.01.2000 00:00;-3.5;1.2;-1;-1.2;-1.2;-1.7;26;4.9;0;-0.1;10;0;8;933.1;-13.6;5.3;0;650.8;2;95;7;0;28.1;42;44;102;3557;105;0;402.8
STG;01.02.2000 00:00;0.4;6.5;3.3;2.5;2.4;2.7;14;5.7;0;0.7;2;0;15.1;931.9;-6.3;5.2;0;484.8;2.7;123;14;0;96.3;150;68;91;4346;91;0;252.8
STG;01.03.2000 00:00;1.5;7.6;4.4;0;0.5;-0.3;8;6.1;0;0.1;0;0;14.9;929.2;-3.8;3.2;0;483.3;2.8;117;15;0;140.9;161;111;89;6884;87;0;235.3
STG;01.04.2000 00:00;4.6;13.5;9.2;1.1;0.4;1.3;2;7.4;0;0.1;0;0;22.7;919.2;-3.4;-5.2;0;285.8;2.6;113;9;0;89;86;172;98;9717;97;0;109.8
STG;01.05.2000 00:00;9.8;18.5;13.8;1.6;1.6;2;0;11;1;1;0;0;25.2;927.1;4.7;0.7;0;110;2.3;105;15;0;170.7;109;211;102;10627;95;5.1;22
STG;01.06.2000 00:00;12.2;21.4;16.6;0.9;0.4;1.5;0;12.4;8;-0.4;0;1;28.5;931.2;6.9;3.1;0;36.1;2;95;7;0;131.6;77;256;112;15267;127;26.2;4.1
STG;01.07.2000 00:00;11.1;18.5;14.3;-3.2;-2.5;-3.2;0;12.6;1;-1.6;0;0;27.7;926;6.4;-2.5;0;88.9;2.4;114;23;0;310;178;201;88;10214;75;4.3;16.9
STG;01.08.2000 00:00;14.1;22;17.9;0.7;0.5;0.7;0;14.7;12;0.2;0;0;30.1;930;10.4;1.4;1;0;1.9;100;11;0;223.9;121;199;101;14640;117;38.3;0
STG;01.09.2000 00:00;10.5;18.1;13.9;0.8;0.6;1.3;0;12.4;0;0.4;0;0;22.5;926.9;6.3;-1.6;0;91.7;2.1;117;12;0;179.5;130;146;104;11180;121;2.5;11.7
STG;01.10.2000 00:00;6.9;12.2;9.1;-0.1;0.6;-0.2;0;9.9;0;0.4;0;0;18.6;926.3;1.6;-1.2;0;323;1.7;94;16;0;95.4;91;59;72;2768;46;0;91
STG;01.11.2000 00:00;2.3;8.7;5.4;1.1;0.7;1.7;2;6.7;0;-0.1;0;0;16.1;920.2;-2;-5.7;0;432.3;2.1;111;12;0;108.4;117;53;114;4682;133;0;200.3
STG;01.12.2000 00:00;0.7;7.1;4.1;2.8;2.3;3.2;14;5.9;0;0.5;3;0;15.7;922.9;-9.5;-4.4;0;492.8;2;95;7;0;25.4;28;35;102;3270;115;0;244.8
STG;01.01.2001 00:00;-1.7;3.7;0.8;0.6;0.6;0.8;20;5.1;0;0.1;7;0;12.8;923.1;-10;-4.7;0;594.5;1.7;81;9;0;74.5;112;43;99;3645;107;0;346.5
STG;01.02.2001 00:00;-0.5;5.3;2.5;1.7;1.5;1.5;15;5.2;0;0.2;5;0;14.9;927.2;-8.2;0.5;0;490.7;2.8;127;6;0;35.1;55;73;97;4991;105;0;266.7
STG;01.03.2001 00:00;2.8;9.1;5.7;1.3;1.8;1.2;6;7.4;0;1.4;0;0;18.4;918;-1.8;-8;0;442.4;2.5;104;25;0;180.7;207;87;70;3685;47;0;194.4
STG;01.04.2001 00:00;1.9;9.1;5.4;-2.7;-2.3;-3.1;8;6.7;0;-0.6;0;0;19;923.7;-3.5;-0.7;0;425.2;2.4;104;20;0;168.8;164;142;81;6103;61;0;201.2
STG;01.05.2001 00:00;9.7;18.7;14.1;1.9;1.5;2.2;0;11.1;1;1.1;0;0;25.6;926.7;5.2;0.3;0;77.1;2.2;100;9;0;100.3;64;223;108;13171;118;7.5;21.1
STG;01.06.2001 00:00;9.7;18;13.7;-2;-2.1;-1.9;0;11.1;2;-1.7;0;0;27.3;928.7;0.9;0.6;0;110.2;2.2;105;13;0;254.3;149;229;100;12427;104;6.7;22.2
STG;01.07.2001 00:00;13.3;21.7;17.3;-0.2;-0.3;0;0;13.8;9;-0.4;0;0;29.6;927.8;8.1;-0.7;0;18.3;2;95;12;0;124.9;72;233;101;14960;110;27.9;2.3
STG;01.08.2001 00:00;14.1;22;17.8;0.6;0.5;0.7;0;15;8;0.5;0;0;28.7;929.4;8.6;0.8;0;0;1.8;95;12;0;124;67;202;103;14209;113;31.3;0
STG;01.09.2001 00:00;7.6;13.1;10.1;-3;-2.3;-3.7;0;10.2;0;-1.8;0;0;20.4;925.9;3.4;-2.6;0;249.1;2.3;128;22;0;206.9;150;101;72;4331;47;0;65.1
STG;01.10.2001 00:00;9.7;16.4;12.9;3.7;3.4;4;0;11.4;0;1.9;0;0;22.1;930.5;3.3;3;0;103.5;1.6;89;8;0;65.7;63;102;124;9097;150;0.8;15.5
STG;01.11.2001 00:00;-1;3.4;1.3;-3;-2.6;-3.6;16;6;0;-0.8;6;0;11.4;930.4;-5.9;4.5;0;561.7;2;105;13;0;111.1;120;46;99;3607;102;0;321.7
STG;01.12.2001 00:00;-4.4;0.6;-1.7;-3;-2.8;-3.3;23;4.8;0;-0.6;17;0;9.5;930.3;-15.4;3;0;673.8;2.5;119;12;0;61.5;68;32;94;2472;87;0;425.8
STG;01.01.2002 00:00;-2.7;2.9;0;-0.2;-0.4;0;19;4.7;0;-0.3;13;0;14.8;934.2;-11.1;6.4;0;618.5;1.7;81;1;0;7.6;11;56;129;5356;157;0;370.5
STG;01.02.2002 00:00;1.7;7.4;4.4;3.6;3.7;3.6;10;6.1;0;1.1;0;0;15.9;926.2;-7.8;-0.5;0;436.2;3.3;150;9;0;81.8;127;63;84;3130;66;0;212.2
STG;01.03.2002 00:00;2.1;9.7;5.8;1.4;1.1;1.8;11;6.3;0;0.3;0;0;15.7;927.4;-4.3;1.4;0;441.4;2.4;100;8;0;59.9;69;140;113;10288;130;0;193.4
STG;01.04.2002 00:00;3.2;11.3;7.1;-1;-1;-0.9;6;6.9;0;-0.4;0;0;18.8;924.3;-3.1;-0.1;0;373.2;2.2;96;8;0;91.6;89;173;98;9541;95;0;149.2
STG;01.05.2002 00:00;7.9;16.1;11.8;-0.4;-0.3;-0.4;0;9.9;1;-0.1;0;0;25.3;925.3;3.3;-1.1;0;181.4;2.2;100;14;0;193.9;124;196;95;9821;88;3.4;53.4
STG;01.06.2002 00:00;13.3;22;17.6;1.9;1.5;2.1;0;13.9;11;1.1;0;1;30.6;928.1;8;0;1;35.4;2.1;100;11;0;237.4;139;248;108;14407;120;49;3.4
STG;01.07.2002 00:00;12.9;20.5;16.5;-1;-0.7;-1.2;0;14;3;-0.2;0;0;25.5;927.3;8.5;-1.2;0;8;2;95;13;0;202.4;116;207;90;11780;87;10.9;0
STG;01.08.2002 00:00;12.9;19.6;16;-1.2;-0.7;-1.7;0;14.7;0;0.2;0;0;24.8;927;9.5;-1.6;0;17.3;1.9;100;14;0;358.3;193;177;90;10147;81;3.5;1.3
STG;01.09.2002 00:00;7.9;14.5;11;-2.1;-2;-2.3;2;11.4;0;-0.6;0;0;21.6;928.4;-0.3;-0.1;0;193.4;1.8;100;16;0;245.2;178;123;88;8015;87;0;65.4
STG;01.10.2002 00:00;6;12;8.9;-0.3;-0.3;-0.4;0;9;0;-0.5;0;0;19.3;925.4;0.7;-2.1;0;301.6;2.1;117;16;0;132;126;78;95;5120;84;0;101.6
STG;01.11.2002 00:00;3.4;9.6;6.2;1.9;1.8;2.6;1;7.7;0;0.9;0;0;15.8;920.9;-1.3;-5;0;414.3;2.5;132;19;0;182.9;197;37;79;2276;65;0;174.3
STG;01.12.2002 00:00;0.4;4.8;2.6;1.3;2;0.9;14;6.5;0;1.1;6;0;14.3;925.1;-6.3;-2.2;0;538.6;2;95;11;0;85;94;20;58;589;21;0;290.6
STG;01.01.2003 00:00;-3.5;1.5;-1.1;-1.3;-1.2;-1.4;24;4.9;0;-0.1;11;0;13.4;924.8;-11.6;-3;0;652.9;2.2;105;15;0;83.7;125;39;90;3176;93;0;404.9
STG;01.02.2003 00:00;-6;-0.7;-3.3;-4.1;-4;-4.5;26;3.8;0;-1.2;16;0;10.4;927.9;-11.7;1.2;0;652.5;1.4;64;4;0;45.5;71;85;113;5400;113;0;428.5
STG;01.03.2003 00:00;2.1;10.2;6;1.6;1.1;2.3;12;5.7;0;-0.3;0;0;17;931.9;-3.8;5.9;0;411.6;1.9;79;7;0;56.7;65;156;125;12945;164;0;187.6
STG;01.04.2003 00:00;2.9;12.1;7.5;-0.6;-1.3;-0.1;11;6.7;0;-0.6;1;0;21.5;925.4;-6.2;1;0;341.6;2.4;104;10;0;51.4;50;193;110;11888;118;0;149.6
STG;01.05.2003 00:00;9.6;17.5;13.4;1.2;1.4;1;0;10.9;3;0.9;0;0;29.2;929;2.9;2.6;0;122.6;2.2;100;16;0;132;84;189;92;9107;82;9.9;34.6
STG;01.06.2003 00:00;16.2;25.6;20.7;5;4.4;5.7;0;15.5;15;2.7;0;2;31.4;928.5;12.5;0.4;3;0;2.1;100;8;0;59.4;35;280;122;16090;134;72.2;0
STG;01.07.2003 00:00;14;22.6;18.2;0.7;0.4;0.9;0;13.8;9;-0.4;0;0;30.3;928.9;10.7;0.4;1;0;2;95;13;0;199.9;115;247;108;16539;122;36.5;0
STG;01.08.2003 00:00;17;25.8;21.2;4;3.4;4.5;0;14.7;19;0.2;0;9;32.9;929.8;8.6;1.2;6;9.7;1.8;95;8;0;73.3;40;228;116;17651;140;104.2;1.7
STG;01.09.2003 00:00;9.7;17.3;13.2;0.1;-0.2;0.5;0;11.2;0;-0.8;0;0;23.7;931.4;4.6;2.9;0;117.8;1.7;94;11;0;94.9;69;161;115;12596;136;3.2;21.8
STG;01.10.2003 00:00;2.3;8.7;5.4;-3.8;-4;-3.7;8;7.8;0;-1.7;1;0;20.6;923.3;-7.2;-4.2;0;444.7;2;111;12;0;208.3;199;73;89;5588;92;0;212.7
STG;01.11.2003 00:00;2.7;8.8;5.7;1.4;1.1;1.8;4;7.2;0;0.4;0;0;17.3;926.7;-1.9;0.8;0;430;1.4;74;6;0;74.3;80;57;122;5627;160;0;190
STG;01.12.2003 00:00;-2.1;4.6;1.4;0.1;-0.5;0.7;20;5.1;0;-0.3;10;0;17.6;927.6;-9.8;0.3;0;571;2.3;110;8;0;40.1;44;38;111;3726;131;0;331
STG;01.01.2004 00:00;-2.9;2;-0.4;-0.6;-0.6;-0.9;24;5;0;0;9;0;10.5;921.2;-8.8;-6.6;0;633.7;2.5;119;15;0;122.2;183;37;85;1820;54;0;385.7
STG;01.02.2004 00:00;-1.8;4.5;1.3;0.5;0.2;0.7;21;4.7;0;-0.3;6;0;14.3;928.3;-9.3;1.6;0;543.1;2.3;105;9;0;48.4;75;84;112;6245;131;0;311.1
STG;01.03.2004 00:00;-0.4;6;2.7;-1.7;-1.4;-1.9;20;5.4;0;-0.6;5;0;19.2;929.1;-7.6;3.1;0;523.2;1.8;75;10;0;145.9;167;137;110;9552;121;0;291.2
STG;01.04.2004 00:00;3.8;11.9;8;-0.1;-0.4;-0.3;2;6.9;0;-0.4;0;0;19.1;922.9;-1.1;-1.5;0;322.8;2.5;109;8;0;82.5;80;183;104;10683;106;0;130.8
STG;01.05.2004 00:00;6.3;14.3;10.2;-2;-1.9;-2.2;0;8.6;0;-1.4;0;0;22.7;925.2;0.7;-1.2;0;271.6;2;91;15;0;170.2;109;214;104;12561;113;0;79.6
STG;01.06.2004 00:00;11.3;18.8;14.9;-0.8;-0.5;-1.1;0;12.1;3;-0.7;0;0;26.8;929.6;7.1;1.5;0;72.4;2.1;100;16;0;178.9;105;207;91;10349;86;11.2;8.4
STG;01.07.2004 00:00;12.7;20.6;16.4;-1.1;-0.9;-1.1;0;13.7;5;-0.5;0;0;27;929.1;8.9;0.6;0;37.1;2;95;16;0;162.5;93;213;93;12230;90;19;5.1
STG;01.08.2004 00:00;13.8;21.4;17.3;0.1;0.2;0.1;0;14.7;7;0.2;0;0;26.7;926.7;9;-1.9;0;8.3;2.1;111;13;0;109.6;59;196;100;12417;99;22.6;0.3
STG;01.09.2004 00:00;10.5;17.1;13.5;0.4;0.6;0.3;0;12.2;0;0.2;0;0;23.9;931.6;5.5;3.1;0;97.4;2;111;12;0;151.3;110;139;99;10002;108;2.6;25.4
STG;01.10.2004 00:00;8.2;14.1;10.9;1.7;1.9;1.7;0;10.6;0;1.1;0;0;23;924.2;1.9;-3.3;0;193.6;2.2;122;12;0;141.9;135;80;97;5449;90;0.3;65.6
STG;01.11.2004 00:00;0.9;5.2;3.1;-1.2;-0.7;-1.8;15;6.7;0;-0.1;4;0;11.6;929.6;-4.9;3.7;0;508.5;2;105;11;0;54.9;59;36;77;1323;38;0;268.5
STG;01.12.2004 00:00;-2.9;1.9;-0.3;-1.6;-1.3;-2;29;5;0;-0.4;13;0;7.5;928;-7.8;0.7;0;630.9;1.5;71;8;0;69.3;77;37;108;2977;104;0;382.9
STG;01.01.2005 00:00;-2.9;2.6;0;-0.2;-0.6;-0.3;21;4.6;0;-0.4;10;0;12.6;931.7;-13.2;3.9;0;620.6;2.5;119;12;0;52.4;78;51;118;5046;148;0;372.6
STG;01.02.2005 00:00;-5.1;-0.6;-2.8;-3.6;-3.1;-4.4;26;4.1;0;-0.9;18;0;9.9;925.3;-13.9;-1.4;0;637.4;2.1;95;13;0;72.7;113;75;100;3603;76;0;413.4
STG;01.03.2005 00:00;0.6;7.4;3.9;-0.5;-0.4;-0.5;14;6.4;0;0.4;5;0;17.9;925.9;-16.7;-0.1;0;485.3;2;83;13;0;58.8;67;135;109;8819;112;0;253.3
STG;01.04.2005 00:00;4.5;11.8;8;-0.1;0.3;-0.4;2;7.5;0;0.2;0;0;21.8;924.4;-1.2;0;0;345.2;2.2;96;11;0;138.2;134;164;93;8654;86;0;129.2
STG;01.05.2005 00:00;8.1;16.7;12.3;0.1;-0.1;0.2;0;9.8;3;-0.2;0;0;27;928;1.6;1.6;0;207.1;2.2;100;16;0;159.3;102;215;104;12605;113;13.9;63.1
STG;01.06.2005 00:00;12.2;21.1;16.5;0.8;0.4;1.2;0;12.9;9;0.1;0;0;29.1;930.1;3.9;2;0;53.6;1.9;90;12;0;158;93;254;111;15770;131;35.2;13.6
STG;01.07.2005 00:00;13.2;20.8;16.8;-0.7;-0.4;-0.9;0;13.9;9;-0.3;0;0;29;928.2;8.7;-0.3;0;27.4;2.2;105;15;0;174.4;100;199;87;11090;82;30.5;3.4
STG;01.08.2005 00:00;11.3;18.2;14.5;-2.7;-2.3;-3.1;0;13.5;0;-1;0;0;24.4;928.7;7.2;0.1;0;36.5;1.9;100;16;0;282.3;152;161;82;9553;76;1.8;4.5
STG;01.09.2005 00:00;11.2;17.7;14.3;1.2;1.3;0.9;0;13.1;1;1.1;0;0;25.1;929.6;5.1;1.1;0;91.8;1.8;100;8;0;83.7;61;138;99;9661;105;8.7;27.8
STG;01.10.2005 00:00;7.5;13.7;10.4;1.2;1.2;1.3;0;10.1;0;0.6;0;0;22.9;930;2.5;2.5;0;238.2;1.3;72;5;0;67.7;65;93;113;8513;140;0;62.2
STG;01.11.2005 00:00;0.5;6;3.2;-1.1;-1.1;-1;15;6.5;0;-0.3;3;0;16.8;927.2;-6.8;1.3;0;498.5;1.6;84;7;0;31;33;50;107;4046;115;0;266.5
STG;01.12.2005 00:00;-4.1;0.5;-1.5;-2.8;-2.5;-3.4;26;4.7;0;-0.7;15;0;9.9;926.2;-10.9;-1.1;0;668.1;1.9;90;10;0;59.3;66;33;96;2125;74;0;420.1
STG;01.01.2006 00:00;-6.7;-0.5;-3.7;-3.9;-4.4;-3.4;30;4.1;0;-0.9;19;0;10.8;930.5;-12.8;2.7;0;733.8;1.3;62;7;0;25.2;38;57;132;5600;165;0;485.8
STG;01.02.2006 00:00;-3.6;0.9;-1.3;-2.1;-1.6;-2.9;21;4.6;0;-0.4;14;0;10.1;923;-9.9;-3.7;0;596.4;2;91;8;0;45.6;71;60;80;2751;58;0;372.4
STG;01.03.2006 00:00;-1.8;4.7;1.4;-3;-2.8;-3.2;21;5.4;0;-0.6;10;0;19.1;920.9;-11.1;-5.1;0;564.6;2.4;100;17;0;143;164;113;91;5272;67;0;332.6
STG;01.04.2006 00:00;4.1;10.8;7.2;-0.9;-0.1;-1.4;7;7.8;0;0.5;0;0;18.8;924.9;-3.5;0.5;0;356.3;2.1;91;20;0;239.4;233;148;84;7689;76;0;148.3
STG;01.05.2006 00:00;8.2;16.3;12;-0.2;0;-0.2;0;9.9;0;-0.1;0;0;24.2;927.7;1.2;1.3;0;136.7;2.7;123;18;0;175.9;112;184;89;9299;84;0;40.7
STG;01.06.2006 00:00;12;20.8;16.2;0.5;0.2;0.9;0;12.7;8;-0.1;0;0;27.4;931.2;2;3.1;0;91.3;1.9;90;11;0;70.5;41;260;114;15739;131;29.5;27.3
STG;01.07.2006 00:00;16.4;25.9;20.9;3.4;2.8;4.2;0;15.4;21;1.2;0;2;30.1;931.1;12.5;2.6;2;0;1.9;90;8;0;92.1;53;273;119;19388;143;87.5;0
STG;01.08.2006 00:00;10.9;16.9;13.4;-3.8;-2.7;-4.4;0;12;0;-2.5;0;0;23.7;925.4;6.4;-3.2;0;92.5;2.6;137;23;0;259.8;140;146;74;6444;51;0.2;12.5
STG;01.09.2006 00:00;12.9;19.6;16;2.9;3;2.8;0;14.1;1;2.1;0;0;25.6;927.8;8.9;-0.7;0;8.6;1.8;100;11;0;166.9;121;152;109;11065;120;9.5;0.6
STG;01.10.2006 00:00;9.2;15.7;12.2;3;2.9;3.3;0;11;0;1.5;0;0;22.6;927.1;5.3;-0.4;0;129.2;1.7;94;7;0;57.4;55;92;112;8035;132;0;25.2
STG;01.11.2006 00:00;3.8;10.5;7.3;3;2.2;3.5;3;7.2;0;0.4;0;0;18.7;929.8;-2.2;3.9;0;354.5;2.2;116;9;0;40.3;43;56;120;5538;157;0;146.5
STG;01.12.2006 00:00;-0.5;5.5;2.7;1.4;1.1;1.6;16;5.4;0;0;7;0;16.3;934;-6.5;6.7;0;538.1;1.7;81;8;0;84.1;93;42;123;5416;190;0;290.1
STG;01.01.2007 00:00;1.2;6.1;3.6;3.4;3.5;3.2;11;6.2;0;1.2;4;0;13.2;930.4;-10.6;2.6;0;507.7;3;143;15;0;63.9;96;39;90;2896;85;0;259.7
STG;01.02.2007 00:00;1.2;7.2;4;3.2;3.2;3.4;9;6;0;1;0;0;11.2;922.9;-3.6;-3.8;0;447.5;2.3;105;12;0;70.8;110;75;100;5837;122;0;223.5
STG;01.03.2007 00:00;1.3;8.2;4.5;0.1;0.3;0.3;12;6.2;0;0.2;1;0;13.6;925.1;-4;-0.9;0;481.7;2.1;88;14;0;117;134;135;109;9512;120;0;233.7
STG;01.04.2007 00:00;7.4;17.2;12.3;4.2;3.2;5;1;8.4;0;1.1;0;0;22.3;929.2;-0.3;4.8;0;168;1.7;74;3;0;27.5;27;235;133;17296;172;0;48
STG;01.05.2007 00:00;9.4;17.6;13.5;1.3;1.2;1.1;0;10.8;1;0.8;0;0;25.5;923.4;2.9;-3;0;140.9;3;136;14;0;120.7;77;211;102;11692;105;9.1;36.9
STG;01.06.2007 00:00;12.5;20;16;0.3;0.7;0.1;0;13.9;3;1.1;0;0;26.2;925.4;7.7;-2.7;0;38.8;2.2;105;15;0;105.3;62;215;94;10242;85;9.6;6.8
STG;01.07.2007 00:00;13.1;20.9;16.8;-0.7;-0.5;-0.8;0;13.5;6;-0.7;0;1;29.6;927.3;6.9;-1.2;0;29;2.9;138;17;0;174.5;100;225;98;13368;98;33.1;5
STG;01.08.2007 00:00;12.4;19.3;15.8;-1.4;-1.2;-2;0;14.5;2;0;0;0;27.2;927.1;8;-1.5;0;17.4;1.9;100;15;0;232.8;126;172;87;9818;78;11.2;1.4
STG;01.09.2007 00:00;8.5;15.3;11.7;-1.4;-1.4;-1.5;0;11.2;0;-0.8;0;0;22.1;930.4;4.6;1.9;0;166.5;1.9;106;10;0;123.1;89;145;104;8606;93;0;46.5
STG;01.10.2007 00:00;5.7;10.6;7.9;-1.3;-0.6;-1.8;4;9.6;0;0.1;0;0;20.5;931.9;-1.1;4.4;0;339.2;1.4;78;5;0;27.7;26;86;104;6371;105;0;147.2
STG;01.11.2007 00:00;-0.6;3.9;1.6;-2.7;-2.2;-3.1;15;6.1;0;-0.7;4;0;8.8;928.2;-8.8;2.3;0;552.6;2.5;132;9;0;78.9;85;43;92;3157;90;0;312.6
STG;01.12.2007 00:00;-2.7;2;-0.4;-1.7;-1.1;-1.9;20;5.2;0;-0.2;12;0;12.7;931.5;-8.3;4.2;0;632;2.4;114;14;0;98.8;109;38;111;3031;106;0;384
STG;01.01.2008 00:00;-0.1;6.6;3.1;2.9;2.2;3.7;16;5.4;0;0.4;2;0;13.1;929.6;-7.7;1.8;0;524;2;95;9;0;55.7;83;46;106;5258;155;0;276
STG;01.02.2008 00:00;-0.2;7.1;3.2;2.4;1.8;3.3;18;5.4;0;0.4;1;0;14.7;934.6;-8.1;7.9;0;485.8;1.9;86;7;0;28.7;45;101;135;9876;207;0;253.8
STG;01.03.2008 00:00;-0.1;6.1;3;-1.4;-1.1;-1.8;15;5.5;0;-0.5;3;0;17.1;918.9;-9.2;-7.1;0;520;3.3;138;19;0;90.4;104;112;90;5954;75;0;280
STG;01.04.2008 00:00;3;10.3;6.4;-1.7;-1.2;-1.9;4;7.2;0;-0.1;0;0;18;921.2;-4.5;-3.2;0;399.6;2.3;100;15;0;166.6;162;136;77;5785;58;0;167.6
STG;01.05.2008 00:00;9.7;18.4;14.1;1.9;1.5;1.9;0;9.8;3;-0.2;0;0;27.1;924.8;5;-1.6;0;90.5;2.2;100;5;0;38.6;25;237;115;14108;127;15.6;18.5
STG;01.06.2008 00:00;12.4;19.9;16.1;0.4;0.6;0;0;13.5;6;0.7;0;0;28.5;927.8;6.6;-0.3;0;50.2;1.9;90;15;0;133.2;78;221;97;11225;94;25.8;10.2
STG;01.07.2008 00:00;12.9;20.9;16.8;-0.7;-0.7;-0.8;0;13.7;5;-0.5;0;0;26.6;928.2;9.5;-0.3;0;16.5;2.1;100;15;0;238;136;231;101;13771;101;20.9;0.5
STG;01.08.2008 00:00;13;20.4;16.5;-0.7;-0.6;-0.9;0;14.2;1;-0.3;0;0;26.4;927.5;7.9;-1.1;0;8.3;2;105;12;0;192.3;104;196;100;11554;92;8;0.3
STG;01.09.2008 00:00;8.2;14.5;11.2;-1.9;-1.7;-2.3;0;11;0;-1;0;0;24.9;928.3;2.8;-0.2;0;221.1;1.8;100;11;0;158.5;115;121;87;6968;75;2;77.1
STG;01.10.2008 00:00;6.2;12.1;9.1;-0.1;-0.1;-0.3;3;9.6;0;0.1;0;0;18.4;928.6;-0.5;1.1;0;266.7;1.7;94;11;0;137.8;131;80;97;5815;96;0;106.7
STG;01.11.2008 00:00;1;7.1;3.8;-0.5;-0.6;0.1;10;6.6;0;-0.2;4;0;18.3;924.6;-7.5;-1.3;0;485.5;2;105;9;0;47.9;52;50;107;3663;104;0;245.5
STG;01.12.2008 00:00;-2.5;2;-0.2;-1.5;-0.9;-1.9;23;5.1;0;-0.3;10;0;10.8;926.3;-7.6;-1;0;624.8;2;95;14;0;90.2;100;31;91;2372;83;0;376.8
STG;01.01.2009 00:00;-4.9;0;-2.6;-2.8;-2.6;-2.9;29;4.2;0;-0.8;17;0;9.2;922.8;-10.7;-5;0;700.9;1.5;71;5;0;29.9;45;44;102;3311;97;0;452.9
STG;01.02.2009 00:00;-3.3;2.1;-0.5;-1.3;-1.3;-1.7;22;4.7;0;-0.3;9;0;11.9;922.7;-11.6;-4;0;574;2;91;14;0;75.2;117;71;95;3678;77;0;350
STG;01.03.2009 00:00;-0.1;5.6;2.7;-1.7;-1.1;-2.3;14;5.6;0;-0.4;0;0;11.6;924.5;-5.8;-1.5;0;537.6;2.5;104;15;0;88.1;101;111;89;5272;67;0;289.6
STG;01.04.2009 00:00;6.9;15.2;10.9;2.8;2.7;3;0;7.6;0;0.3;0;0;19.9;923.6;1;-0.8;0;208.9;2.5;109;4;0;23.1;22;204;116;12515;125;0;56.9
STG;01.05.2009 00:00;9.7;18.6;14.2;2;1.5;2.1;0;10.8;2;0.8;0;0;28.4;929.9;3.1;3.5;0;115;2.2;100;14;0;124.3;79;230;112;12604;113;12.3;19
STG;01.06.2009 00:00;11.1;18.7;14.7;-1;-0.7;-1.2;0;12.4;2;-0.4;0;0;26.7;927.4;6.9;-0.7;0;58.2;2.1;100;17;0;237.3;139;218;95;10669;89;7.3;10.2
STG;01.07.2009 00:00;13.6;21.7;17.5;0;0;0;0;14;5;-0.2;0;0;28.4;928.6;7.8;0.1;0;9.6;2.3;110;13;0;192;110;229;100;12445;91;29.2;1.6
STG;01.08.2009 00:00;14.6;22.9;18.6;1.4;1;1.6;0;15.3;8;0.8;0;2;29.1;930;8.3;1.4;0;0;1.8;95;6;0;59.6;32;222;113;15286;122;39.1;0
STG;01.09.2009 00:00;11.2;17.6;14.1;1;1.3;0.8;0;13.1;1;1.1;0;0;27.4;930.7;7.2;2.2;0;38.6;1.5;83;7;0;62.5;45;143;102;9602;104;3;6.6
STG;01.10.2009 00:00;5.8;11.8;8.8;-0.4;-0.5;-0.6;5;9;0;-0.5;0;0;24.3;928.1;-2.2;0.6;0;314.8;1.8;100;11;0;93;89;88;107;6134;101;1.9;122.8
STG;01.11.2009 00:00;4.5;10.6;7.3;3;2.9;3.6;1;7.4;0;0.6;0;0;20.4;922.4;-0.1;-3.5;0;374.1;2.1;111;16;0;143.9;155;49;105;4268;121;0;142.1
STG;01.12.2009 00:00;-2.2;3.5;0.6;-0.7;-0.6;-0.4;20;5.2;0;-0.2;8;0;14.1;917.9;-14.5;-9.4;0;602.3;2;95;14;0;117;129;32;94;2347;82;0;354.3
STG;01.01.2010 00:00;-5.1;-0.9;-3.1;-3.3;-2.8;-3.8;29;4.3;0;-0.7;18;0;5.2;921.5;-9.3;-6.3;0;717.5;1.6;76;10;0;49.9;75;40;92;2281;67;0;469.5
STG;01.02.2010 00:00;-2.8;2.1;-0.2;-1;-0.8;-1.7;17;4.4;0;-0.6;10;0;10.6;914.9;-10.5;-11.8;0;566.3;2.2;100;9;0;52.8;82;77;103;4150;87;0;342.3
STG;01.03.2010 00:00;0.4;6.7;3.5;-0.9;-0.6;-1.2;14;5.3;0;-0.7;8;0;18.3;926;-10.7;0;0;505;2.8;117;13;0;56;64;125;100;7031;89;0;265
STG;01.04.2010 00:00;4.1;12.6;8.4;0.3;-0.1;0.4;4;7.2;0;-0.1;0;0;21.8;927.8;-2.6;3.4;0;322.1;2.1;91;8;0;29.2;28;199;113;11493;114;0;122.1
STG;01.05.2010 00:00;7.2;13.5;10.2;-2;-1;-3;0;9.6;1;-0.4;0;0;25;924.1;3.3;-2.3;0;260.9;2.3;105;22;0;183.6;117;145;70;5593;50;2.2;84.9
STG;01.06.2010 00:00;12;19;15.4;-0.3;0.2;-0.9;0;12.6;5;-0.2;0;1;27;926.2;6.2;-1.9;0;82.3;2.1;100;13;0;214.5;126;206;90;11647;97;22.4;18.3
STG;01.07.2010 00:00;14.5;22.8;18.6;1.1;0.9;1.1;0;15.1;11;0.9;0;0;30.3;929.7;9.1;1.2;2;8;1.9;90;15;0;271.8;156;244;106;15851;117;55.8;0
STG;01.08.2010 00:00;13;19.3;15.9;-1.3;-0.6;-2;0;14;3;-0.5;0;0;28;927.7;6.8;-0.9;0;45.9;2.3;121;17;0;216.3;117;163;83;8690;69;18.7;5.9
STG;01.09.2010 00:00;8.8;15.3;11.8;-1.3;-1.1;-1.5;0;10.9;0;-1.1;0;0;19.6;927.2;4.8;-1.3;0;143.9;1.6;89;8;0;144.8;105;145;104;9251;100;0;31.9
STG;01.10.2010 00:00;5.4;10.9;8.1;-1.1;-0.9;-1.5;3;8.6;0;-0.9;0;0;22.3;924.7;-0.8;-2.8;0;327.3;1.8;100;8;0;120;115;72;87;5422;89;0.8;135.3
STG;01.11.2010 00:00;2.1;6.6;4.3;0;0.5;-0.4;8;7;0;0.2;5;0;16.9;917.8;-7.7;-8.1;0;447.9;2;105;9;0;63.4;68;47;101;3661;104;0;231.9
STG;01.12.2010 00:00;-3.8;1.9;-1.3;-2.6;-2.2;-2;24;4.7;0;-0.7;12;0;13.3;920.5;-10.5;-6.8;0;660.2;1.8;86;16;0;110.2;122;31;91;1532;54;0;412.2
STG;01.01.2011 00:00;-1.9;2.4;0.4;0.2;0.4;-0.5;20;5.2;0;0.2;14;0;11.9;927.7;-10.3;-0.1;0;608;1.8;86;9;0;61.5;92;38;88;2636;77;0;360
STG;01.02.2011 00:00;-0.6;4.8;2.1;1.3;1.4;1;13;5.2;0;0.2;4;0;13.4;927.1;-9.2;0.4;0;501.7;1.3;59;7;0;51.8;81;75;100;5943;125;0;277.7
STG;01.03.2011 00:00;1.8;9.2;5.4;1;0.8;1.3;12;6.1;0;0.1;0;0;16.8;929.4;-4;3.4;0;446;2;83;5;0;65.6;75;131;105;9854;125;0;206
STG;01.04.2011 00:00;6.7;15.7;11.1;3;2.5;3.5;1;8;0;0.7;0;0;22.5;928.3;-0.2;3.9;0;186.5;2;87;5;0;25.5;25;222;126;15546;155;0;58.5
STG;01.05.2011 00:00;9;18.5;13.7;1.5;0.8;2;0;10;0;0;0;0;24.8;929.6;2.2;3.2;0;108.8;2;91;11;0;126.5;81;252;122;16480;148;1.1;28.8
STG;01.06.2011 00:00;11.8;19;15.4;-0.3;0;-0.9;0;12.8;3;0;0;0;27.6;928.5;7.2;0.4;0;38;2.1;100;14;0;165.7;97;207;91;9776;81;12.5;6
STG;01.07.2011 00:00;11.4;19.1;14.9;-2.6;-2.2;-2.6;0;12.5;2;-1.7;0;0;29.5;925.6;7.6;-2.9;0;43.4;2.1;100;15;0;208.1;119;208;91;10518;77;7.3;3.4
STG;01.08.2011 00:00;14.1;22.4;18.1;0.9;0.5;1.1;0;14.7;8;0.2;0;2;30.3;928.1;7.7;-0.5;1;9.1;2;105;12;0;150.2;81;222;113;15051;120;45.2;1.1
STG;01.09.2011 00:00;12;19;15.2;2.1;2.1;2.2;0;13.6;2;1.6;0;0;25.3;930;6.5;1.5;0;40.6;1.7;94;10;0;104.2;76;155;111;11566;125;7.1;8.6
STG;01.10.2011 00:00;5.4;12.2;8.7;-0.5;-0.9;-0.2;2;9.3;0;-0.2;0;0;19.6;931.2;-0.8;3.7;0;298.1;1.7;94;7;0;98.1;94;97;118;8095;133;0;122.1
STG;01.11.2011 00:00;2.2;8.5;5.4;1.1;0.6;1.5;8;7.1;0;0.3;1;0;19.8;930.4;-3.8;4.5;0;423.4;1.3;68;0;0;0.5;1;56;120;5652;160;0;207.4
STG;01.12.2011 00:00;0.2;5.5;2.9;1.6;1.8;1.6;14;5.9;0;0.5;2;0;14;926.9;-6.3;-0.4;0;529.5;3;143;20;0;183.9;203;29;85;2310;81;0;281.5
STG;01.01.2012 00:00;-1.4;3.4;0.8;0.6;0.9;0.5;22;5.4;0;0.4;6;0;11.1;930.6;-7.7;2.8;0;596.3;2.9;138;18;0;95.3;143;36;83;2896;85;0;348.3
STG;01.02.2012 00:00;-7.6;-2.4;-4.9;-5.7;-5.6;-6.2;24;3.7;0;-1.3;16;0;11.2;932.4;-18.2;5.7;0;723.5;1.6;73;9;0;34.2;53;77;103;4352;91;0;491.5
STG;01.03.2012 00:00;3.1;11.2;7.1;2.7;2.1;3.3;7;6.4;0;0.4;0;0;17.3;934.5;-3;8.5;0;386.1;1.7;71;7;0;35.5;41;166;133;14175;179;0;154.1
STG;01.04.2012 00:00;4.1;11.2;7.8;-0.3;-0.1;-1;2;6.9;1;-0.4;0;0;26;916.9;-2.9;-7.5;0;356.6;2.7;117;17;0;143.5;139;152;86;7109;71;5.9;156.6
STG;01.05.2012 00:00;8.6;17.6;13.1;0.9;0.4;1.1;0;10;1;0;0;0;26.5;926.6;0.6;0.2;0;122.4;2.2;100;12;0;93;59;228;111;13239;119;4.6;34.4
STG;01.06.2012 00:00;12.4;20.3;16.2;0.5;0.6;0.4;0;13.7;8;0.9;0;0;28.5;926.7;6.5;-1.4;0;56;2.1;100;14;0;209.5;123;227;99;11593;97;24.1;8
STG;01.07.2012 00:00;13;20.5;16.6;-0.9;-0.6;-1.2;0;13.9;3;-0.3;0;0;28.1;928.4;7.8;-0.1;0;8.4;2.1;100;14;0;147.4;85;207;90;10885;80;15.6;0.4
STG;01.08.2012 00:00;14.2;22.5;18.3;1.1;0.6;1.2;0;14.9;7;0.4;0;0;29.3;929.6;8.5;1;0;10.2;2;105;14;0;213.5;115;226;115;15204;121;36.6;2.2
STG;01.09.2012 00:00;9.8;17.1;13.4;0.3;-0.1;0.3;0;12.2;0;0.2;0;0;22.9;927.9;4.6;-0.6;0;101.8;1.7;94;11;0;152.2;110;137;98;9391;102;1.9;21.8
STG;01.10.2012 00:00;6.2;12;9;-0.2;-0.1;-0.4;5;9.5;0;0;1;0;22.2;924.2;-4.5;-3.3;0;283.1;1.7;94;12;0;172.5;165;82;100;6485;107;0;115.1
STG;01.11.2012 00:00;2.3;7.7;4.9;0.6;0.7;0.7;8;7.2;0;0.4;1;0;15.6;923.9;-3.2;-2;0;452.3;1.5;79;12;0;127;137;51;109;3763;107;0;212.3
STG;01.12.2012 00:00;-1.3;4.2;1.3;0;0.3;0.3;16;5.3;0;-0.1;8;0;15.4;923.9;-10.7;-3.4;0;571;2.6;124;18;0;125.5;139;35;102;2325;82;0;331
STG;01.01.2013 00:00;-2.4;2.2;-0.3;-0.5;-0.1;-0.7;23;5.1;0;0.1;9;0;13.6;923.6;-9.9;-4.2;0;628.3;1.8;86;15;0;75.4;113;41;95;2473;73;0;380.3
STG;01.02.2013 00:00;-5.2;-0.8;-2.9;-3.7;-3.2;-4.6;27;4.3;0;-0.7;17;0;7.9;922.2;-10.9;-4.5;0;642.1;1.9;86;16;0;92;143;63;84;2121;45;0;418.1
STG;01.03.2013 00:00;-1.2;4.4;1.5;-2.9;-2.2;-3.5;19;5.1;0;-0.9;7;0;13.7;916.5;-7.6;-9.5;0;573.4;2.2;92;13;0;75.1;86;104;84;4691;59;0;325.4
STG;01.04.2013 00:00;4.1;10.8;7.5;-0.6;-0.1;-1.4;10;7.7;0;0.4;0;0;21.6;924.7;-3.9;0.3;0;338.6;1.9;83;8;0;83.6;81;137;78;6360;63;0;162.6
STG;01.05.2013 00:00;6.6;13.3;9.6;-2.6;-1.6;-3.2;0;9.3;0;-0.7;0;0;19.2;922.5;1.1;-3.9;0;270.6;2.4;109;20;0;230.7;147;160;78;6214;56;0;86.6
STG;01.06.2013 00:00;10.6;18.4;14.6;-1.1;-1.2;-1.5;0;12;4;-0.8;0;1;30.9;929;3;0.9;2;112.9;2.2;105;15;0;263.9;155;207;91;10552;88;27.1;24.9
STG;01.07.2013 00:00;14.7;23.7;19.1;1.6;1.1;2;0;14.6;11;0.4;0;1;33.3;930.9;10;2.4;2;0;1.9;90;6;0;49.8;29;271;118;17818;131;46.5;0
STG;01.08.2013 00:00;13.4;21.3;17.1;-0.1;-0.2;0;0;14;6;-0.5;0;1;29.9;929.9;9.2;1.3;0;0;1.7;89;11;0;148.4;80;213;108;14099;112;29.7;0
STG;01.09.2013 00:00;10.2;16.6;13.3;0.2;0.3;-0.2;0;12.2;0;0.2;0;0;24.3;927.9;4.3;-0.6;0;125.1;2;111;14;0;151.7;110;133;95;8404;91;4.4;21.1
STG;01.10.2013 00:00;7.5;13.8;10.7;1.5;1.2;1.4;0;10.3;0;0.8;0;0;23.2;928.1;0.2;0.6;0;221.4;1.9;106;11;0;112.3;107;78;95;5579;92;0.4;69.4
STG;01.11.2013 00:00;0.5;4.8;2.6;-1.7;-1.1;-2.2;16;6.6;0;-0.2;3;0;15.8;925.4;-7.7;-0.5;0;505.7;2;105;19;0;152.1;164;39;84;2441;69;0;281.7
STG;01.12.2013 00:00;-1.2;5.4;2.3;1;0.4;1.5;20;4.9;0;-0.5;1;0;13.8;931.6;-5.8;4.3;0;548.9;1.8;86;5;0;32.6;36;53;155;6975;245;0;300.9
STG;01.01.2014 00:00;0.1;5.6;2.7;2.5;2.4;2.7;16;5.8;0;0.8;2;0;14.3;920.4;-5.7;-7.4;0;537.8;1.7;81;11;0;54.4;81;43;99;3455;102;0;289.8
STG;01.02.2014 00:00;0.9;7;3.5;2.7;2.9;3.2;8;5.5;0;0.5;0;0;14.3;920.1;-2.6;-6.6;0;461.1;2.2;100;12;0;50;78;81;108;5573;117;0;237.1
STG;01.03.2014 00:00;2.3;10.2;6.2;1.8;1.3;2.3;8;6.2;0;0.2;0;0;18.5;926.4;-3.7;0.4;0;414.6;1.8;75;7;0;54.6;63;148;119;12122;153;0;182.6
STG;01.04.2014 00:00;5.9;13.3;9.5;1.4;1.7;1.1;3;8;0;0.7;0;0;18.8;924.7;-0.7;0.3;0;260.8;2.1;91;9;0;83.2;81;178;101;9929;99;0;84.8
STG;01.05.2014 00:00;7.6;15.3;11.3;-0.9;-0.6;-1.2;0;9.1;1;-0.9;0;0;25.5;926.7;2.4;0.3;0;198.1;2.7;123;16;0;152.7;98;197;96;9924;89;3.2;62.1
STG;01.06.2014 00:00;11.8;20.8;16.2;0.5;0;0.9;0;12;5;-0.8;0;0;29.6;928.2;7.8;0.1;0;8.5;2;95;11;0;131.1;77;276;121;16087;134;24;0.5
STG;01.07.2014 00:00;13.3;20.2;16.5;-1;-0.3;-1.5;0;14.3;6;0.1;0;0;28.6;926.5;8.4;-2;0;19.4;2.1;100;18;0;272.2;156;192;84;10146;75;20;3.4
STG;01.08.2014 00:00;11.9;18.6;15;-2.2;-1.7;-2.7;0;13.2;1;-1.3;0;0;27.1;926.9;7.8;-1.7;0;26;2.1;111;18;0;183.5;99;166;84;7776;62;3.1;2
STG;01.09.2014 00:00;10.6;17.5;13.7;0.6;0.7;0.7;0;13.2;0;1.2;0;0;22.6;929.2;3.7;0.7;0;96.5;1.5;83;9;0;104.4;76;145;104;8991;97;0.2;16.5
STG;01.10.2014 00:00;8.8;15.1;11.8;2.6;2.5;2.7;0;11.1;0;1.6;0;0;24;928.7;1.7;1.2;0;152.8;1.8;100;8;0;80.7;77;93;113;7357;121;0.6;48.8
STG;01.11.2014 00:00;3.8;9.3;6.4;2.1;2.2;2.3;2;8;0;1.2;0;0;17.7;922.3;-0.2;-3.6;0;388;1.6;84;5;0;93.5;101;50;107;3728;106;0;172
STG;01.12.2014 00:00;0;4.7;2.5;1.2;1.6;0.8;12;5.8;0;0.4;4;0;13.2;929.1;-12.1;1.8;0;543.2;2.2;105;15;0;93.2;103;22;64;1473;52;0;295.2
STG;01.01.2015 00:00;-1.1;4;1.3;1.1;1.2;1.1;21;5.1;0;0.1;8;0;14.2;927.1;-7.3;-0.7;0;572.9;2.3;110;13;0;107.8;161;41;95;2549;75;0;332.9
STG;01.02.2015 00:00;-4.1;0.9;-1.5;-2.3;-2.1;-2.9;26;4.4;0;-0.6;12;0;8.6;924.7;-8.3;-2;0;602;1.7;77;7;0;45;70;75;100;4082;86;0;378
STG;01.03.2015 00:00;1.4;9;5.2;0.8;0.4;1.1;11;6;0;0;0;0;15.3;928.9;-3.4;2.9;0;458.9;2.6;108;11;0;91.1;104;130;105;9423;119;0;210.9
STG;01.04.2015 00:00;4;12.9;8.6;0.5;-0.2;0.7;7;6.8;0;-0.5;0;0;20.3;930;-2.8;5.6;0;284.1;2.3;100;10;0;157.8;153;210;119;13995;139;0;116.1
STG;01.05.2015 00:00;8.7;16.8;12.6;0.4;0.5;0.3;0;10.3;1;0.3;0;0;26.1;927.6;3.2;1.2;0;157.1;2.2;100;15;0;191.8;123;191;93;9071;81;3.6;37.1
STG;01.06.2015 00:00;12.7;20.5;16.5;0.8;0.9;0.6;0;13;6;0.2;0;0;27.7;930.3;7.8;2.2;0;27.2;2.1;100;13;0;172.5;101;240;105;13216;110;22.4;3.2
STG;01.07.2015 00:00;16.3;24.7;20.6;3.1;2.7;3;0;14.9;18;0.7;0;5;31.7;929;8.7;0.5;4;0;2.2;105;10;0;83.2;48;256;111;16840;124;99.6;0
STG;01.08.2015 00:00;15.1;23.2;19;1.8;1.5;1.9;0;15.3;13;0.8;0;4;31.5;928.5;10.5;-0.1;1;8.2;1.7;89;8;0;158.3;85;220;112;15418;123;68.1;0.2
STG;01.09.2015 00:00;8.2;15.5;11.6;-1.5;-1.7;-1.3;0;10.5;1;-1.5;0;0;25.2;928.5;4.1;0;0;186.2;2;111;14;0;111.2;81;128;92;7460;81;1.8;42.2
STG;01.10.2015 00:00;5.2;10.6;7.7;-1.5;-1.1;-1.8;0;9.3;0;-0.2;0;0;19.7;927.9;0.6;0.4;0;363;1.3;72;13;0;99.5;95;71;86;4065;67;0;139
STG;01.11.2015 00:00;4.2;10.1;7.4;3.1;2.6;3.1;8;7.6;0;0.8;1;0;18.3;931.2;-6.3;5.3;0;327;2.3;121;9;0;83.5;90;61;131;5923;168;0;151
STG;01.12.2015 00:00;2.6;9.1;6.1;4.8;4.2;5.2;7;6.7;0;1.3;0;0;12.2;937.8;-3.3;10.5;0;431.7;1.5;71;6;0;34.1;38;50;146;6790;238;0;183.7
STG;01.01.2016 00:00;-0.2;4.8;2.3;2.1;2.1;1.9;11;5.8;0;0.8;5;0;13.9;924.6;-11.3;-3.2;0;549.9;2.4;114;18;0;164.8;247;38;88;2434;72;0;301.9
STG;01.02.2016 00:00;0.2;6;3.1;2.3;2.2;2.2;19;5.9;0;0.9;0;0;15.4;922.3;-4.1;-4.4;0;489.8;2.7;123;15;0;116.9;182;61;81;3157;66;0;257.8
STG;01.03.2016 00:00;0.1;6.5;3.1;-1.3;-0.9;-1.4;18;5.7;0;-0.3;0;0;19.5;923.1;-5;-2.9;0;518.5;2;83;11;0;65.9;75;120;96;6501;82;0;278.5
STG;01.04.2016 00:00;3.8;11.7;7.6;-0.5;-0.4;-0.5;5;7.6;0;0.3;0;0;19.7;923.1;-1.3;-1.3;0;355.4;2.2;96;13;0;152;148;164;93;9072;90;0;139.4
STG;01.05.2016 00:00;7.6;15.8;11.6;-0.6;-0.6;-0.7;0;9.5;1;-0.5;0;0;25.6;924.5;1.8;-1.9;0;200;2.5;114;13;0;248.7;159;196;95;9981;90;0.6;64
STG;01.06.2016 00:00;11.8;18.9;15.1;-0.6;0;-1;0;13.5;3;0.7;0;0;28;926.8;7;-1.3;0;17.5;2;95;21;0;221.6;130;199;87;8233;69;12.8;1.5
STG;01.07.2016 00:00;14.1;22.1;18.1;0.6;0.5;0.4;0;15.1;8;0.9;0;0;28.1;930.5;8.1;2;0;28;1.9;90;11;0;129;74;238;104;14058;103;36.9;4
STG;01.08.2016 00:00;13.5;21.8;17.5;0.3;-0.1;0.5;0;15;7;0.5;0;0;28.1;931.8;7.2;3.2;0;17.8;1.7;89;11;0;143.8;78;214;109;14628;116;27.1;1.8
STG;01.09.2016 00:00;12.4;19.4;15.8;2.7;2.5;2.6;0;13.3;0;1.3;0;0;24.6;930.5;5.9;2;0;45.1;1.6;89;7;0;78.6;57;167;119;12909;140;12.7;5.1
STG;01.10.2016 00:00;4.8;11;7.5;-1.7;-1.5;-1.4;0;9;0;-0.5;0;0;19.9;930.3;0.8;2.8;0;381.7;1.4;78;12;0;78.2;75;78;95;4504;74;0;141.7
STG;01.11.2016 00:00;1.5;7.9;4.7;0.4;-0.1;0.9;11;6.7;0;-0.1;2;0;17.8;925.5;-5.7;-0.4;0;441.1;2.3;121;11;0;77.5;84;42;90;2504;71;0;225.1
STG;01.12.2016 00:00;-1.8;4.5;1.2;-0.1;-0.2;0.6;24;5.1;0;-0.3;4;0;11.2;937.9;-6.8;10.6;0;584;0.9;43;2;0;6.6;7;50;146;5439;191;0;336
STG;01.01.2017 00:00;-6;-1;-3.6;-3.8;-3.7;-3.9;27;4;0;-1;20;0;9.9;930.1;-12.3;2.3;0;732.7;1.9;90;14;0;74;111;45;104;2423;71;0;484.7
STG;01.02.2017 00:00;0.5;7.1;3.4;2.6;2.5;3.3;12;5.8;0;0.8;2;0;17;926.9;-4.9;0.2;0;465.6;1.9;86;9;0;58.8;92;75;100;4550;95;0;241.6
STG;01.03.2017 00:00;3.5;11.3;7.4;3;2.5;3.4;4;7.1;0;1.1;0;0;18.2;927.4;-1.1;1.4;0;376.9;2.5;104;10;0;90.6;104;145;117;10497;133;0;144.9
STG;01.04.2017 00:00;2.9;10.8;6.9;-1.2;-1.3;-1.4;8;7;0;-0.3;0;0;20.3;929.1;-3.4;4.7;0;384.2;2.1;91;13;0;172.2;167;178;101;10017;100;0;160.2
STG;01.05.2017 00:00;9;18.1;13.4;1.2;0.8;1.6;0;10.1;2;0.1;0;0;27;928;1.7;1.6;0;141.3;2.2;100;12;0;116.2;74;242;117;14284;128;10.7;45.3
STG;01.06.2017 00:00;14.2;22.5;18.2;2.5;2.4;2.6;0;14;8;1.2;0;4;29.7;927.8;6.9;-0.3;0;17.5;2.3;110;13;0;105.1;62;264;115;14857;124;43.4;1.5
STG;01.07.2017 00:00;14;22.1;18;0.5;0.4;0.4;0;14.4;8;0.2;0;0;29.3;928.6;10.5;0.1;0;8.2;2.4;114;21;0;193;111;224;98;12251;90;39.9;0.2
STG;01.08.2017 00:00;14.3;22.4;18.2;1;0.7;1.1;0;15.5;10;1;0;1;29.6;930.1;8.6;1.5;0;18.8;1.8;95;10;0;186.1;100;207;105;13156;105;49.5;2.8
STG;01.09.2017 00:00;8.6;15.2;11.7;-1.4;-1.3;-1.6;0;10.8;0;-1.2;0;0;21.5;927.8;4.3;-0.7;0;162.5;2;111;17;0;193.9;141;135;97;8001;87;0;34.5
STG;01.10.2017 00:00;7.2;14.1;10.9;1.7;0.9;1.7;1;9.3;0;-0.2;0;0;19.6;932.6;-0.3;5.1;0;186.5;2.1;117;11;0;84.5;81;108;131;9117;150;0;66.5
STG;01.11.2017 00:00;1.4;6.2;4;-0.3;-0.2;-0.8;10;6.3;0;-0.5;2;0;15.4;926.9;-2.9;1;0;480.5;2.2;116;12;0;122.8;132;43;92;2942;83;0;240.5
STG;01.12.2017 00:00;-2.2;3.1;0.5;-0.8;-0.6;-0.8;26;5.1;0;-0.3;8;0;11.8;926.3;-6.2;-1;0;605.8;2.3;110;16;0;163.8;181;37;108;2948;103;0;357.8
STG;01.01.2018 00:00;1.2;6.9;3.9;3.7;3.5;4;8;6.3;0;1.3;1;0;14;925.3;-5.4;-2.5;0;499.7;2.9;138;10;0;137.3;206;38;88;2619;77;0;251.7
STG;01.02.2018 00:00;-5.1;-0.9;-3.2;-4;-3.1;-4.7;27;4.2;0;-0.8;20;0;8.2;922.8;-15;-3.9;0;648.3;1.9;86;7;0;82.8;129;53;71;1892;40;0;424.3
STG;01.03.2018 00:00;-0.3;6.5;2.9;-1.5;-1.3;-1.4;13;5.6;0;-0.4;5;0;15.8;914.6;-10.5;-11.4;0;529.8;2.3;96;15;0;94.3;108;111;89;4320;55;0;281.8
STG;01.04.2018 00:00;7.5;17.4;12.6;4.5;3.3;5.2;0;8;0;0.7;0;0;23.6;924.3;0.4;-0.1;0;138.9;2.7;117;7;0;26.3;26;216;123;13080;130;0.6;34.9
STG;01.05.2018 00:00;10.1;18.4;14.1;1.9;1.9;1.9;0;11.5;1;1.5;0;0;25.9;925.8;5.8;-0.6;0;99.3;2;91;9;0;105.6;67;219;106;11955;107;5.7;19.3
STG;01.06.2018 00:00;12.3;21;16.6;0.9;0.5;1.1;0;13.7;4;0.9;0;0;25.6;928.2;7.8;0.1;0;9.1;2;95;10;0;140.9;83;267;117;15731;131;10.2;1.1
STG;01.07.2018 00:00;15;23.7;19.2;1.7;1.4;2;0;14;11;-0.2;0;1;30.2;928.2;10.9;-0.3;1;0;1.8;86;7;0;72.3;41;270;118;18124;133;46.1;0
STG;01.08.2018 00:00;14.9;23.8;19.1;1.9;1.3;2.5;0;15;16;0.5;0;1;30.2;929.7;7.5;1.1;1;17.7;2;105;10;0;233.1;126;220;112;14570;116;58;1.7
STG;01.09.2018 00:00;11.1;19.1;15;1.9;1.2;2.3;0;12.9;1;0.9;0;0;25.7;932.4;2.8;3.9;0;71.1;1.7;94;9;0;135.5;98;172;123;13413;145;4.3;15.1
STG;01.10.2018 00:00;7.3;14.8;10.8;1.6;1;2.4;0;9.6;0;0.1;0;0;22.6;928.1;0.3;0.6;0;218.6;2;111;7;0;70.6;67;101;123;9046;149;0;74.6
STG;01.11.2018 00:00;2.3;7.6;4.9;0.6;0.7;0.6;11;7.4;0;0.6;4;0;19.4;926.2;-3.3;0.3;0;434.1;1.6;84;4;0;19.4;21;45;97;2891;82;0;218.1
STG;01.12.2018 00:00;-0.2;5.2;2.5;1.2;1.4;1.3;15;6.2;0;0.8;5;0;12.5;930.5;-6.6;3.2;0;543.8;2.5;119;18;0;141.5;157;32;94;2160;76;0;295.8
STG;01.01.2019 00:00;-3.9;0.7;-1.4;-1.6;-1.6;-2.2;30;4.6;0;-0.4;11;0;6.7;925;-9.2;-2.8;0;664.3;2.5;119;16;0;131.2;196;44;102;2731;80;0;416.3
STG;01.02.2019 00:00;-0.3;6.5;3.2;2.4;1.7;2.7;15;5;0;0;3;0;14.4;932.6;-8.3;5.9;0;470.3;1.6;73;4;0;56.6;88;107;143;8586;180;0;246.3
STG;01.03.2019 00:00;1.9;10.3;6;1.6;0.9;2.4;10;5.7;0;-0.3;0;0;16.4;929.3;-2.2;3.3;0;434.1;3.4;142;14;0;69.2;79;143;115;10340;131;0;186.1
STG;01.04.2019 00:00;4.2;12.1;8.3;0.2;0;-0.1;4;7.2;0;-0.1;0;0;20.6;923.4;-0.8;-1;0;311;2.5;109;11;0;77.7;76;162;92;8667;86;0;135
STG;01.05.2019 00:00;5.2;13.2;9;-3.2;-3;-3.3;4;8.7;0;-1.3;0;0;19.8;925.4;-0.9;-1;0;302.4;2.3;105;15;0;224;143;185;90;8887;80;0;102.4
STG;01.06.2019 00:00;13.8;23.2;18.5;2.8;2;3.3;0;14;12;1.2;0;3;31.4;928.5;8.4;0.4;3;0;2;95;9;0;112.8;66;275;120;16753;140;56.3;0
STG;01.07.2019 00:00;14.7;23.4;19.1;1.6;1.1;1.7;0;14.4;9;0.2;0;3;31.4;927.8;7.8;-0.7;3;0;2;95;9;0;148.2;85;252;110;15281;112;59.5;0
STG;01.08.2019 00:00;14.2;21.7;17.8;0.6;0.6;0.4;0;15.1;5;0.6;0;0;30;929.7;10.2;1.1;1;0;1.8;95;13;0;198;107;197;100;12260;98;27.8;0
STG;01.09.2019 00:00;9.9;17.5;13.5;0.4;0;0.7;0;12.2;0;0.2;0;0;24.4;930.6;4.3;2.1;0;113.5;1.8;100;10;0;135.3;98;156;112;10817;117;2;17.5
STG;01.10.2019 00:00;8;14.9;11.3;2.1;1.7;2.5;0;10.2;0;0.7;0;0;22.6;927.1;3.5;-0.4;0;189.7;2.1;117;13;0;178.6;170;88;107;6744;111;0;53.7
STG;01.11.2019 00:00;2.2;7.6;4.7;0.4;0.6;0.6;9;7;0;0.2;0;0;16;916.5;-2.8;-9.4;0;454;2;105;13;0;69.1;75;39;84;1870;53;0;222
STG;01.12.2019 00:00;0.5;6.6;3.7;2.4;2.1;2.7;15;5.9;0;0.5;2;0;16.2;925;-5.1;-2.3;0;501.3;2.9;138;13;0;68.4;76;31;91;2253;79;0;261.3
STG;01.01.2020 00:00;-0.4;5.6;2.6;2.4;1.9;2.7;15;5.4;0;0.4;5;0;12.2;934;-6.3;6.2;0;539.1;1.8;86;8;0;37.4;56;55;127;6138;180;0;291.1
STG;01.02.2020 00:00;1.7;9.4;5.4;4.6;3.7;5.6;9;5.7;0;0.7;0;0;16.5;928.5;-6.2;1.8;0;424.5;3.8;173;15;0;126.3;197;81;108;5906;124;0;192.5
STG;01.03.2020 00:00;0.9;8.3;4.5;0.1;-0.1;0.4;13;5.9;0;-0.1;1;0;15.5;926.3;-5.9;0.3;0;481.5;2.5;104;11;0;84.8;97;137;110;9848;125;0;233.5
STG;01.04.2020 00:00;6.3;15.9;11.1;3;2.1;3.7;3;7.4;0;0.1;0;0;20.6;926.9;-4.3;2.5;0;176.9;1.9;83;6;0;46.4;45;243;138;17193;171;0;56.9
STG;01.05.2020 00:00;7.1;16.4;11.9;-0.3;-1.1;-0.1;0;9.5;0;-0.5;0;0;24;929.5;0.2;3.1;0;184;2.1;95;10;0;136.6;87;239;116;14660;132;0.8;48
STG;01.06.2020 00:00;10.9;18.7;14.7;-1;-0.9;-1.2;0;12.4;0;-0.4;0;0;24.8;925.6;7.2;-2.5;0;72.3;2.2;105;19;0;225.2;132;210;92;10810;90;1.9;8.3
STG;01.07.2020 00:00;13.7;22.6;18.2;0.7;0.1;0.9;0;14.2;8;0;0;0;29.4;929.4;9.3;0.9;0;0;2.1;100;9;0;165.7;95;261;114;16783;123;37.5;0
STG;01.08.2020 00:00;14.4;22.2;18.3;1.1;0.8;0.9;0;14.9;9;0.4;0;0;29.1;927.4;8.6;-1.2;0;33.7;2;105;12;0;268.2;145;207;105;13223;105;44.5;1.7
STG;01.09.2020 00:00;11.2;18.3;14.4;1.3;1.3;1.5;0;13.5;0;1.5;0;0;24.9;928.6;3.3;0.1;0;81.4;1.7;94;9;0;163.5;119;157;112;11147;121;5.8;25.4
STG;01.10.2020 00:00;5.8;12.1;8.6;-0.6;-0.5;-0.3;0;8.9;0;-0.6;0;0;20.4;925;1.3;-2.5;0;328.8;2;111;13;0;137;131;82;100;5377;89;0;112.8
STG;01.11.2020 00:00;2.7;8.2;5.3;1;1.1;1.2;10;7.3;0;0.5;3;0;20.1;933.9;-4.7;8;0;432.5;1.3;68;5;0;32.7;35;54;116;5561;158;0;208.5
STG;01.12.2020 00:00;-1;4.5;1.7;0.4;0.6;0.6;22;5.7;0;0.3;4;0;13.7;919.2;-6.7;-8.1;0;566.5;1.6;76;13;0;115.8;128;35;102;2743;96;0;318.5
STG;01.01.2021 00:00;-3;1.4;-0.6;-0.8;-0.7;-1.5;24;4.8;0;-0.2;15;0;10.7;921;-8.9;-6.8;0;638.3;2.4;114;16;0;173.6;260;41;95;2378;70;0;390.3
STG;01.02.2021 00:00;0.5;7.2;3.8;3;2.5;3.4;10;5.7;0;0.7;4;0;18;927.6;-12.6;0.9;0;447.6;1.7;77;10;0;70.6;110;87;116;6706;141;0;231.6
STG;01.03.2021 00:00;0.8;7.8;4.2;-0.2;-0.2;-0.1;15;5.3;0;-0.7;1;0;19.1;931;-5.1;5;0;477.7;2.1;88;12;0;76.9;88;140;113;9853;125;0;245.7
STG;01.04.2021 00:00;1.7;10.5;6;-2.1;-2.5;-1.7;11;5.9;0;-1.4;1;0;20.2;927.2;-6.5;2.8;0;413.8;2.2;96;7;0;41.5;40;214;122;12905;128;0;181.8
STG;01.05.2021 00:00;5.4;13.7;9.4;-2.8;-2.8;-2.8;0;8;1;-2;0;0;25;925.2;0.9;-1.2;0;318.9;2.8;127;20;0;204.8;131;197;96;10022;90;1.7;94.9
STG;01.06.2021 00:00;13.5;22.3;17.7;2;1.7;2.4;0;14.1;7;1.3;0;0;28;929.4;8.4;1.3;0;0;1.9;90;13;0;161.1;95;264;115;14684;122;28.8;0
STG;01.07.2021 00:00;13;20.5;16.5;-1;-0.6;-1.2;0;15;1;0.8;0;0;25.3;927.8;10.3;-0.7;0;0;1.9;90;19;0;284.8;163;195;85;10211;75;4.6;0
STG;01.08.2021 00:00;12.6;19.6;15.7;-1.5;-1;-1.7;0;14.2;5;-0.3;0;0;27.6;928.9;9.5;0.3;0;18.4;1.8;95;13;0;227.9;123;166;84;8480;67;21.9;2.4
STG;01.09.2021 00:00;11.1;18.5;14.6;1.5;1.2;1.7;0;13.2;0;1.2;0;0;23.1;930.8;5.8;2.3;0;57.2;1.5;83;10;0;132.8;96;171;122;12587;136;0.9;9.2
STG;01.10.2021 00:00;5;12.6;8.8;-0.4;-1.3;0.2;1;8.6;0;-0.9;0;0;22.5;930.3;-1;2.8;0;313.7;1.8;100;8;0;49;47;101;123;8518;140;0;113.7
STG;01.11.2021 00:00;0.5;4.9;2.6;-1.7;-1.1;-2.1;13;6.7;0;-0.1;1;0;13.3;925.7;-2.7;-0.2;0;520.8;1.7;89;13;0;61.2;66;39;84;2614;74;0;280.8
STG;01.12.2021 00:00;-0.7;4.1;1.7;0.4;0.9;0.2;22;6;0;0.6;6;0;15.3;925.7;-8.5;-1.6;0;566.9;1.9;90;16;0;139.8;155;34;99;2323;81;0;318.9
STG;01.01.2022 00:00;-2.1;3.4;0.9;0.7;0.2;0.5;26;5;0;0;7;0;15.8;934.2;-7.7;6.4;0;592.7;1.9;90;9;0;63.7;95;55;127;5082;149;0;344.7
STG;01.02.2022 00:00;0.4;6.9;3.4;2.6;2.4;3.1;11;5.4;0;0.4;0;0;14.8;930.5;-6;3.8;0;463.5;3.2;145;14;0;75.7;118;88;117;6587;138;0;239.5
STG;01.03.2022 00:00;1.4;10.1;5.6;1.2;0.4;2.2;11;5.1;0;-0.9;0;0;16.3;930.9;-6.5;4.9;0;445.5;1.6;67;3;0;28.4;33;170;137;14482;183;0;197.5
STG;01.04.2022 00:00;3.2;11.7;7.3;-0.8;-1;-0.5;7;7.1;0;-0.2;2;0;19.9;923.6;-4.2;-0.8;0;357.4;2.2;96;10;0;104.4;101;194;110;11473;114;0;149.4
STG;01.05.2022 00:00;10.6;18.9;14.5;2.3;2.4;2.4;0;11.4;2;1.4;0;0;28;929.4;4.7;3;0;114.7;2;91;11;0;84.1;54;224;109;12532;113;9.7;18.7
STG;01.06.2022 00:00;13.7;22.7;18.2;2.5;1.9;2.8;0;14.1;10;1.3;0;1;30.5;928.6;8.3;0.5;1;8.6;2.2;105;15;0;175.3;103;257;112;14953;125;40.2;0.6
STG;01.07.2022 00:00;14.7;24;19.3;1.8;1.1;2.3;0;13.8;11;-0.4;0;0;31.5;932.1;9.7;3.6;3;0;1.9;90;10;0;80.7;46;273;119;17699;130;54.3;0
STG;01.08.2022 00:00;14.2;22.9;18.4;1.2;0.6;1.6;0;14.8;6;0.3;0;1;31.2;928.6;11.2;0;1;0;1.8;95;12;0;216.6;117;231;117;16676;133;29.3;0
STG;01.09.2022 00:00;9.9;16.2;12.8;-0.3;0;-0.6;0;11.8;0;-0.2;0;0;23;925.9;4.6;-2.6;0;155.5;2.1;117;17;0;171.1;124;140;100;8066;87;3.6;43.5
STG;01.10.2022 00:00;10.7;16.7;13.5;4.3;4.4;4.3;0;11.8;0;2.3;0;0;22.6;932.1;6.3;4.6;0;58.9;1.5;83;8;0;92.4;88;94;114;7255;119;0;10.9
STG;01.11.2022 00:00;3.6;9.1;6.4;2.1;2;2.1;1;7.5;0;0.7;0;0;14.9;926;-2.3;0.1;0;401.2;1.9;100;15;0;75.8;82;49;105;3551;101;0;169.2
STG;01.12.2022 00:00;-0.1;4.7;2.3;1;1.5;0.8;19;6;0;0.6;9;0;15.1;924.6;-10;-2.7;0;542.4;1.7;81;11;0;81.2;90;28;82;2067;72;0;302.4
STG;01.01.2023 00:00;-0.7;3.8;1.6;1.4;1.6;0.9;18;5.4;0;0.4;11;0;14.5;927.4;-6.4;-0.4;0;569.2;2.2;105;8;0;43.9;66;33;76;1643;48;0;321.2
STG;01.02.2023 00:00;-0.4;5.2;2.5;1.7;1.6;1.4;14;5.4;0;0.4;6;0;13.5;935.2;-6.9;8.5;0;490.6;2;91;6;0;53.2;83;82;109;6213;130;0;266.6
STG;01.03.2023 00:00;2.2;9.5;5.9;1.5;1.2;1.6;12;6.4;0;0.4;1;0;19.2;923.1;-3;-2.9;0;415.1;2.7;113;14;0;96;110;112;90;6266;79;0;191.1
STG;01.04.2023 00:00;3.1;10.4;6.5;-1.6;-1.1;-1.8;4;7.5;0;0.2;0;0;18.1;925.5;-4.2;1.1;0;389.2;2.3;100;19;0;210.9;205;154;87;6986;69;0;165.2
STG;01.05.2023 00:00;8.4;16.2;12.1;-0.1;0.2;-0.3;0;10.9;0;0.9;0;0;23.9;928;3.6;1.6;0;172.4;1.9;86;15;0;181;116;191;93;9428;85;0.1;44.4
STG;01.06.2023 00:00;13.3;23.6;18.3;2.6;1.5;3.7;0;12.3;7;-0.5;0;0;29;927.8;9.7;-0.3;0;0;2;95;5;0;43.8;26;308;135;19947;166;24.8;0
STG;01.07.2023 00:00;14.8;23.4;18.9;1.4;1.2;1.7;0;14.4;9;0.2;0;0;31.6;928;9.4;-0.5;3;8.7;2.4;114;14;0;189.2;108;225;98;11722;86;46.9;0.7
STG;01.08.2023 00:00;14.8;22.5;18.4;1.2;1.2;1.2;0;15.1;15;0.6;0;3;31.8;928;8.5;-0.6;1;37.4;2.1;111;15;0;330;178;190;96;11942;95;70.1;5.4
STG;01.09.2023 00:00;13.5;21.3;17.1;4;3.6;4.5;0;14.6;5;2.6;0;0;26.3;930.1;6.8;1.6;0;35.9;1.5;83;5;0;76.9;56;186;133;14774;160;20.1;3.9
STG;01.10.2023 00:00;9.3;16.9;12.7;3.5;3;4.5;0;10.2;0;0.7;0;0;23.9;925;1.9;-2.5;0;165;2;111;9;0;94.2;90;101;123;8028;132;4;45
STG;01.11.2023 00:00;2.5;8.1;4.9;0.6;0.9;1.1;9;6.9;0;0.1;0;0;15.3;920.8;-3.4;-5.1;0;452.1;3;158;23;0;226.6;244;39;84;2119;60;0;212.1
STG;01.12.2023 00:00;0.8;6.6;3.7;2.4;2.4;2.7;11;6;0;0.6;2;0;11.5;927;-7.8;-0.3;0;503.9;2.6;124;16;0;136.7;151;35;102;3233;113;0;255.9
STG;01.01.2024 00:00;-1.3;4.5;1.7;1.5;1;1.6;16;5.4;0;0.4;8;0;12.4;928.7;-10.1;0.9;0;566.2;2;95;13;0;149.1;223;46;106;4180;123;0;318.2
STG;01.02.2024 00:00;3.6;9.4;6.5;5.7;5.6;5.6;0;6.9;0;1.9;0;0;15;925.3;0.1;-1.4;0;390.6;2.1;95;10;0;72.7;113;67;89;4349;91;0;158.6
STG;01.03.2024 00:00;3.5;11.1;7.5;3.1;2.5;3.2;4;6.9;0;0.9;0;0;20;920.1;-0.9;-5.9;0;369.3;3.2;133;17;0;146.8;168;111;89;6685;85;0;145.3
STG;01.04.2024 00:00;5.3;13.5;9.3;1.2;1.1;1.3;4;7.2;1;-0.1;0;0;25;926.4;-1.2;2;0;283.2;2.9;126;14;0;99.4;97;172;98;9244;92;6;131.2
STG;01.05.2024 00:00;9.2;16.7;12.6;0.4;1;0.2;0;10.6;0;0.6;0;0;23.1;924.6;6.2;-1.8;0;133.2;2.2;100;15;0;287.3;184;198;96;9554;86;0.9;21.2
STG;01.06.2024 00:00;12.3;20.8;16.2;0.5;0.5;0.9;0;14;5;1.2;0;0;29.2;926.5;6.9;-1.6;0;53.7;2.1;100;18;0;207.5;122;203;89;9257;77;19.2;5.7
STG;01.07.2024 00:00;14.8;22.9;18.7;1.2;1.2;1.2;0;16;8;1.8;0;0;29.2;928.3;9.8;-0.2;0;0;1.8;86;15;0;195.6;112;233;101;12356;91;40.8;0
STG;01.08.2024 00:00;15.6;23.8;19.6;2.4;2;2.5;0;16.9;16;2.4;0;0;30.3;928.8;10.6;0.2;1;0;1.6;84;11;0;70.5;38;217;110;15287;122;63.1;0
STG;01.09.2024 00:00;9.9;16.8;13.1;0;0;0;0;12.4;2;0.4;0;0;25.7;926.8;4.1;-1.7;0;117.6;1.9;106;14;0;173.2;126;132;94;8077;87;6.9;37.6
STG;01.10.2024 00:00;8;13.6;10.6;1.4;1.7;1.2;0;11.3;0;1.8;0;0;20.8;928.2;2.5;0.7;0;225.3;1.6;89;12;0;136.7;130;74;90;4654;77;0;57.3
STG;01.11.2024 00:00;1.6;7.2;4.2;-0.1;0;0.2;10;7;0;0.2;2;0;14.4;931.3;-4.3;5.4;0;473.2;1.7;89;9;0;82.5;89;52;112;4139;117;0;233.2
STG;01.12.2024 00:00;-1.4;4.2;1.3;0;0.2;0.3;22;5.3;0;-0.1;4;0;12.9;932.1;-5.9;4.8;0;579.2;1.7;81;11;0;70.7;78;35;102;2874;101;0;331.2
STG;01.01.2025 00:00;-1.5;5.5;1.8;1.6;0.8;2.6;18;5.2;0;0.2;8;0;16.2;926.7;-7.6;-1.1;0;563.9;1.8;86;11;0;102.1;153;50;115;4113;121;0;315.9
STG;01.02.2025 00:00;-0.9;4.3;1.7;0.9;1.1;0.5;17;5.9;0;0.9;6;0;13;931.5;-8.2;4.8;0;511.1;1.4;64;8;0;41.7;65;57;76;2262;47;0;287.1
STG;01.03.2025 00:00;3;9.6;6.2;1.8;2;1.7;6;6.2;0;0.2;0;0;17.6;924.9;-3.4;-1.1;0;407.8;2.1;88;6;0;33.4;38;120;96;8123;103;0;183.8
STG;01.04.2025 00:00;5.3;14.8;9.9;1.8;1.1;2.6;2;7.9;0;0.6;0;0;21.9;926.2;-1.7;1.8;0;253.7;2;87;5;0;41;40;217;123;14696;146;0;77.7
STG;01.05.2025 00:00;8.1;16.4;12.1;-0.1;-0.1;-0.1;0;9.5;1;-0.5;0;0;26.7;927.1;3.6;0.7;0;154;2.1;95;13;0;122.3;78;206;100;11424;103;3.3;42
STG;01.06.2025 00:00;14.7;24.2;19.3;3.6;2.9;4.3;0;14.4;15;1.6;0;0;29.3;931.3;9.4;3.2;0;0;2.1;100;10;0;113.5;67;274;120;16921;141;59;0
STG;01.07.2025 00:00;13.4;21.3;17;-0.5;-0.2;-0.4;0;14.1;7;-0.1;0;1;29.5;928.1;8.3;-0.4;0;9.6;2.1;100;19;0;200.5;115;205;89;11070;81;23.3;1.6
STG;01.08.2025 00:00;14.5;22.4;18.2;1;0.9;1.1;0;15.1;10;0.6;0;2;31;928.8;10.2;0.2;1;0;1.9;100;10;0;132.7;72;212;108;13784;110;48.6;0
STG;01.09.2025 00:00;11;17.1;14;0.9;1.1;0.3;0;12.4;1;0.4;0;0;26.3;929.4;6.6;0.9;0;91.9;1.8;100;14;0;136.1;99;131;94;7646;83;5.2;19.9
STG;01.10.2025 00:00;5.7;11.9;8.6;-0.6;-0.6;-0.5;0;9.3;0;-0.2;0;0;19.9;927.9;1.3;0.4;0;336.5;2;111;10;0;93.5;89;79;96;5073;84;0;104.5
STG;01.11.2025 00:00;1.8;7.9;4.8;0.5;0.2;0.9;10;6.6;0;-0.2;2;0;20.6;924.8;-9.2;-1.1;0;440.2;1.6;84;12;0;138.6;150;60;129;5650;160;0;224.2
STG;01.12.2025 00:00;-0.5;3.9;1.6;0.3;1.1;0;19;6.1;0;0.7;10;0;13.5;928.1;-7.3;0.8;0;569.4;1.2;57;1;0;9.6;11;32;94;2373;83;0;321.4
STG;01.01.2026 00:00;-2.8;3.2;0.2;0;-0.5;0.3;24;4.9;0;-0.1;7;0;11.4;918.1;-11.3;-9.7;0;614.1;1.6;76;8;0;32.7;49;52;120;4957;146;0;366.1
STG;01.02.2026 00:00;1.5;7.4;4.3;3.5;3.5;3.6;12;6.6;0;1.6;0;0;16.3;918.2;-4;-8.5;0;438.8;2;91;15;0;98.5;153;71;95;4537;95;0;214.8
STG;01.03.2026 00:00;1.8;8.9;5;0.6;0.8;1;9;6.3;0;0.3;0;0;13.8;928.6;-3.7;2.6;0;463.7;1.8;75;9;0;89;102;139;112;9922;125;0;215.7
STG;01.04.2026 00:00;5.5;14.7;10;1.9;1.3;2.5;2;7.7;0;0.4;0;0;21.3;929.5;-1.8;5.1;0;222;1.8;78;6;0;26.3;26;212;120;14584;145;0;70
STG;01.05.2026 00:00;9;18.7;13.9;1.7;0.8;2.2;0;10;8;0;0;0;27.3;928.3;0.4;1.9;0;154.8;2;91;11;0;74.6;48;246;119;15450;139;20.6;42.8
STG;01.06.2026 00:00;15.1;24.4;19.6;3.9;3.3;4.5;0;13.7;14;0.9;0;6;32.7;930.9;8.4;2.8;6;18.6;2.3;110;10;0;93.1;55;263;115;15498;129;91.2;2.6
STG;01.07.2026 00:00;15.5;25.8;20.7;3.2;1.9;4.1;0;13.2;17;-1;0;1;32.4;930.5;9.8;2;3;0;2.2;105;9;0;64.5;37;281;122;18717;138;84;0
STG;01.08.2026 00:00;16.3;26;21;3.8;2.7;4.7;0;15.3;18;0.8;0;1;31.1;928.9;10.3;0.3;6;0;2.1;111;10;0;106.4;57;220;112;14710;117;98.8;0
