station_abbr;reference_timestamp;ths2dymn;ths2dymx;ths200m0;th9120mv;th91dnmv;th91dxmv;ths00nm0;pva2hsm0;ths25xm0;pv9120mv;ths00xm0;ths20nm0;thl200mx;phsstam0;thl200mn;ph9120mv;ths30xm0;xhs000m0;fhs010m0;fh9120mv;rhs001m0;ths35xm0;rhs150m0;rh9120mv;ghs000m0;gh9120mv;shs000m0;sh9120mv;xhs00om0;xhs012m0
LUG;01.01.1864 00:00;;;-1.7;-5.5;;;;;;;;;;;;;;;;;;;7.5;11;;;;;;
LUG;01.02.1864 00:00;;;1.7;-3.3;;;;;;;;;;;;;;;;;;;92.7;151;;;;;;
LUG;01.03.1864 00:00;;;7.2;-1.7;;;;;;;;;;;;;;;;;;;80.4;106;;;;;;
LUG;01.04.1864 00:00;;;10.9;-1.4;;;;;;;;;;;;;;;;;;;12.8;9;;;;;;
LUG;01.05.1864 00:00;;;15;-1.3;;;;;;;;;;;;;;;;;;;134;75;;;;;;
LUG;01.06.1864 00:00;;;18.3;-2.1;;;;;;;;;;;;;;;;;;;169.2;99;;;;;;
LUG;01.07.1864 00:00;15.5;26.6;21.1;-1.5;-2.5;-0.7;;;;;;;;;;;;;;;;;49.6;31;;;;;;
LUG;01.08.1864 00:00;14.8;25.9;19.6;-2.5;-3;-0.9;;;;;;;;;;;;;;;;;179.3;113;;;;;;
LUG;01.09.1864 00:00;12.2;21.9;16.5;-1.4;-2;-0.2;;;;;;;;;;;;;;;;;242.1;147;;;;;;
LUG;01.10.1864 00:00;6.9;15.1;10.4;-2.8;-3.3;-1.8;;;;;;;;;;;;;;;;;307.9;206;;;;;;
LUG;01.11.1864 00:00;3.7;11.5;7.4;-1;-2;-0.1;;;;;;;;;;;;;;;;;94.3;57;;;;;;
LUG;01.12.1864 00:00;0.8;7.6;3.5;-1.1;-1.2;-0.1;;;;;;;;;;;;;;;;;47.5;59;;;;;;
LUG;01.01.1865 00:00;-0.9;6.6;1.9;-1.9;-2.1;-0.5;;;;;;;;;;;;;;;;;36.8;56;;;;;;
LUG;01.02.1865 00:00;-1.2;7.9;2.2;-2.8;-3.1;-1.1;;;;;;;;;;;;;;;;;8.8;14;;;;;;
LUG;01.03.1865 00:00;1;7.1;3.7;-5.2;-4.2;-6.4;;;;;;;;;;;;;;;;;78.4;104;;;;;;
LUG;01.04.1865 00:00;8.2;19;13.6;1.3;-0.3;2.3;;;;;;;;;;;;;;;;;5.2;4;;;;;;
LUG;01.05.1865 00:00;12;20.7;16.4;0.1;-0.4;-0.1;;;;;;;;;;;;;;;;;140;79;;;;;;
LUG;01.06.1865 00:00;14.8;24.2;19.5;-0.9;-1.3;-0.7;;;;;;;;;;;;;;;;;160.8;94;;;;;;
LUG;01.07.1865 00:00;16.6;26.7;22;-0.6;-1.4;-0.6;;;;;;;;;;;;;;;;;131.9;84;;;;;;
LUG;01.08.1865 00:00;15.6;24;19.5;-2.6;-2.2;-2.8;;;;;;;;;;;;;;;;;252.4;160;;;;;;
LUG;01.09.1865 00:00;14.2;24.7;18.8;0.9;0;2.6;;;;;;;;;;;;;;;;;20;12;;;;;;
LUG;01.10.1865 00:00;8.4;16.4;11.7;-1.5;-1.8;-0.5;;;;;;;;;;;;;;;;;220.6;147;;;;;;
LUG;01.11.1865 00:00;4.8;12.3;8;-0.4;-0.9;0.7;;;;;;;;;;;;;;;;;242.2;145;;;;;;
LUG;01.12.1865 00:00;-0.1;8.4;3.2;-1.4;-2.1;0.7;;;;;;;;;;;;;;;;;91.4;114;;;;;;
LUG;01.01.1866 00:00;-0.2;8.3;2.9;-0.9;-1.4;1.2;;;;;;;;;;;;;;;;;43.5;66;;;;;;
LUG;01.02.1866 00:00;2.2;10.2;5.4;0.4;0.3;1.2;;;;;;;;;;;;;;;;;80.4;131;;;;;;
LUG;01.03.1866 00:00;3.1;10.8;6.7;-2.2;-2.1;-2.7;;;;;;;;;;;;;;;;;207.1;274;;;;;;
LUG;01.04.1866 00:00;7.8;15.4;11.4;-0.9;-0.7;-1.3;;;;;;;;;;;;;;;;;185.7;135;;;;;;
LUG;01.05.1866 00:00;9.8;17.7;13.3;-3;-2.6;-3.1;;;;;;;;;;;;;;;;;292.1;164;;;;;;
LUG;01.06.1866 00:00;14.5;23.6;19.2;-1.2;-1.6;-1.3;;;;;;;;;;;;;;;;;154.8;90;;;;;;
LUG;01.07.1866 00:00;15.6;26.9;21.4;-1.2;-2.4;-0.4;;;;;;;;;;;;;;;;;115.2;73;;;;;;
LUG;01.08.1866 00:00;14;23.9;19;-3.1;-3.8;-2.9;;;;;;;;;;;;;;;;;100.4;63;;;;;;
LUG;01.09.1866 00:00;12.6;21.9;17;-0.9;-1.6;-0.2;;;;;;;;;;;;;;;;;148.8;90;;;;;;
LUG;01.10.1866 00:00;7.6;16.6;11.3;-1.9;-2.6;-0.3;;;;;;;;;;;;;;;;;15.9;11;;;;;;
LUG;01.11.1866 00:00;2.2;12.7;6.9;-1.5;-3.5;1.1;;;;;;;;;;;;;;;;;3.9;2;;;;;;
LUG;01.12.1866 00:00;0.2;9.1;4.1;-0.5;-1.8;1.4;;;;;;;;;;;;;;;;;12.2;15;;;;;;
LUG;01.01.1867 00:00;-1.4;6.1;1.7;-2.1;-2.6;-1;;;;;;;;;;;;;;;;;166.6;254;;;;;;
LUG;01.02.1867 00:00;2.5;11.7;5.9;0.9;0.6;2.7;;;;;;;;;;;;;;;;;50.3;82;;;;;;
LUG;01.03.1867 00:00;3.8;10.4;7.1;-1.8;-1.4;-3.1;;;;;;;;;;;;;;;;;174.2;231;;;;;;
LUG;01.04.1867 00:00;7.8;17.4;13;0.7;-0.7;0.7;;;;;;;;;;;;;;;;;115;83;;;;;;
LUG;01.05.1867 00:00;10.1;19.6;15;-1.3;-2.3;-1.2;;;;;;;;;;;;;;;;;163.8;92;;;;;;
LUG;01.06.1867 00:00;14.4;25.2;19.7;-0.7;-1.7;0.3;;;;;;;;;;;;;;;;;106.8;62;;;;;;
LUG;01.07.1867 00:00;15.5;26.1;20.3;-2.3;-2.5;-1.2;;;;;;;;;;;;;;;;;140.3;89;;;;;;
LUG;01.08.1867 00:00;15.7;26.8;20.8;-1.3;-2.1;0;;;;;;;;;;;;;;;;;48.9;31;;;;;;
LUG;01.09.1867 00:00;13.5;24;18.1;0.2;-0.7;1.9;;;;;;;;;;;;;;;;;223.4;135;;;;;;
LUG;01.10.1867 00:00;6.7;15.8;10.7;-2.5;-3.5;-1.1;;;;;;;;;;;;;;;;;252.2;168;;;;;;
LUG;01.11.1867 00:00;2.1;12.7;7;-1.4;-3.6;1.1;;;;;;;;;;;;;;;;;125.4;75;;;;;;
LUG;01.12.1867 00:00;-0.4;7.6;3.8;-0.8;-2.4;-0.1;;;;;;;;;;;;;;;;;24.4;31;;;;;;
LUG;01.01.1868 00:00;-2.7;4.9;0.6;-3.2;-3.9;-2.2;;;;;;;;;;;;;;;;;112.7;172;;;;;;
LUG;01.02.1868 00:00;0.3;10.5;4.9;-0.1;-1.6;1.5;;;;;;;;;;;;;;;;;3;5;;;;;;
LUG;01.03.1868 00:00;2.2;11.1;7.1;-1.8;-3;-2.4;;;;;;;;;;;;;;;;;25.9;34;;;;;;
LUG;01.04.1868 00:00;6.5;14.7;10.9;-1.4;-2;-2;;;;;;;;;;;;;;;;;130.3;94;;;;;;
LUG;01.05.1868 00:00;13.9;23.2;18.6;2.3;1.5;2.4;;;;;;;;;;;;;;;;;111.5;63;;;;;;
LUG;01.06.1868 00:00;15.6;24.2;20;-0.4;-0.5;-0.7;;;;;;;;;;;;;;;;;231.8;135;;;;;;
LUG;01.07.1868 00:00;16.2;25.5;21.3;-1.3;-1.8;-1.8;;;;;;;;;;;;;;;;;173;110;;;;;;
LUG;01.08.1868 00:00;16.2;25;20.4;-1.7;-1.6;-1.8;;;;;;;;;;;;;;;;;233.4;148;;;;;;
LUG;01.09.1868 00:00;14.2;21.8;17.9;0;0;-0.3;;;;;;;;;;;;;;;;;414.1;251;;;;;;
LUG;01.10.1868 00:00;9.7;18;13.1;-0.1;-0.5;1.1;;;;;;;;;;;;;;;;;270.1;180;;;;;;
LUG;01.11.1868 00:00;1.9;11.2;5.5;-2.9;-3.8;-0.4;;;;;;;;;;;;;;;;;160.7;96;;;;;;
LUG;01.12.1868 00:00;2.8;9;5.7;1.1;0.8;1.3;;;;;;;;;;;;;;;;;81.8;102;;;;;;
LUG;01.01.1869 00:00;-1.8;6.4;1.2;-2.6;-3;-0.7;;;;;;;;;;;;;;;;;9.1;14;;;;;;
LUG;01.02.1869 00:00;2.6;11.8;5.9;0.9;0.7;2.8;;;;;;;;;;;;;;;;;41.6;68;;;;;;
LUG;01.03.1869 00:00;1.9;7.3;4.5;-4.4;-3.3;-6.2;;;;;;;;;;;;;;;;;172.9;229;;;;;;
LUG;01.04.1869 00:00;7;16.2;11.9;-0.4;-1.5;-0.5;;;;;;;;;;;;;;;;;139.5;101;;;;;;
LUG;01.05.1869 00:00;13;18.6;16.2;-0.1;0.6;-2.2;;;;;;;;;;;;;;;;;279.9;158;;;;;;
LUG;01.06.1869 00:00;12.7;20.8;17.3;-3.1;-3.4;-4.1;;;;;;;;;;;;;;;;;260.4;152;;;;;;
LUG;01.07.1869 00:00;17.8;27.1;23.3;0.7;-0.2;-0.2;;;;;;;;;;;;;;;;;48.4;31;;;;;;
LUG;01.08.1869 00:00;14.8;24.5;19.8;-2.3;-3;-2.3;;;;;;;;;;;;;;;;;107.7;68;;;;;;
LUG;01.09.1869 00:00;13.7;22.6;17.8;-0.1;-0.5;0.5;;;;;;;;;;;;;;;;;136.9;83;;;;;;
LUG;01.10.1869 00:00;6.7;15.8;10.7;-2.5;-3.5;-1.1;;;;;;;;;;;;;;;;;64.3;43;;;;;;
LUG;01.11.1869 00:00;1.5;11.6;6;-2.4;-4.2;0;;;;;;;;;;;;;;;;;84.1;50;;;;;;
LUG;01.12.1869 00:00;0.4;5.7;2.9;-1.7;-1.6;-2;;;;;;;;;;;;;;;;;221.4;277;;;;;;
LUG;01.01.1870 00:00;-2.4;6.1;0.8;-3;-3.6;-1;;;;;;;;;;;;;;;;;10;15;;;;;;
LUG;01.02.1870 00:00;-0.2;5.7;2.2;-2.8;-2.1;-3.3;;;;;;;;;;;;;;;;;40.2;66;;;;;;
LUG;01.03.1870 00:00;2.9;10.8;6.9;-2;-2.3;-2.7;;;;;;;;;;;;;;;;;20;26;;;;;;
LUG;01.04.1870 00:00;6.5;16.2;11.5;-0.8;-2;-0.5;;;;;;;;;;;;;;;;;29.7;22;;;;;;
LUG;01.05.1870 00:00;12;21.3;17.2;0.9;-0.4;0.5;;;;;;;;;;;;;;;;;62.5;35;;;;;;
LUG;01.06.1870 00:00;15.2;24.6;20.2;-0.2;-0.9;-0.3;;;;;;;;;;;;;;;;;45.8;27;;;;;;
LUG;01.07.1870 00:00;16.8;28;22.9;0.3;-1.2;0.7;;;;;;;;;;;;;;;;;99.5;63;;;;;;
LUG;01.08.1870 00:00;13.8;23.1;18.7;-3.4;-4;-3.7;;;;;;;;;;;;;;;;;137.6;87;;;;;;
LUG;01.09.1870 00:00;11.8;21.2;16.5;-1.4;-2.4;-0.9;;;;;;;;;;;;;;;;;56.1;34;;;;;;
LUG;01.10.1870 00:00;6.4;17.1;11.1;-2.1;-3.8;0.2;;;;;;;;;;;;;;;;;24.9;17;;;;;;
LUG;01.11.1870 00:00;4;10.4;7.1;-1.3;-1.7;-1.2;;;;;;;;;;;;;;;;;217.5;131;;;;;;
LUG;01.12.1870 00:00;-0.3;5.2;2.5;-2.1;-2.3;-2.5;;;;;;;;;;;;;;;;;30;38;;;;;;
LUG;01.01.1871 00:00;-2;4.1;0.5;-3.3;-3.2;-3;;;;;;;;;;;;;;;;;133.6;204;;;;;;
LUG;01.02.1871 00:00;-1;9.8;3;-2;-2.9;0.8;;;;;;;;;;;;;;;;;0;0;;;;;;
LUG;01.03.1871 00:00;4.4;12.3;7.9;-1;-0.8;-1.2;;;;;;;;;;;;;;;;;33;44;;;;;;
LUG;01.04.1871 00:00;7.5;16;12.4;0.1;-1;-0.7;;;;;;;;;;;;;;;;;117;85;;;;;;
LUG;01.05.1871 00:00;10;18.9;15.4;-0.9;-2.4;-1.9;;;;;;;;;;;;;;;;;41.7;23;;;;;;
LUG;01.06.1871 00:00;11.3;19.1;15.9;-4.5;-4.8;-5.8;;;;;;;;;;;;;;;;;262;153;;;;;;
LUG;01.07.1871 00:00;16.2;26.2;22;-0.6;-1.8;-1.1;;;;;;;;;;;;;;;;;88;56;;;;;;
LUG;01.08.1871 00:00;15.7;25.3;21.1;-1;-2.1;-1.5;;;;;;;;;;;;;;;;;94.6;60;;;;;;
LUG;01.09.1871 00:00;14.7;24.2;19.1;1.2;0.5;2.1;;;;;;;;;;;;;;;;;108.4;66;;;;;;
LUG;01.10.1871 00:00;6.5;16.5;10.8;-2.4;-3.7;-0.4;;;;;;;;;;;;;;;;;7.1;5;;;;;;
LUG;01.11.1871 00:00;2.9;10.3;6.3;-2.1;-2.8;-1.3;;;;;;;;;;;;;;;;;197.1;118;;;;;;
LUG;01.12.1871 00:00;-4.2;5.5;-0.4;-5;-6.2;-2.2;;;;;;;;;;;;;;;;;9.4;12;;;;;;
LUG;01.01.1872 00:00;-0.8;5.4;1.6;-2.2;-2;-1.7;;;;;;;;;;;;;;;;;121.4;185;;;;;;
LUG;01.02.1872 00:00;0.5;8.7;3.4;-1.6;-1.4;-0.3;;;;;;;;;;;;;;;;;57.8;94;;;;;;
LUG;01.03.1872 00:00;3.5;11.1;6.9;-2;-1.7;-2.4;;;;;;;;;;;;;;;;;112.2;149;;;;;;
LUG;01.04.1872 00:00;8.1;16.1;11.9;-0.4;-0.4;-0.6;;;;;;;;;;;;;;;;;194.9;141;;;;;;
LUG;01.05.1872 00:00;10.5;15.8;13.4;-2.9;-1.9;-5;;;;;;;;;;;;;;;;;319.6;180;;;;;;
LUG;01.06.1872 00:00;14.4;22.6;18.4;-2;-1.7;-2.3;;;;;;;;;;;;;;;;;356.1;208;;;;;;
LUG;01.07.1872 00:00;16.6;25.7;21.4;-1.2;-1.4;-1.6;;;;;;;;;;;;;;;;;202.8;128;;;;;;
LUG;01.08.1872 00:00;15;24.1;19.7;-2.4;-2.8;-2.7;;;;;;;;;;;;;;;;;166.1;105;;;;;;
LUG;01.09.1872 00:00;13;23.3;18.1;0.2;-1.2;1.2;;;;;;;;;;;;;;;;;88.1;53;;;;;;
LUG;01.10.1872 00:00;10;15.9;12.7;-0.5;-0.2;-1;;;;;;;;;;;;;;;;;389.5;260;;;;;;
LUG;01.11.1872 00:00;4.3;11.1;7.4;-1;-1.4;-0.5;;;;;;;;;;;;;;;;;89.6;54;;;;;;
LUG;01.12.1872 00:00;2.4;8.6;5.2;0.6;0.4;0.9;;;;;;;;;;;;;;;;;255;319;;;;;;
LUG;01.01.1873 00:00;1;7.7;3.3;-0.5;-0.2;0.6;;;;;;;;;;;;;;;;;63.5;97;;;;;;
LUG;01.02.1873 00:00;0.2;7.5;3.1;-1.9;-1.7;-1.5;;;;;;;;;;;;;;;;;94.5;154;;;;;;
LUG;01.03.1873 00:00;5.9;11.1;8.5;-0.4;0.7;-2.4;;;;;;;;;;;;;;;;;97.6;129;;;;;;
LUG;01.04.1873 00:00;6.8;14.2;10.6;-1.7;-1.7;-2.5;;;;;;;;;;;;;;;;;107.4;78;;;;;;
LUG;01.05.1873 00:00;10.2;18.8;14.9;-1.4;-2.2;-2;;;;;;;;;;;;;;;;;75.7;43;;;;;;
LUG;01.06.1873 00:00;13.7;22.5;18.8;-1.6;-2.4;-2.4;;;;;;;;;;;;;;;;;104.3;61;;;;;;
LUG;01.07.1873 00:00;16.8;27.8;22.6;0;-1.2;0.5;;;;;;;;;;;;;;;;;256.5;162;;;;;;
LUG;01.08.1873 00:00;16.7;26.7;21.7;-0.4;-1.1;-0.1;;;;;;;;;;;;;;;;;174;110;;;;;;
LUG;01.09.1873 00:00;11.8;20.9;16.2;-1.7;-2.4;-1.2;;;;;;;;;;;;;;;;;203.3;123;;;;;;
LUG;01.10.1873 00:00;10;17.3;13.4;0.2;-0.2;0.4;;;;;;;;;;;;;;;;;328.3;219;;;;;;
LUG;01.11.1873 00:00;4;11.1;7.4;-1;-1.7;-0.5;;;;;;;;;;;;;;;;;168;101;;;;;;
LUG;01.12.1873 00:00;-0.5;7.9;3.4;-1.2;-2.5;0.2;;;;;;;;;;;;;;;;;0.5;1;;;;;;
LUG;01.01.1874 00:00;-1.6;7.6;1.8;-2;-2.8;0.5;;;;;;;;;;;;;;;;;26.8;41;;;;;;
LUG;01.02.1874 00:00;-0.3;7.3;2.7;-2.3;-2.2;-1.7;;;;;;;;;;;;;;;;;35.2;57;;;;;;
LUG;01.03.1874 00:00;2.5;13;7.2;-1.7;-2.7;-0.5;;;;;;;;;;;;;;;;;11.5;15;;;;;;
LUG;01.04.1874 00:00;7.9;16.9;12.4;0.1;-0.6;0.2;;;;;;;;;;;;;;;;;129.1;94;;;;;;
LUG;01.05.1874 00:00;8.4;17.2;13.2;-3.1;-4;-3.6;;;;;;;;;;;;;;;;;41.4;23;;;;;;
LUG;01.06.1874 00:00;14.4;24.3;19.7;-0.7;-1.7;-0.6;;;;;;;;;;;;;;;;;193;113;;;;;;
LUG;01.07.1874 00:00;17.7;27;23.2;0.6;-0.3;-0.3;;;;;;;;;;;;;;;;;167.9;106;;;;;;
LUG;01.08.1874 00:00;14.9;23.9;19.8;-2.3;-2.9;-2.9;;;;;;;;;;;;;;;;;156;99;;;;;;
LUG;01.09.1874 00:00;14;23.2;18.8;0.9;-0.2;1.1;;;;;;;;;;;;;;;;;139.7;85;;;;;;
LUG;01.10.1874 00:00;8.5;17.8;12.7;-0.5;-1.7;0.9;;;;;;;;;;;;;;;;;95;63;;;;;;
LUG;01.11.1874 00:00;1.5;11;5.6;-2.8;-4.2;-0.6;;;;;;;;;;;;;;;;;24.1;14;;;;;;
LUG;01.12.1874 00:00;0.8;6;3.4;-1.2;-1.2;-1.7;;;;;;;;;;;;;;;;;122.9;154;;;;;;
LUG;01.01.1875 00:00;0.2;6.8;3.1;-0.7;-1;-0.3;;;;;;;;;;;;;;;;;18.1;28;;;;;;
LUG;01.02.1875 00:00;-1.6;5.2;1.3;-3.7;-3.5;-3.8;;;;;;;;;;;;;;;;;74.1;121;;;;;;
LUG;01.03.1875 00:00;1.6;9.1;5;-3.9;-3.6;-4.4;;;;;;;;;;;;;;;;;6.1;8;;;;;;
LUG;01.04.1875 00:00;5.9;14.4;10.5;-1.8;-2.6;-2.3;;;;;;;;;;;;;;;;;52.3;38;;;;;;
LUG;01.05.1875 00:00;13;21.1;17.6;1.3;0.6;0.3;;;;;;;;;;;;;;;;;81.6;46;;;;;;
LUG;01.06.1875 00:00;14.8;22.5;19.2;-1.2;-1.3;-2.4;;;;;;;;;;;;;;;;;326.9;191;;;;;;
LUG;01.07.1875 00:00;15.6;23.1;19.8;-2.8;-2.4;-4.2;;;;;;;;;;;;;;;;;288.4;183;;;;;;
LUG;01.08.1875 00:00;16.4;25.9;21;-1.1;-1.4;-0.9;;;;;;;;;;;;;;;;;186.6;118;;;;;;
LUG;01.09.1875 00:00;13.9;22.4;18;0.1;-0.3;0.3;;;;;;;;;;;;;;;;;1.2;1;;;;;;
LUG;01.10.1875 00:00;8.6;16.6;12.3;-0.9;-1.6;-0.3;;;;;;;;;;;;;;;;;177.3;118;;;;;;
LUG;01.11.1875 00:00;2.6;10.9;6.4;-2;-3.1;-0.7;;;;;;;;;;;;;;;;;68.6;41;;;;;;
LUG;01.12.1875 00:00;-0.9;7;2.5;-2.1;-2.9;-0.7;;;;;;;;;;;;;;;;;18.7;23;;;;;;
LUG;01.01.1876 00:00;-0.8;6.3;1.8;-2;-2;-0.8;;;;;;;;;;;;;;;;;84.6;129;;;;;;
LUG;01.02.1876 00:00;0.9;9.4;4.3;-0.7;-1;0.4;;;;;;;;;;;;;;;;;7.9;13;;;;;;
LUG;01.03.1876 00:00;4.6;10.8;7.7;-1.2;-0.6;-2.7;;;;;;;;;;;;;;;;;89.7;119;;;;;;
LUG;01.04.1876 00:00;7.7;13.7;11.2;-1.1;-0.8;-3;;;;;;;;;;;;;;;;;467.2;339;;;;;;
LUG;01.05.1876 00:00;9.8;15.8;12.8;-3.5;-2.6;-5;;;;;;;;;;;;;;;;;156.6;88;;;;;;
LUG;01.06.1876 00:00;14.1;22.5;18.6;-1.8;-2;-2.4;;;;;;;;;;;;;;;;;264.3;154;;;;;;
LUG;01.07.1876 00:00;16.4;26.6;22.1;-0.5;-1.6;-0.7;;;;;;;;;;;;;;;;;85.7;54;;;;;;
LUG;01.08.1876 00:00;16.5;25.2;21;-1.1;-1.3;-1.6;;;;;;;;;;;;;;;;;162.6;103;;;;;;
LUG;01.09.1876 00:00;11;21.3;15.9;-2;-3.2;-0.8;;;;;;;;;;;;;;;;;57.1;35;;;;;;
LUG;01.10.1876 00:00;10.2;19.1;14;0.8;0;2.2;;;;;;;;;;;;;;;;;82.1;55;;;;;;
LUG;01.11.1876 00:00;2.1;10.6;5.9;-2.5;-3.6;-1;;;;;;;;;;;;;;;;;57.4;34;;;;;;
LUG;01.12.1876 00:00;1.8;8.2;4.8;0.2;-0.2;0.5;;;;;;;;;;;;;;;;;131.2;164;;;;;;
LUG;01.01.1877 00:00;1.9;9.4;4.8;1;0.7;2.3;;;;;;;;;;;;;;;;;73.8;113;;;;;;
LUG;01.02.1877 00:00;1.6;11.4;5.3;0.3;-0.3;2.4;;;;;;;;;;;;;;;;;16.5;27;;;;;;
LUG;01.03.1877 00:00;2.4;8;5.3;-3.6;-2.8;-5.5;;;;;;;;;;;;;;;;;250.6;332;;;;;;
LUG;01.04.1877 00:00;6.8;15;11.3;-1;-1.7;-1.7;;;;;;;;;;;;;;;;;154.4;112;;;;;;
LUG;01.05.1877 00:00;10;16.1;13.5;-2.8;-2.4;-4.7;;;;;;;;;;;;;;;;;349.1;197;;;;;;
LUG;01.06.1877 00:00;16.6;25;21.1;0.7;0.5;0.1;;;;;;;;;;;;;;;;;79.5;46;;;;;;
LUG;01.07.1877 00:00;15.9;24.5;20.6;-2;-2.1;-2.8;;;;;;;;;;;;;;;;;358.4;227;;;;;;
LUG;01.08.1877 00:00;17.4;26.6;21.9;-0.2;-0.4;-0.2;;;;;;;;;;;;;;;;;114.8;73;;;;;;
LUG;01.09.1877 00:00;11.9;21.6;16.3;-1.6;-2.3;-0.5;;;;;;;;;;;;;;;;;106.4;65;;;;;;
LUG;01.10.1877 00:00;5.2;15.8;9.7;-3.5;-5;-1.1;;;;;;;;;;;;;;;;;41.3;28;;;;;;
LUG;01.11.1877 00:00;3.7;12.6;7.7;-0.7;-2;1;;;;;;;;;;;;;;;;;181.2;109;;;;;;
LUG;01.12.1877 00:00;-0.3;7.7;3.4;-1.2;-2.3;0;;;;;;;;;;;;;;;;;23.8;30;;;;;;
LUG;01.01.1878 00:00;-1.2;7;2.4;-1.4;-2.4;-0.1;;;;;;;;;;;;;;;;;9.8;15;;;;;;
LUG;01.02.1878 00:00;0.6;11.3;4.6;-0.4;-1.3;2.3;;;;;;;;;;;;;;;;;1;2;;;;;;
LUG;01.03.1878 00:00;2.5;11;7.1;-1.8;-2.7;-2.5;;;;;;;;;;;;;;;;;107.5;142;;;;;;
LUG;01.04.1878 00:00;7.2;14.6;11.1;-1.2;-1.3;-2.1;;;;;;;;;;;;;;;;;69.9;51;;;;;;
LUG;01.05.1878 00:00;12.1;19;15.9;-0.4;-0.3;-1.8;;;;;;;;;;;;;;;;;126.9;71;;;;;;
LUG;01.06.1878 00:00;13.7;21.5;18.4;-2;-2.4;-3.4;;;;;;;;;;;;;;;;;25.9;15;;;;;;
LUG;01.07.1878 00:00;16.1;25.1;21.1;-1.5;-1.9;-2.2;;;;;;;;;;;;;;;;;35.1;22;;;;;;
LUG;01.08.1878 00:00;16;23.8;19.9;-2.2;-1.8;-3;;;;;;;;;;;;;;;;;364.8;231;;;;;;
LUG;01.09.1878 00:00;13.8;22.3;17.8;-0.1;-0.4;0.2;;;;;;;;;;;;;;;;;231.4;140;;;;;;
LUG;01.10.1878 00:00;9;16.2;12.3;-0.9;-1.2;-0.7;;;;;;;;;;;;;;;;;307.6;205;;;;;;
LUG;01.11.1878 00:00;2.1;9.2;5.7;-2.7;-3.6;-2.4;;;;;;;;;;;;;;;;;199.5;120;;;;;;
LUG;01.12.1878 00:00;-2.1;4.9;0.9;-3.7;-4.1;-2.8;;;;;;;;;;;;;;;;;25.4;32;;;;;;
LUG;01.01.1879 00:00;-0.7;6.3;1.5;-2.3;-1.9;-0.8;;;;;;;;;;;;;;;;;62.1;95;;;;;;
LUG;01.02.1879 00:00;1.7;8.4;4.4;-0.6;-0.2;-0.6;;;;;;;;;;;;;;;;;94.4;154;;;;;;
LUG;01.03.1879 00:00;3.7;11.8;7.5;-1.4;-1.5;-1.7;;;;;;;;;;;;;;;;;103.9;138;;;;;;
LUG;01.04.1879 00:00;5.7;11.3;8.8;-3.5;-2.8;-5.4;;;;;;;;;;;;;;;;;296.1;215;;;;;;
LUG;01.05.1879 00:00;8.8;13.7;11.8;-4.5;-3.6;-7.1;;;;;;;;;;;;;;;;;454.1;256;;;;;;
LUG;01.06.1879 00:00;14.1;22.4;19.1;-1.3;-2;-2.5;;;;;;;;;;;;;;;;;144.3;84;;;;;;
LUG;01.07.1879 00:00;14.1;23.4;19.3;-3.3;-3.9;-3.9;;;;;;;;;;;;;;;;;88.8;56;;;;;;
LUG;01.08.1879 00:00;16.9;26.6;22;-0.1;-0.9;-0.2;;;;;;;;;;;;;;;;;195.9;124;;;;;;
LUG;01.09.1879 00:00;12.8;21.2;17.1;-0.8;-1.4;-0.9;;;;;;;;;;;;;;;;;235.1;143;;;;;;
LUG;01.10.1879 00:00;7.3;17;11.7;-1.5;-2.9;0.1;;;;;;;;;;;;;;;;;12.5;8;;;;;;
LUG;01.11.1879 00:00;1.6;10;4.9;-3.5;-4.1;-1.6;;;;;;;;;;;;;;;;;121.4;73;;;;;;
LUG;01.12.1879 00:00;-5.4;3.1;-1.9;-6.5;-7.4;-4.6;;;;;;;;;;;;;;;;;7.1;9;;;;;;
LUG;01.01.1880 00:00;-4.3;5;-0.8;-4.6;-5.5;-2.1;;;;;;;;;;;;;;;;;0;0;;;;;;
LUG;01.02.1880 00:00;0;8.4;3.1;-1.9;-1.9;-0.6;;;;;;;;;;;;;;;;;91.1;149;;;;;;
LUG;01.03.1880 00:00;3.6;13.3;8.2;-0.7;-1.6;-0.2;;;;;;;;;;;;;;;;;2.1;3;;;;;;
LUG;01.04.1880 00:00;8.2;14;11.2;-1.1;-0.3;-2.7;;;;;;;;;;;;;;;;;130;94;;;;;;
LUG;01.05.1880 00:00;10.6;18.2;14.1;-2.2;-1.8;-2.6;;;;;;;;;;;;;;;;;81.8;46;;;;;;
LUG;01.06.1880 00:00;12.4;20.8;17.2;-3.2;-3.7;-4.1;;;;;;;;;;;;;;;;;272.7;159;;;;;;
LUG;01.07.1880 00:00;16.9;27.7;22.7;0.1;-1.1;0.4;;;;;;;;;;;;;;;;;91.8;58;;;;;;
LUG;01.08.1880 00:00;14.9;24.1;19.5;-2.6;-2.9;-2.7;;;;;;;;;;;;;;;;;224.3;142;;;;;;
LUG;01.09.1880 00:00;13.4;22;17.6;-0.3;-0.8;-0.1;;;;;;;;;;;;;;;;;205.9;125;;;;;;
LUG;01.10.1880 00:00;9.5;17.6;12.8;-0.4;-0.7;0.7;;;;;;;;;;;;;;;;;267.8;179;;;;;;
LUG;01.11.1880 00:00;3.5;11.9;7.1;-1.3;-2.2;0.3;;;;;;;;;;;;;;;;;128.3;77;;;;;;
LUG;01.12.1880 00:00;2.4;10.3;6;1.4;0.4;2.6;;;;;;;;;;;;;;;;;23.4;29;;;;;;
LUG;01.01.1881 00:00;-2.4;5.1;0.2;-3.6;-3.6;-2;;;;;;;;;;;;;;;;;71.7;109;;;;;;
LUG;01.02.1881 00:00;1.3;8.9;3.7;-1.3;-0.6;-0.1;;;;;;;;;;;;;;;;;18.8;31;;;;;;
LUG;01.03.1881 00:00;4;12;7.5;-1.4;-1.2;-1.5;;;;;;;;;;;;;;;;;37.2;49;;;;;;
LUG;01.04.1881 00:00;8.2;12.7;10.7;-1.6;-0.3;-4;;;;;;;;;;;;;;;;;232.5;168;;;;;;
LUG;01.05.1881 00:00;10;18.3;14.7;-1.6;-2.4;-2.5;;;;;;;;;;;;;;;;;86.2;49;;;;;;
LUG;01.06.1881 00:00;13.5;21.3;18;-2.4;-2.6;-3.6;;;;;;;;;;;;;;;;;104.6;61;;;;;;
LUG;01.07.1881 00:00;17.4;28.9;23.6;1;-0.6;1.6;;;;;;;;;;;;;;;;;19.6;12;;;;;;
LUG;01.08.1881 00:00;16.7;27.2;22.1;0;-1.1;0.4;;;;;;;;;;;;;;;;;87.9;56;;;;;;
LUG;01.09.1881 00:00;11.8;19.6;15.7;-2.2;-2.4;-2.5;;;;;;;;;;;;;;;;;161;98;;;;;;
LUG;01.10.1881 00:00;6.3;13.1;9.6;-3.6;-3.9;-3.8;;;;;;;;;;;;;;;;;111.9;75;;;;;;
LUG;01.11.1881 00:00;3.2;12.4;7.2;-1.2;-2.5;0.8;;;;;;;;;;;;;;;;;170.7;102;;;;;;
LUG;01.12.1881 00:00;0.6;6.9;3.5;-1.1;-1.4;-0.8;;;;;;;;;;;;;;;;;88.6;111;;;;;;
LUG;01.01.1882 00:00;-0.7;8;2.5;-1.3;-1.9;0.9;;;;;;;;;;;;;;;;;24.1;37;;;;;;
LUG;01.02.1882 00:00;0.1;10.7;4.2;-0.8;-1.8;1.7;;;;;;;;;;;;;;;;;19.5;32;;;;;;
LUG;01.03.1882 00:00;4.7;14.3;9.2;0.3;-0.5;0.8;;;;;;;;;;;;;;;;;90.2;119;;;;;;
LUG;01.04.1882 00:00;7;13.9;10.6;-1.7;-1.5;-2.8;;;;;;;;;;;;;;;;;145.6;106;;;;;;
LUG;01.05.1882 00:00;10.9;18.5;15;-1.3;-1.5;-2.3;;;;;;;;;;;;;;;;;96.4;54;;;;;;
LUG;01.06.1882 00:00;13.4;23;18.5;-1.9;-2.7;-1.9;;;;;;;;;;;;;;;;;131.2;77;;;;;;
LUG;01.07.1882 00:00;15.7;25.6;20.7;-1.9;-2.3;-1.7;;;;;;;;;;;;;;;;;138.7;88;;;;;;
LUG;01.08.1882 00:00;14.7;25.6;20.2;-1.9;-3.1;-1.2;;;;;;;;;;;;;;;;;99.7;63;;;;;;
LUG;01.09.1882 00:00;11.6;18.4;14.7;-3.2;-2.6;-3.7;;;;;;;;;;;;;;;;;551.3;334;;;;;;
LUG;01.10.1882 00:00;8.9;16;11.9;-1.3;-1.3;-0.9;;;;;;;;;;;;;;;;;426.8;285;;;;;;
LUG;01.11.1882 00:00;2.8;11.4;6.4;-2;-2.9;-0.2;;;;;;;;;;;;;;;;;21.7;13;;;;;;
LUG;01.12.1882 00:00;1.5;6.5;4;-0.6;-0.5;-1.2;;;;;;;;;;;;;;;;;115.5;145;;;;;;
LUG;01.01.1883 00:00;0.1;6.2;2.5;-1.3;-1.1;-0.9;;;;;;;;;;;;;;;;;103.2;158;;;;;;
LUG;01.02.1883 00:00;3;10.2;6.2;1.2;1.1;1.2;;;;;;;;;;;;;;;;;53.3;87;;;;;;
LUG;01.03.1883 00:00;1.1;7.5;4.2;-4.7;-4.1;-6;;;;;;;;;;;;;;;;;55.5;74;;;;;;
LUG;01.04.1883 00:00;6.1;14.3;10.3;-2;-2.4;-2.4;;;;;;;;;;;;;;;;;116.3;84;;;;;;
LUG;01.05.1883 00:00;11;18.9;15.4;-0.9;-1.4;-1.9;;;;;;;;;;;;;;;;;169.6;95;;;;;;
LUG;01.06.1883 00:00;13.5;21.1;17.8;-2.6;-2.6;-3.8;;;;;;;;;;;;;;;;;325.6;190;;;;;;
LUG;01.07.1883 00:00;14.9;24.2;20.2;-2.4;-3.1;-3.1;;;;;;;;;;;;;;;;;308.6;195;;;;;;
LUG;01.08.1883 00:00;14.7;25.2;20.1;-2;-3.1;-1.6;;;;;;;;;;;;;;;;;54.8;35;;;;;;
LUG;01.09.1883 00:00;10.8;20.6;16.3;-1.6;-3.4;-1.5;;;;;;;;;;;;;;;;;282.6;171;;;;;;
LUG;01.10.1883 00:00;3.7;16.5;10.8;-2.4;-6.5;-0.4;;;;;;;;;;;;;;;;;72.6;48;;;;;;
LUG;01.11.1883 00:00;1.3;10.7;6;-2.4;-4.4;-0.9;;;;;;;;;;;;;;;;;76.6;46;;;;;;
LUG;01.12.1883 00:00;-0.7;6.6;2.5;-2.1;-2.7;-1.1;;;;;;;;;;;;;;;;;5.6;7;;;;;;
LUG;01.01.1884 00:00;-0.3;8.6;3.3;-0.5;-1.5;1.5;;;;;;;;;;;;;;;;;4.4;7;;;;;;
LUG;01.02.1884 00:00;2.1;8.2;4.5;-0.5;0.2;-0.8;;;;;;;;;;;;;;;;;35.9;59;;;;;;
LUG;01.03.1884 00:00;5.6;12.7;8.8;-0.1;0.4;-0.8;;;;;;;;;;;;;;;;;12.9;17;;;;;;
LUG;01.04.1884 00:00;8.1;13;10.6;-1.7;-0.4;-3.7;;;;;;;;;;;;;;;;;127.5;92;;;;;;
LUG;01.05.1884 00:00;12;20.2;16.4;0.1;-0.4;-0.6;;;;;;;;;;;;;;;;;145.1;82;;;;;;
LUG;01.06.1884 00:00;11.9;19.9;16.2;-4.2;-4.2;-5;;;;;;;;;;;;;;;;;170.1;99;;;;;;
LUG;01.07.1884 00:00;16.4;26.2;21.8;-0.8;-1.6;-1.1;;;;;;;;;;;;;;;;;135.7;86;;;;;;
LUG;01.08.1884 00:00;16.4;25.4;21.2;-0.9;-1.4;-1.4;;;;;;;;;;;;;;;;;77.1;49;;;;;;
LUG;01.09.1884 00:00;13.1;20.3;16.7;-1.2;-1.1;-1.8;;;;;;;;;;;;;;;;;169.4;103;;;;;;
LUG;01.10.1884 00:00;6.8;16.1;10.6;-2.6;-3.4;-0.8;;;;;;;;;;;;;;;;;41;27;;;;;;
LUG;01.11.1884 00:00;0.5;9.9;4.9;-3.5;-5.2;-1.7;;;;;;;;;;;;;;;;;2.6;2;;;;;;
LUG;01.12.1884 00:00;0.4;7;3.6;-1;-1.6;-0.7;;;;;;;;;;;;;;;;;43.6;55;;;;;;
LUG;01.01.1885 00:00;-2.1;4.4;0.8;-3;-3.3;-2.7;;;;;;;;;;;;;;;;;68.9;105;;;;;;
LUG;01.02.1885 00:00;1.3;8.7;4.3;-0.7;-0.6;-0.3;;;;;;;;;;;;;;;;;119.1;194;;;;;;
LUG;01.03.1885 00:00;4;10.4;7.3;-1.6;-1.2;-3.1;;;;;;;;;;;;;;;;;90.7;120;;;;;;
LUG;01.04.1885 00:00;7.9;13.9;10.9;-1.4;-0.6;-2.8;;;;;;;;;;;;;;;;;320.5;232;;;;;;
LUG;01.05.1885 00:00;9;17;13.2;-3.1;-3.4;-3.8;;;;;;;;;;;;;;;;;167;94;;;11976;100;;
LUG;01.06.1885 00:00;15.5;25.8;21;0.6;-0.6;0.9;;;;;;;;;;;;;;;;;30;17;;;18661;136;;
LUG;01.07.1885 00:00;17.5;27.3;22.4;-0.2;-0.5;0;;;;;;;;;;;;;;;;;112.1;71;;;18661;119;;
LUG;01.08.1885 00:00;15.9;24.6;20.4;-1.7;-1.9;-2.2;;;;;;;;;;;;;;;;;200.2;127;;;15075;103;;
LUG;01.09.1885 00:00;11.8;21;17;-0.9;-2.4;-1.1;;;;;;;;;;;;;;;;;298.5;181;;;12950;112;;
LUG;01.10.1885 00:00;6.7;14.7;10.4;-2.8;-3.5;-2.2;;;;;;;;;;;;;;;;;302.7;202;;;8047;95;;
LUG;01.11.1885 00:00;3.7;11.3;7.6;-0.8;-2;-0.3;;;;;;;;;;;;;;;;;100.9;61;;;4666;74;;
LUG;01.12.1885 00:00;-1.4;6.7;2.1;-2.5;-3.4;-1;;;;;;;;;;;;;;;;;9.6;12;;;8178;127;;
LUG;01.01.1886 00:00;-1.3;5.2;1.2;-2.6;-2.5;-1.9;;;;;;;;;;;;;;;;;94.7;145;;;5011;67;;
LUG;01.02.1886 00:00;-0.8;7.1;2.5;-2.5;-2.7;-1.9;;;;;;;;;;;;;;;;;16.3;27;;;6839;80;;
LUG;01.03.1886 00:00;2;10;6.1;-2.8;-3.2;-3.5;;;;;;;;;;;;;;;;;13.8;18;;;11566;101;;
LUG;01.04.1886 00:00;7.2;15.2;11.4;-0.9;-1.3;-1.5;;;;;;;;;;;;;;;;;109.8;80;;;10142;93;;
LUG;01.05.1886 00:00;10;19.8;15.3;-1;-2.4;-1;;;;;;;;;;;;;;;;;132.3;74;;;16465;137;;
LUG;01.06.1886 00:00;13;22;17.5;-2.9;-3.1;-2.9;;;;;;;;;;;;;;;;;108.1;63;;;12298;90;;
LUG;01.07.1886 00:00;15.6;25.7;20.9;-1.7;-2.4;-1.6;;;;;;;;;;;;;;;;;121.7;77;;;17617;113;;
LUG;01.08.1886 00:00;14.8;24.7;20.1;-2;-3;-2.1;;;;;;;;;;;;;;;;;119.1;75;;;16117;110;;
LUG;01.09.1886 00:00;13.6;23.3;18.4;0.5;-0.6;1.2;;;;;;;;;;;;;;;;;69;42;;;14674;127;;
LUG;01.10.1886 00:00;9.3;16.6;12.6;-0.6;-0.9;-0.3;;;;;;;;;;;;;;;;;331.1;221;;;8391;99;;
LUG;01.11.1886 00:00;3.4;11.5;7.1;-1.3;-2.3;-0.1;;;;;;;;;;;;;;;;;304.4;183;;;6781;107;;
LUG;01.12.1886 00:00;-0.7;6;2.9;-1.7;-2.7;-1.7;;;;;;;;;;;;;;;;;241.1;302;;;5852;91;;
LUG;01.01.1887 00:00;-4.5;4.8;-0.6;-4.4;-5.7;-2.3;;;;;;;;;;;;;;;;;83.6;128;;;8861;119;;
LUG;01.02.1887 00:00;-2.6;6.6;1.1;-3.9;-4.5;-2.4;;;;;;;;;;;;;;;;;7.2;12;;;9418;110;;
LUG;01.03.1887 00:00;2;10.8;6.3;-2.6;-3.2;-2.7;;;;;;;;;;;;;;;;;90.4;120;;;11273;98;;
LUG;01.04.1887 00:00;5.4;13.1;9.6;-2.7;-3.1;-3.6;;;;;;;;;;;;;;;;;205;149;;;10136;93;;
LUG;01.05.1887 00:00;9.1;16.2;13.1;-3.2;-3.3;-4.6;;;;;;;;;;;;;;;;;131;74;;;9899;83;;
LUG;01.06.1887 00:00;14.6;24.2;19.9;-0.5;-1.5;-0.7;;;;;;;;;;;;;;;;;66.7;39;;;17371;127;;
LUG;01.07.1887 00:00;16.9;26.7;22.3;-0.3;-1.1;-0.6;;;;;;;;;;;;;;;;;98.2;62;;;16866;108;;
LUG;01.08.1887 00:00;15.5;25.1;20.6;-1.5;-2.3;-1.7;;;;;;;;;;;;;;;;;193.2;122;;;16932;115;;
LUG;01.09.1887 00:00;12.4;20.6;16.4;-1.5;-1.8;-1.5;;;;;;;;;;;;;;;;;302.7;184;;;12848;111;;
LUG;01.10.1887 00:00;5;13.9;9.1;-4.1;-5.2;-3;;;;;;;;;;;;;;;;;106.7;71;;;11031;130;;
LUG;01.11.1887 00:00;2.3;9;5.7;-2.7;-3.4;-2.6;;;;;;;;;;;;;;;;;287.4;173;;;4685;74;;
LUG;01.12.1887 00:00;-1.8;5.7;1.7;-2.9;-3.8;-2;;;;;;;;;;;;;;;;;41.1;51;;;7081;110;;
LUG;01.01.1888 00:00;-3.1;6.7;1.3;-2.5;-4.3;-0.4;;;;;;;;;;;;;;;;;0;0;;;8982;121;;
LUG;01.02.1888 00:00;-1.4;5.8;2;-3;-3.3;-3.2;;;;;;;;;;;;;;;;;364.2;594;;;5616;66;;
LUG;01.03.1888 00:00;1.2;7.8;4.7;-4.2;-4;-5.7;;;;;;;;;;;;;;;;;204;270;;;8872;77;;
LUG;01.04.1888 00:00;5.9;11.9;9.5;-2.8;-2.6;-4.8;;;;;;;;;;;;;;;;;284;206;;;8600;79;;
LUG;01.05.1888 00:00;11.5;19.3;15.9;-0.4;-0.9;-1.5;;;;;;;;;;;;;;;;;99.9;56;;;15205;127;;
LUG;01.06.1888 00:00;14.2;22.7;18.9;-1.5;-1.9;-2.2;;;;;;;;;;;;;;;;;272.8;159;;;13287;97;;
LUG;01.07.1888 00:00;14.1;22.5;19;-3.6;-3.9;-4.8;;;;;;;;;;;;;;;;;219.2;139;;;14703;94;;
LUG;01.08.1888 00:00;14;24.1;19.7;-2.4;-3.8;-2.7;;;;;;;;;;;;;;;;;135.6;86;;;16510;113;;
LUG;01.09.1888 00:00;13.4;20.8;17.4;-0.5;-0.8;-1.3;;;;;;;;;;;;;;;;;281.2;171;;;8871;77;;
LUG;01.10.1888 00:00;5.6;15.9;10.1;-3.1;-4.6;-1;;;;;;;;;;;;;;;;;75.9;51;;;12096;143;;
LUG;01.11.1888 00:00;3;9.9;6.3;-2.1;-2.7;-1.7;;;;;;;;;;;;;;;;;258.5;155;;;4831;76;;
LUG;01.12.1888 00:00;-0.5;6.7;2.6;-2;-2.5;-1;;;;;;;;;;;;;;;;;104.4;131;;;7201;112;;
LUG;01.01.1889 00:00;-1.8;5.8;1.1;-2.7;-3;-1.3;;;;;;;;;;;;;;;;;44.2;67;;;6659;90;;
LUG;01.02.1889 00:00;-1.6;7.6;1.9;-3.1;-3.5;-1.4;;;;;;;;;;;;;;;;;8.7;14;;;9507;111;;
LUG;01.03.1889 00:00;1.9;9.8;5.8;-3.1;-3.3;-3.7;;;;;;;;;;;;;;;;;110.3;146;;;10313;90;;
LUG;01.04.1889 00:00;5.3;13;9.4;-2.9;-3.2;-3.7;;;;;;;;;;;;;;;;;355.9;258;;;10214;93;;
LUG;01.05.1889 00:00;11.9;18.3;15.1;-1.2;-0.5;-2.5;;;;;;;;;;;;;;;;;156.7;88;;;7480;62;;
LUG;01.06.1889 00:00;15.6;23.1;19.4;-1;-0.5;-1.8;;;;;;;;;;;;;;;;;170.9;100;;;11577;84;;
LUG;01.07.1889 00:00;15.3;24.9;20.3;-2.3;-2.7;-2.4;;;;;;;;;;;;;;;;;260.4;165;;;17451;112;;
LUG;01.08.1889 00:00;14.2;24.5;19.6;-2.5;-3.6;-2.3;;;;;;;;;;;;;;;;;274.5;174;;;16697;114;;
LUG;01.09.1889 00:00;11;21.3;16.2;-1.7;-3.2;-0.8;;;;;;;;;;;;;;;;;117.2;71;;;14649;127;;
LUG;01.10.1889 00:00;8.5;15.2;11.6;-1.6;-1.7;-1.7;;;;;;;;;;;;;;;;;546.8;365;;;5433;64;;
LUG;01.11.1889 00:00;2.5;11.9;6.3;-2.1;-3.2;0.3;;;;;;;;;;;;;;;;;43.4;26;;;9605;152;;
LUG;01.12.1889 00:00;-1.8;5.1;1.4;-3.2;-3.8;-2.6;;;;;;;;;;;;;;;;;64.6;81;;;6275;97;;
LUG;01.01.1890 00:00;-0.1;8.3;3;-0.8;-1.3;1.2;;;;;;;;;;;;;;;;;24.5;37;;;8015;108;;
LUG;01.02.1890 00:00;-1.3;7;1.7;-3.3;-3.2;-2;;;;;;;;;;;;;;;;;22.3;36;;;7542;88;;
LUG;01.03.1890 00:00;2.3;11.2;6.7;-2.2;-2.9;-2.3;;;;;;;;;;;;;;;;;153;203;;;10278;89;;
LUG;01.04.1890 00:00;6.2;13.4;10.1;-2.2;-2.3;-3.3;;;;;;;;;;;;;;;;;149.2;108;;;8950;82;;
LUG;01.05.1890 00:00;11;18.4;14.9;-1.4;-1.4;-2.4;;;;;;;;;;;;;;;;;316.8;178;;;11952;100;;
LUG;01.06.1890 00:00;13.2;23.5;18.9;-1.5;-2.9;-1.4;;;;;;;;;;;;;;;;;241.8;141;;;16638;121;;
LUG;01.07.1890 00:00;14;23.9;19.4;-3.2;-4;-3.4;;;;;;;;;;;;;;;;;342.6;217;;;15770;101;;
LUG;01.08.1890 00:00;14.3;24.6;19.9;-2.2;-3.5;-2.2;;;;;;;;;;;;;;;;;350.1;221;;;14963;102;;
LUG;01.09.1890 00:00;11.2;20.3;16.4;-1.5;-3;-1.8;;;;;;;;;;;;;;;;;275.2;167;;;12924;112;;
LUG;01.10.1890 00:00;6.6;15.9;11.2;-2;-3.6;-1;;;;;;;;;;;;;;;;;13.1;9;;;11293;133;;
LUG;01.11.1890 00:00;1.8;10.8;6;-2.4;-3.9;-0.8;;;;;;;;;;;;;;;;;35.6;21;;;7420;117;;
LUG;01.12.1890 00:00;-3.2;3.6;0.4;-4.2;-5.2;-4.1;;;;;;;;;;;;;;;;;87.5;110;;;4275;66;;
LUG;01.01.1891 00:00;-4.7;3.8;-1;-4.8;-5.9;-3.3;;;;;;;;;;;;;;;;;1.8;3;;;8724;117;;
LUG;01.02.1891 00:00;-2.8;8.8;2.2;-2.8;-4.7;-0.2;;;;;;;;;;;;;;;;;0;0;;;11595;136;;
LUG;01.03.1891 00:00;2.2;9.6;5.9;-3;-3;-3.9;;;;;;;;;;;;;;;;;183.2;243;;;9077;79;;
LUG;01.04.1891 00:00;5.3;13.1;9.8;-2.5;-3.2;-3.6;;;;;;;;;;;;;;;;;129.5;94;;;11006;101;;
LUG;01.05.1891 00:00;10.1;17;13.9;-2.4;-2.3;-3.8;;;;;;;;;;;;;;;;;366.7;206;;;8949;75;;
LUG;01.06.1891 00:00;13.9;22.6;18.7;-1.7;-2.2;-2.3;;;;;;;;;;;;;;;;;119.4;70;;;13889;101;;
LUG;01.07.1891 00:00;15.7;25.3;20.6;-2;-2.3;-2;;;;;;;;;;;;;;;;;251.4;159;;;16332;105;;
LUG;01.08.1891 00:00;13.7;23.1;18.8;-3.3;-4.1;-3.7;;;;;;;;;;;;;;;;;262.1;166;;;14043;96;;
LUG;01.09.1891 00:00;12.1;22.7;17.4;-0.5;-2.1;0.6;;;;;;;;;;;;;;;;;109.8;67;;;17124;149;;
LUG;01.10.1891 00:00;9.9;17.2;13.1;-0.1;-0.3;0.3;;;;;;;;;;;;;;;;;373.6;250;;;6989;82;;
LUG;01.11.1891 00:00;2.5;10.1;6;-2.4;-3.2;-1.5;;;;;;;;;;;;;;;;;220.8;133;;;6857;108;;
LUG;01.12.1891 00:00;-0.7;7.4;2.9;-1.7;-2.7;-0.3;;;;;;;;;;;;;;;;;68.7;86;;;8515;132;;
LUG;01.01.1892 00:00;-1;6.2;1.8;-2;-2.2;-0.9;;;;;;;;;;;;;;;;;53.8;82;;;5549;75;;
LUG;01.02.1892 00:00;0.8;8.6;4;-1;-1.1;-0.4;;;;;;;;;;;;;;;;;180.5;294;;;6509;76;;
LUG;01.03.1892 00:00;1.1;8.6;4.8;-4.1;-4.1;-4.9;;;;;;;;;;;;;;;;;165.1;219;;;9593;83;;
LUG;01.04.1892 00:00;7.3;15.9;11.9;-0.4;-1.2;-0.8;;;;;;;;;;;;;;;;;105.5;76;;;11793;108;;
LUG;01.05.1892 00:00;10.6;19.8;15.6;-0.7;-1.8;-1;;;;;;;;;;;;;;;;;51.2;29;;;15491;129;;
LUG;01.06.1892 00:00;14.9;23.9;19.8;-0.6;-1.2;-1;;;;;;;;;;;;;;;;;258.9;151;;;14224;104;;
LUG;01.07.1892 00:00;15.7;25.6;20.9;-1.7;-2.3;-1.7;;;;;;;;;;;;;;;;;103.3;65;;;16969;109;;
LUG;01.08.1892 00:00;15.6;26.5;21;-1.1;-2.2;-0.3;;;;;;;;;;;;;;;;;79.3;50;;;16867;115;;
LUG;01.09.1892 00:00;13.5;23;17.7;-0.2;-0.7;0.9;;;;;;;;;;;;;;;;;198.1;120;;;13223;115;;
LUG;01.10.1892 00:00;8;15.2;10.9;-2.3;-2.2;-1.7;;;;;;;;;;;;;;;;;444.7;297;;;6810;80;;
LUG;01.11.1892 00:00;3.9;10.9;6.8;-1.6;-1.8;-0.7;;;;;;;;;;;;;;;;;67.8;41;;;5489;87;;
LUG;01.12.1892 00:00;-2.3;5.7;1.1;-3.5;-4.3;-2;;;;;;;;;;;;;;;;;4.8;6;;;8007;124;;
LUG;01.01.1893 00:00;-4.8;3.5;-1.1;-4.9;-6;-3.6;;;;;;;;;;;;;;;;;10.7;16;;;8575;115;;
LUG;01.02.1893 00:00;-0.5;8.2;3.2;-1.8;-2.4;-0.8;;;;;;;;;;;;;;;;;65.5;107;;;6459;76;;
LUG;01.03.1893 00:00;4.2;14.2;9.1;0.2;-1;0.7;;;;;;;;;;;;;;;;;18;24;;;15531;135;;
LUG;01.04.1893 00:00;7.9;18.5;13.2;0.9;-0.6;1.8;;;;;;;;;;;;;;;;;20.5;15;;;15868;145;;
LUG;01.05.1893 00:00;10.5;19.7;15.2;-1.1;-1.9;-1.1;;;;;;;;;;;;;;;;;104.3;59;;;14815;124;;
LUG;01.06.1893 00:00;13.8;23.2;18.8;-1.6;-2.3;-1.7;;;;;;;;;;;;;;;;;71.8;42;;;16082;117;;
LUG;01.07.1893 00:00;15.3;25.2;20.4;-2.2;-2.7;-2.1;;;;;;;;;;;;;;;;;84.3;53;;;12913;83;;
LUG;01.08.1893 00:00;16;27;21.3;-0.8;-1.8;0.2;;;;;;;;;;;;;;;;;5.7;4;;;18127;124;;
LUG;01.09.1893 00:00;13.4;22.1;17.6;-0.3;-0.8;0;;;;;;;;;;;;;;;;;156;95;;;10640;92;;
LUG;01.10.1893 00:00;9;18.2;12.9;-0.3;-1.2;1.3;;;;;;;;;;;;;;;;;128.5;86;;;11694;138;;
LUG;01.11.1893 00:00;3.2;10.1;6.5;-1.9;-2.5;-1.5;;;;;;;;;;;;;;;;;75.1;45;;;5654;89;;
LUG;01.12.1893 00:00;-0.5;6.8;3.2;-1.4;-2.5;-0.9;;;;;;;;;;;;;;;;;79.7;100;;;7561;117;;
LUG;01.01.1894 00:00;-2.6;4.1;0.3;-3.5;-3.8;-3;;;;;;;;;;;;;;;;;89.8;137;;;5366;72;;
LUG;01.02.1894 00:00;-1.3;9.3;2.9;-2.1;-3.2;0.3;;;;;;;;;;;;;;;;;0;0;;;10702;125;;
LUG;01.03.1894 00:00;3.1;12.9;7.7;-1.2;-2.1;-0.6;;;;;;;;;;;;;;;;;42.7;57;;;12767;111;;
LUG;01.04.1894 00:00;8.3;17.1;12.5;0.2;-0.2;0.4;;;;;;;;;;;;;;;;;118.9;86;;;12543;115;;
LUG;01.05.1894 00:00;10;17.3;13.8;-2.5;-2.4;-3.5;;;;;;;;;;;;;;;;;212;119;;;9911;83;;
LUG;01.06.1894 00:00;13.7;23.5;19;-1.4;-2.4;-1.4;;;;;;;;;;;;;;;;;27.3;16;;;16843;123;;
LUG;01.07.1894 00:00;16.4;26.5;21.6;-1;-1.6;-0.8;;;;;;;;;;;;;;;;;106.6;68;;;18277;117;;
LUG;01.08.1894 00:00;15.1;25.5;20.3;-1.8;-2.7;-1.3;;;;;;;;;;;;;;;;;76.6;48;;;17512;119;;
LUG;01.09.1894 00:00;12.2;20.7;16;-1.9;-2;-1.4;;;;;;;;;;;;;;;;;97.2;59;;;11785;102;;
LUG;01.10.1894 00:00;7.4;16;11.3;-1.9;-2.8;-0.9;;;;;;;;;;;;;;;;;85.5;57;;;9565;113;;
LUG;01.11.1894 00:00;3.5;11.5;7.5;-0.9;-2.2;-0.1;;;;;;;;;;;;;;;;;118.1;71;;;7237;114;;
LUG;01.12.1894 00:00;-2;6.6;2.4;-2.2;-4;-1.1;;;;;;;;;;;;;;;;;2.6;3;;;8835;137;;
LUG;01.01.1895 00:00;-3.4;3.5;-0.1;-3.9;-4.6;-3.6;;;;;;;;;;;;;;;;;150.5;230;;;5955;80;;
LUG;01.02.1895 00:00;-4.6;3.2;-1.1;-6.1;-6.5;-5.8;;;;;;;;;;;;;;;;;17.2;28;;;8357;98;;
LUG;01.03.1895 00:00;1.5;10.1;5.8;-3.1;-3.7;-3.4;;;;;;;;;;;;;;;;;57.7;76;;;11912;104;;
LUG;01.04.1895 00:00;6.5;15.4;11.5;-0.8;-2;-1.3;;;;;;;;;;;;;;;;;101.3;73;;;10378;95;;
LUG;01.05.1895 00:00;9.5;18.1;14.1;-2.2;-2.9;-2.7;;;;;;;;;;;;;;;;;213.7;120;;;13797;115;;
LUG;01.06.1895 00:00;13.3;22.2;18.1;-2.3;-2.8;-2.7;;;;;;;;;;;;;;;;;204.5;119;;;11645;85;;
LUG;01.07.1895 00:00;15.3;26.4;21.2;-1.4;-2.7;-0.9;;;;;;;;;;;;;;;;;134.5;85;;;16895;108;;
LUG;01.08.1895 00:00;14.3;25.3;20;-2.1;-3.5;-1.5;;;;;;;;;;;;;;;;;55.1;35;;;18262;124;;
LUG;01.09.1895 00:00;13.6;25.7;19.3;1.4;-0.6;3.6;;;;;;;;;;;;;;;;;18.6;11;;;17213;149;;
LUG;01.10.1895 00:00;8.1;16.4;11.8;-1.4;-2.1;-0.5;;;;;;;;;;;;;;;;;101.8;68;;;10757;127;;
LUG;01.11.1895 00:00;5;10.9;8;-0.4;-0.7;-0.7;;;;;;;;;;;;;;;;;69.6;42;;;4533;72;;
LUG;01.12.1895 00:00;0.6;6.5;3.4;-1.2;-1.4;-1.2;;;;;;;;;;;;;;;;;56.7;71;;;6041;94;;
LUG;01.01.1896 00:00;-1.9;6;1.1;-2.7;-3.1;-1.1;;;;;;;;;;;;;;;;;0;0;;;9165;123;;
LUG;01.02.1896 00:00;-0.8;8.8;3;-2;-2.7;-0.2;;;;;;;;;;;;;;;;;12.1;20;;;10228;120;;
LUG;01.03.1896 00:00;5.5;14;9.5;0.6;0.3;0.5;;;;;;;;;;;;;;;;;21.3;28;;;12269;107;;
LUG;01.04.1896 00:00;6.2;14.9;10.7;-1.6;-2.3;-1.8;;;;;;;;;;;;;;;;;43.3;31;;;14714;135;;
LUG;01.05.1896 00:00;9.3;17.9;13.6;-2.7;-3.1;-2.9;;;;;;;;;;;;;;;;;72.7;41;;;14163;118;;
LUG;01.06.1896 00:00;14;21.1;17.6;-2.8;-2.1;-3.8;;;;;;;;;;;;;;;;;251.6;147;;;12014;88;;
LUG;01.07.1896 00:00;16.3;24.8;20.7;-1.9;-1.7;-2.5;;;;;;;;;;;;;;;;;252.8;160;;;15626;100;;
LUG;01.08.1896 00:00;13.4;20.5;16.9;-5.2;-4.4;-6.3;;;;;;;;;;;;;;;;;425.7;269;;;10886;74;;
LUG;01.09.1896 00:00;11.5;19.6;15.4;-2.5;-2.7;-2.5;;;;;;;;;;;;;;;;;345.1;209;;;12517;109;;
LUG;01.10.1896 00:00;8.3;13.8;10.8;-2.4;-1.9;-3.1;;;;;;;;;;;;;;;;;742.5;496;;;5312;63;;
LUG;01.11.1896 00:00;2.7;9.1;5.5;-2.9;-3;-2.5;;;;;;;;;;;;;;;;;177.9;107;;;6870;109;;
LUG;01.12.1896 00:00;-0.2;6;2.2;-2.4;-2.2;-1.7;;;;;;;;;;;;;;;;;134.6;168;;;3886;60;;
LUG;01.01.1897 00:00;0.3;5.7;2.4;-1.4;-0.9;-1.4;;;;;;;;;;;;;;;;;265.7;406;;;4136;56;;
LUG;01.02.1897 00:00;1.2;10.1;5.1;0.1;-0.7;1.1;;;;;;;;;;;;;;;;;1.9;3;;;8888;104;;
LUG;01.03.1897 00:00;4.7;14.7;8.8;-0.1;-0.5;1.2;;;;;;;;;;;;;;;;;142.9;189;;;12111;105;;
LUG;01.04.1897 00:00;7.2;15.8;11;-1.3;-1.3;-0.9;;;;;;;;;;;;;;;;;127.9;93;;;9295;85;;
LUG;01.05.1897 00:00;10.3;19.4;14.8;-1.5;-2.1;-1.4;;;;;;;;;;;;;;;;;141.2;80;;;14632;122;;
LUG;01.06.1897 00:00;15.2;25.2;20.3;-0.1;-0.9;0.3;;;;;;;;;;;;;;;;;123;72;;;17956;131;;
LUG;01.07.1897 00:00;16.6;26.7;21.3;-1.3;-1.4;-0.6;;;;;;;;;;;;;;;;;150.1;95;;;16063;103;;
LUG;01.08.1897 00:00;14.9;24.5;19.3;-2.8;-2.9;-2.3;;;;;;;;;;;;;;;;;166.1;105;;;15075;103;;
LUG;01.09.1897 00:00;11.8;20.6;15.5;-2.4;-2.4;-1.5;;;;;;;;;;;;;;;;;345.3;209;;;12199;106;;
LUG;01.10.1897 00:00;7.4;16.8;10.9;-2.3;-2.8;-0.1;;;;;;;;;;;;;;;;;95;63;;;11790;139;;
LUG;01.11.1897 00:00;2.9;10.5;6;-2.4;-2.8;-1.1;;;;;;;;;;;;;;;;;15.2;9;;;7104;112;;
LUG;01.12.1897 00:00;-0.4;6.8;2.5;-2.1;-2.4;-0.9;;;;;;;;;;;;;;;;;79.7;100;;;6726;104;;
LUG;01.01.1898 00:00;-0.2;8.4;2.8;-1;-1.4;1.3;;;;;;;;;;;;;;;;;53.1;81;;;8993;121;;
LUG;01.02.1898 00:00;0.6;9.8;4;-1;-1.3;0.8;;;;;;;;;;;;;;;;;63.3;103;;;8821;103;;
LUG;01.03.1898 00:00;3.4;9.5;6.2;-2.7;-1.8;-4;;;;;;;;;;;;;;;;;228.8;303;;;6571;57;;
LUG;01.04.1898 00:00;7.9;14.5;11;-1.3;-0.6;-2.2;;;;;;;;;;;;;;;;;245.3;178;;;8781;80;;
LUG;01.05.1898 00:00;9.9;17.7;13.8;-2.5;-2.5;-3.1;;;;;;;;;;;;;;;;;224.6;126;;;11775;98;;
LUG;01.06.1898 00:00;13;21.4;17.2;-3.2;-3.1;-3.5;;;;;;;;;;;;;;;;;276.2;161;;;10560;77;;
LUG;01.07.1898 00:00;14.9;25.5;20.2;-2.4;-3.1;-1.8;;;;;;;;;;;;;;;;;49.2;31;;;18466;118;;
LUG;01.08.1898 00:00;16.7;27.2;21.7;-0.4;-1.1;0.4;;;;;;;;;;;;;;;;;33.6;21;;;17992;123;;
LUG;01.09.1898 00:00;15.1;25.1;19.5;1.6;0.9;3;;;;;;;;;;;;;;;;;30;18;;;15686;136;;
LUG;01.10.1898 00:00;9.9;17.4;12.7;-0.5;-0.3;0.5;;;;;;;;;;;;;;;;;249.6;167;;;8002;94;;
LUG;01.11.1898 00:00;7.3;13.3;9.8;1.4;1.6;1.7;;;;;;;;;;;;;;;;;179.2;108;;;2855;45;;
LUG;01.12.1898 00:00;0.2;9.5;3.7;-0.9;-1.8;1.8;;;;;;;;;;;;;;;;;2;3;;;9772;152;;
LUG;01.01.1899 00:00;2;9;4.7;0.9;0.8;1.9;;;;;;;;;;;;;;;;;63.2;96;;;5063;68;;
LUG;01.02.1899 00:00;1.1;10.1;4.4;-0.6;-0.8;1.1;;;;;;;;;;;;;;;;;10.5;17;;;8793;103;;
LUG;01.03.1899 00:00;3;12.4;7.4;-1.5;-2.2;-1.1;;;;;;;;;;;;;;;;;30;40;;;11502;100;;
LUG;01.04.1899 00:00;6.6;14.5;10.8;-1.5;-1.9;-2.2;;;;;;;;;;;;;;;;;161.2;117;;;12059;110;;
LUG;01.05.1899 00:00;10.7;19.7;15.1;-1.2;-1.7;-1.1;;;;;;;;;;;;;;;;;112.6;63;;;15503;129;;
LUG;01.06.1899 00:00;13.4;22.9;18.5;-1.9;-2.7;-2;;;;;;;;;;;;;;;;;132.2;77;;;15497;113;;
LUG;01.07.1899 00:00;15.4;26.4;21.1;-1.5;-2.6;-0.9;;;;;;;;;;;;;;;;;79.6;50;;;19361;124;;
LUG;01.08.1899 00:00;16.5;26.6;21;-1.1;-1.3;-0.2;;;;;;;;;;;;;;;;;99;63;;;18215;124;;
LUG;01.09.1899 00:00;12.9;22.1;17.1;-0.8;-1.3;0;;;;;;;;;;;;;;;;;155.5;94;;;13071;113;;
LUG;01.10.1899 00:00;8.7;17.2;12;-1.2;-1.5;0.3;;;;;;;;;;;;;;;;;21.8;15;;;8640;102;;
LUG;01.11.1899 00:00;3.7;12.8;7.3;-1.1;-2;1.2;;;;;;;;;;;;;;;;;13.9;8;;;10934;173;;
LUG;01.12.1899 00:00;-0.5;5.9;2.4;-2.2;-2.5;-1.8;;;;;;;;;;;;;;;;;70.8;89;;;3789;59;;
LUG;01.01.1900 00:00;1.2;8.5;3.8;0;0;1.4;;;;;;;;;;;;;;;;;88.7;135;;;6802;92;;
LUG;01.02.1900 00:00;2;9.2;4.7;-0.3;0.1;0.2;;;;;;;;;;;;;;;;;138.1;225;;;5867;69;;
LUG;01.03.1900 00:00;1.9;8.8;5.2;-3.7;-3.3;-4.7;;;;;;;;;;;;;;;;;148.3;196;;;10541;92;;
LUG;01.04.1900 00:00;6.5;15;11;-1.3;-2;-1.7;;;;;;;;;;;;;;;;;54.6;40;;;13329;122;;
LUG;01.05.1900 00:00;10.5;18.2;14.4;-1.9;-1.9;-2.6;;;;;;;;;;;;;;;;;243.5;137;;;12792;107;;
LUG;01.06.1900 00:00;14.9;23.7;19.5;-0.9;-1.2;-1.2;;;;;;;;;;;;;;;;;54.1;32;;;13537;99;;
LUG;01.07.1900 00:00;16.7;27;22;-0.6;-1.3;-0.3;;;;;;;;;;;;;;;;;88.7;56;;;18793;120;;
LUG;01.08.1900 00:00;14.8;23.4;18.7;-3.4;-3;-3.4;;;;;;;;;;;;;;;;;535.7;339;;;13370;91;;
LUG;01.09.1900 00:00;14.3;22.7;18;0.1;0.1;0.6;;;;;;;;;;;;;;;;;156.2;95;;;11633;101;;
LUG;01.10.1900 00:00;9.2;18.1;12.6;-0.6;-1;1.2;;;;;;;;;;;;;;;;;57.4;38;;;11458;135;;
LUG;01.11.1900 00:00;5;11.2;7.6;-0.8;-0.7;-0.4;;;;;;;;;;;;;;;;;323.8;194;;;3305;52;;
LUG;01.12.1900 00:00;0.4;9;3.7;-0.9;-1.6;1.3;;;;;;;;;;;;;;;;;25.4;32;;;9344;145;;
LUG;01.01.1901 00:00;-2.2;6.4;0.9;-2.9;-3.4;-0.7;;;;;;;;;;;;;;;;;0.3;0;;;8884;120;;
LUG;01.02.1901 00:00;-4.6;3.9;-1.3;-6.3;-6.5;-5.1;;;;;;;;;;;;;;;;;36.7;60;;;9692;113;;
LUG;01.03.1901 00:00;2.2;7.7;4.9;-4;-3;-5.8;;;;;;;;;;;;;;;;;274.8;364;;;6506;57;;
LUG;01.04.1901 00:00;6.8;14.9;10.8;-1.5;-1.7;-1.8;;;;;;;;;;;;;;;;;187;136;;;10577;97;;
LUG;01.05.1901 00:00;10.5;18.9;14.9;-1.4;-1.9;-1.9;;;;;;;;;;;;;;;;;65.4;37;;;14498;121;;
LUG;01.06.1901 00:00;15.1;25;20.4;0;-1;0.1;;;;;;;;;;;;;;;;;215.9;126;;;14832;108;;
LUG;01.07.1901 00:00;15.6;24.7;20.3;-2.3;-2.4;-2.6;;;;;;;;;;;;;;;;;350.3;222;;;14611;94;;
LUG;01.08.1901 00:00;15.6;25.4;20.6;-1.5;-2.2;-1.4;;;;;;;;;;;;;;;;;92.7;59;;;16000;109;;
LUG;01.09.1901 00:00;13.6;20.9;17;-0.9;-0.6;-1.2;;;;;;;;;;;;;;;;;124;75;;;8794;76;;
LUG;01.10.1901 00:00;8.2;16.1;11.6;-1.6;-2;-0.8;;;;;;;;;;;;;;;;;246.9;165;;;7499;88;;
LUG;01.11.1901 00:00;2.6;10.1;6;-2.4;-3.1;-1.5;;;;;;;;;;;;;;;;;27.6;17;;;7883;125;;
LUG;01.12.1901 00:00;0;6.5;2.9;-1.7;-2;-1.2;;;;;;;;;;;;;;;;;162.2;203;;;6103;95;;
LUG;01.01.1902 00:00;-0.6;8.5;3.1;-0.7;-1.8;1.4;;;;;;;;;;;;;;;;;33.3;51;;;8953;121;;
LUG;01.02.1902 00:00;1.1;6.7;3.2;-1.8;-0.8;-2.3;;;;;;;;;;;;;;;;;131;214;;;3752;44;;
LUG;01.03.1902 00:00;3.6;12.4;7.7;-1.2;-1.6;-1.1;;;;;;;;;;;;;;;;;74.6;99;;;12017;104;;
LUG;01.04.1902 00:00;9.1;15.3;12.1;-0.2;0.6;-1.4;;;;;;;;;;;;;;;;;158.9;115;;;8406;77;;
LUG;01.05.1902 00:00;8.5;16.3;12.6;-3.7;-3.9;-4.5;;;;;;;;;;;;;;;;;117.1;66;;;14723;123;;
LUG;01.06.1902 00:00;12.9;21.5;17.5;-2.9;-3.2;-3.4;;;;;;;;;;;;;;;;;177.2;103;;;13429;98;;
LUG;01.07.1902 00:00;16.1;26.9;21.9;-0.7;-1.9;-0.4;;;;;;;;;;;;;;;;;85;54;;;18151;116;;
LUG;01.08.1902 00:00;15.2;24.8;20.1;-2;-2.6;-2;;;;;;;;;;;;;;;;;251.4;159;;;14998;102;;
LUG;01.09.1902 00:00;12.2;21.7;16.6;-1.3;-2;-0.4;;;;;;;;;;;;;;;;;135.5;82;;;13663;119;;
LUG;01.10.1902 00:00;7.1;15.5;10.6;-2.6;-3.1;-1.4;;;;;;;;;;;;;;;;;162.7;109;;;8564;101;;
LUG;01.11.1902 00:00;2.3;9.2;5.4;-3;-3.4;-2.4;;;;;;;;;;;;;;;;;83.8;50;;;6578;104;;
LUG;01.12.1902 00:00;0.1;7.5;3.4;-1.2;-1.9;-0.2;;;;;;;;;;;;;;;;;62.2;78;;;6235;97;;
LUG;01.01.1903 00:00;-2.2;4.9;0.4;-3.4;-3.4;-2.2;;;;;;;;;;;;;;;;;81.6;125;;;8135;110;;
LUG;01.02.1903 00:00;0.3;9.2;4;-1;-1.6;0.2;;;;;;;;;;;;;;;;;27.8;45;;;9608;113;;
LUG;01.03.1903 00:00;3.7;13;8.2;-0.7;-1.5;-0.5;;;;;;;;;;;;;;;;;67.3;89;;;11871;103;;
LUG;01.04.1903 00:00;5.2;12.6;9;-3.3;-3.3;-4.1;;;;;;;;;;;;;;;;;147.6;107;;;11998;110;;
LUG;01.05.1903 00:00;10.1;17.6;14.1;-2.2;-2.3;-3.2;;;;;;;;;;;;;;;;;348.1;196;;;12884;107;;
LUG;01.06.1903 00:00;12.9;20.2;16.7;-3.7;-3.2;-4.7;;;;;;;;;;;;;;;;;233.4;136;;;10111;74;;
LUG;01.07.1903 00:00;15.5;24.4;20.4;-2.2;-2.5;-2.9;;;;;;;;;;;;;;;;;160.3;102;;;13791;88;;
LUG;01.08.1903 00:00;15;25.6;20.6;-1.5;-2.8;-1.2;;;;;;;;;;;;;;;;;131.5;83;;;17049;116;;
LUG;01.09.1903 00:00;12.1;22.4;16.8;-1.1;-2.1;0.3;;;;;;;;;;;;;;;;;41.8;25;;;13860;120;;
LUG;01.10.1903 00:00;8.3;17;12.1;-1.1;-1.9;0.1;;;;;;;;;;;;;;;;;281.6;188;;;9271;109;;
LUG;01.11.1903 00:00;3.5;11.9;7.4;-1;-2.2;0.3;;;;;;;;;;;;;;;;;75.6;45;;;7395;117;;
LUG;01.12.1903 00:00;0.6;6.4;3.2;-1.4;-1.4;-1.3;;;;;;;;;;;;;;;;;150.9;189;;;3629;56;;
LUG;01.01.1904 00:00;0;6.5;2.5;-1.3;-1.2;-0.6;;;;;;;;;;;;;;;;;30.7;47;;;5492;74;;
LUG;01.02.1904 00:00;0.9;8;3.7;-1.3;-1;-1;;;;;;;;;;;;;;;;;119;194;;;6582;77;;
LUG;01.03.1904 00:00;3.6;10.3;6.7;-2.2;-1.6;-3.2;;;;;;;;;;;;;;;;;173.8;230;;;7385;64;;
LUG;01.04.1904 00:00;8.1;15.9;12.2;-0.1;-0.4;-0.8;;;;;;;;;;;;;;;;;67.8;49;;;10946;100;;
LUG;01.05.1904 00:00;11.7;21.5;17;0.7;-0.7;0.7;;;;;;;;;;;;;;;;;79.6;45;;;16849;140;;
LUG;01.06.1904 00:00;15.5;23.9;19.8;-0.6;-0.6;-1;;;;;;;;;;;;;;;;;234.9;137;;;13702;100;;
LUG;01.07.1904 00:00;16.8;28.4;23;0.4;-1.2;1.1;;;;;;;;;;;;;;;;;102;65;;;18782;120;;
LUG;01.08.1904 00:00;16.3;26.7;21.3;-0.8;-1.5;-0.1;;;;;;;;;;;;;;;;;66.4;42;;;16803;115;;
LUG;01.09.1904 00:00;11.4;19.6;15.5;-2.4;-2.8;-2.5;;;;;;;;;;;;;;;;;227.1;138;;;9851;85;;
LUG;01.10.1904 00:00;9.6;17.3;12.4;-0.8;-0.6;0.4;;;;;;;;;;;;;;;;;38.9;26;;;10891;128;;
LUG;01.11.1904 00:00;3.4;11;6.2;-2.2;-2.3;-0.6;;;;;;;;;;;;;;;;;33.4;20;;;9877;156;;
LUG;01.12.1904 00:00;0.7;6.7;2.7;-1.9;-1.3;-1;;;;;;;;;;;;;;;;;55.1;69;;;6641;103;;
LUG;01.01.1905 00:00;-1.8;6;1;-2.8;-3;-1.1;;;;;;;;;;;;;;;;;37.7;58;;;8490;114;;
LUG;01.02.1905 00:00;-0.1;7.8;2.9;-2.1;-2;-1.2;;;;;;;;;;;;;;;;;45.6;74;;;8877;104;;
LUG;01.03.1905 00:00;3.5;11.5;6.9;-2;-1.7;-2;;;;;;;;;;;;;;;;;67.4;89;;;10008;87;;
LUG;01.04.1905 00:00;7.4;14.6;10.7;-1.6;-1.1;-2.1;;;;;;;;;;;;;;;;;198.4;144;;;11750;107;;
LUG;01.05.1905 00:00;10.2;15.7;12.7;-3.6;-2.2;-5.1;;;;;;;;;;;;;;;;;348.1;196;;;8559;71;;
LUG;01.06.1905 00:00;13.8;22.8;18.2;-2.2;-2.3;-2.1;;;;;;;;;;;;;;;;;197.9;115;;;12168;89;;
LUG;01.07.1905 00:00;17.1;27.2;22.6;0;-0.9;-0.1;;;;;;;;;;;;;;;;;206.9;131;;;18266;117;;
LUG;01.08.1905 00:00;15.3;24.2;19.6;-2.5;-2.5;-2.6;;;;;;;;;;;;;;;;;384.4;243;;;13622;93;;
LUG;01.09.1905 00:00;13.6;21.9;17.4;-0.5;-0.6;-0.2;;;;;;;;;;;;;;;;;224.4;136;;;11003;95;;
LUG;01.10.1905 00:00;4.4;13.9;8.5;-4.7;-5.8;-3;;;;;;;;;;;;;;;;;18.6;12;;;11835;140;;
LUG;01.11.1905 00:00;3.5;9.5;6.4;-2;-2.2;-2.1;;;;;;;;;;;;;;;;;207.5;125;;;5407;85;;
LUG;01.12.1905 00:00;1;7.3;3.6;-1;-1;-0.4;;;;;;;;;;;;;;;;;8.8;11;;;7411;115;;
LUG;01.01.1906 00:00;-1.2;6.6;1.9;-1.9;-2.4;-0.5;;;;;;;;;;;;;;;;;7.6;12;;;8793;118;;
LUG;01.02.1906 00:00;0.1;7.5;2.8;-2.2;-1.8;-1.5;;;;;;;;;;;;;;;;;73.6;120;;;7379;86;;
LUG;01.03.1906 00:00;3.4;11.5;6.6;-2.3;-1.8;-2;;;;;;;;;;;;;;;;;115.4;153;;;12614;110;;
LUG;01.04.1906 00:00;6.7;13.9;9.6;-2.7;-1.8;-2.8;;;;;;;;;;;;;;;;;171.5;124;;;8968;82;;
LUG;01.05.1906 00:00;10.4;19.9;14.5;-1.8;-2;-0.9;;;;;;;;;;;;;;;;;80.3;45;;;13590;113;;
LUG;01.06.1906 00:00;14;24.6;19.5;-0.9;-2.1;-0.3;;;;;;;;;;;;;;;;;54.8;32;;;17820;130;;
LUG;01.07.1906 00:00;16.4;25.7;21.1;-1.5;-1.6;-1.6;;;;;;;;;;;;;;;;;229.8;146;;;14937;96;;
LUG;01.08.1906 00:00;16.3;27.8;21.5;-0.6;-1.5;1;;;;;;;;;;;;;;;;;76.5;48;;;19773;135;;
LUG;01.09.1906 00:00;11.6;23.2;16.3;-1.6;-2.6;1.1;;;;;;;;;;;;;;;;;28.9;18;;;16895;147;;
LUG;01.10.1906 00:00;10.7;18;13;-0.2;0.5;1.1;;;;;;;;;;;;;;;;;157.3;105;;;9137;108;;
LUG;01.11.1906 00:00;4.9;11.2;7.4;-1;-0.8;-0.4;;;;;;;;;;;;;;;;;289.2;174;;;6851;108;;
LUG;01.12.1906 00:00;-0.1;6.4;3;-1.6;-2.1;-1.3;;;;;;;;;;;;;;;;;3;4;;;7915;123;;
LUG;01.01.1907 00:00;-2;6.4;1.3;-2.5;-3.2;-0.7;;;;;;;;;;;;;;;;;26.3;40;;;8427;113;;
LUG;01.02.1907 00:00;-0.8;7.2;2.2;-2.8;-2.7;-1.8;;;;;;;;;;;;;;;;;24.9;41;;;8592;101;;
LUG;01.03.1907 00:00;2;11.7;6.6;-2.3;-3.2;-1.8;;;;;;;;;;;;;;;;;2.4;3;;;15097;131;;
LUG;01.04.1907 00:00;6.6;13.8;9.7;-2.6;-1.9;-2.9;;;;;;;;;;;;;;;;;107.2;78;;;11315;103;;
LUG;01.05.1907 00:00;10.9;19.4;15;-1.3;-1.5;-1.4;;;;;;;;;;;;;;;;;60.5;34;;;13639;114;;
LUG;01.06.1907 00:00;15;23.7;19.1;-1.3;-1.1;-1.2;;;;;;;;;;;;;;;;;113.8;66;;;14230;104;;
LUG;01.07.1907 00:00;14.8;24.8;19.7;-2.9;-3.2;-2.5;;;;;;;;;;;;;;;;;103.8;66;;;17032;109;;
LUG;01.08.1907 00:00;15.8;26.5;21;-1.1;-2;-0.3;;;;;;;;;;;;;;;;;90;57;;;17371;118;;
LUG;01.09.1907 00:00;13.9;22.1;17.5;-0.4;-0.3;0;;;;;;;;;;;;;;;;;299.5;182;;;13325;116;;
LUG;01.10.1907 00:00;10.7;16.4;12.9;-0.3;0.5;-0.5;;;;;;;;;;;;;;;;;429.9;287;;;5579;66;;
LUG;01.11.1907 00:00;4.7;10.8;7.4;-1;-1;-0.8;;;;;;;;;;;;;;;;;31.5;19;;;6927;110;;
LUG;01.12.1907 00:00;1.6;7.3;4.2;-0.4;-0.4;-0.4;;;;;;;;;;;;;;;;;108.8;136;;;5601;87;;
LUG;01.01.1908 00:00;-0.7;7;2.1;-1.7;-1.9;-0.1;;;;;;;;;;;;;;;;;0.7;1;;;10715;144;;
LUG;01.02.1908 00:00;0.9;11;5.1;0.1;-1;2;;;;;;;;;;;;;;;;;10.9;18;;;12182;143;;
LUG;01.03.1908 00:00;2.3;8.9;5.2;-3.7;-2.9;-4.6;;;;;;;;;;;;;;;;;98.2;130;;;9036;79;;
LUG;01.04.1908 00:00;5.9;12.8;9;-3.3;-2.6;-3.9;;;;;;;;;;;;;;;;;103.4;75;;;9283;85;;
LUG;01.05.1908 00:00;11.7;21;16.3;0;-0.7;0.2;;;;;;;;;;;;;;;;;216.8;122;;;15509;129;;
LUG;01.06.1908 00:00;15;24.1;19.3;-1.1;-1.1;-0.8;;;;;;;;;;;;;;;;;175.3;102;;;15633;114;;
LUG;01.07.1908 00:00;15;25;20.2;-2.4;-3;-2.3;;;;;;;;;;;;;;;;;307.4;195;;;16005;102;;
LUG;01.08.1908 00:00;15.2;24;19.6;-2.5;-2.6;-2.8;;;;;;;;;;;;;;;;;154.1;97;;;14998;102;;
LUG;01.09.1908 00:00;11.5;20.9;16;-1.9;-2.7;-1.2;;;;;;;;;;;;;;;;;103.6;63;;;13058;113;;
LUG;01.10.1908 00:00;9.3;17.6;12.3;-0.9;-0.9;0.7;;;;;;;;;;;;;;;;;101.5;68;;;11892;140;;
LUG;01.11.1908 00:00;2.9;10.2;6;-2.4;-2.8;-1.4;;;;;;;;;;;;;;;;;24.9;15;;;8377;132;;
LUG;01.12.1908 00:00;0.9;6;3.2;-1.4;-1.1;-1.7;;;;;;;;;;;;;;;;;25.1;31;;;5726;89;;
LUG;01.01.1909 00:00;-1.6;5.7;1;-2.8;-2.8;-1.4;;;;;;;;;;;;;;;;;0.8;1;;;9136;123;;
LUG;01.02.1909 00:00;-1.9;6.1;1.2;-3.8;-3.8;-2.9;;;;;;;;;;;;;;;;;122.7;200;;;8430;99;;
LUG;01.03.1909 00:00;1.6;8.6;4.3;-4.6;-3.6;-4.9;;;;;;;;;;;;;;;;;126.2;167;;;8802;76;;
LUG;01.04.1909 00:00;8.1;16.4;12.5;0.2;-0.4;-0.3;;;;;;;;;;;;;;;;;32.1;23;;;14024;128;;
LUG;01.05.1909 00:00;11.4;18.3;15.1;-1.2;-1;-2.5;;;;;;;;;;;;;;;;;51.6;29;;;14760;123;;
LUG;01.06.1909 00:00;12.6;20.9;16.5;-3.9;-3.5;-4;;;;;;;;;;;;;;;;;320.1;187;;;11310;82;;
LUG;01.07.1909 00:00;14.7;24.4;19.7;-2.9;-3.3;-2.9;;;;;;;;;;;;;;;;;91.8;58;;;16218;104;;
LUG;01.08.1909 00:00;15;25.2;20.1;-2;-2.8;-1.6;;;;;;;;;;;;;;;;;208.8;132;;;14875;101;;
LUG;01.09.1909 00:00;12;21;15.9;-2;-2.2;-1.1;;;;;;;;;;;;;;;;;93.7;57;;;11601;101;;
LUG;01.10.1909 00:00;9.2;17.8;12.5;-0.7;-1;0.9;;;;;;;;;;;;;;;;;187.8;125;;;10942;129;;
LUG;01.11.1909 00:00;2.8;10.6;6.1;-2.3;-2.9;-1;;;;;;;;;;;;;;;;;55.3;33;;;10548;167;;
LUG;01.12.1909 00:00;2.4;7.3;5;0.4;0.4;-0.4;;;;;;;;;;;;;;;;;93.8;117;;;3898;61;;
LUG;01.01.1910 00:00;0;8.2;3.4;-0.4;-1.2;1.1;;;;;;;;;;;;;;;;;25.8;39;;;7820;105;;
LUG;01.02.1910 00:00;0.8;8.2;4.1;-0.9;-1.1;-0.8;;;;;;;;;;;;;;;;;60.6;99;;;7029;82;;
LUG;01.03.1910 00:00;3.8;11.6;7.5;-1.4;-1.4;-1.9;;;;;;;;;;;;;;;;;114.2;151;;;9792;85;;
LUG;01.04.1910 00:00;6.6;12.8;9.9;-2.4;-1.9;-3.9;;;;;;;;;;;;;;;;;257.2;186;;;7964;73;;
LUG;01.05.1910 00:00;9.3;16.9;13.2;-3.1;-3.1;-3.9;;;;;;;;;;;;;;;;;143.9;81;;;12817;107;;
LUG;01.06.1910 00:00;14;22.9;18.4;-2;-2.1;-2;;;;;;;;;;;;;;;;;270;157;;;13724;100;;
LUG;01.07.1910 00:00;13.6;24;19.2;-3.4;-4.4;-3.3;;;;;;;;;;;;;;;;;95.1;60;;;15850;101;;
LUG;01.08.1910 00:00;14.5;24.4;19.4;-2.7;-3.3;-2.4;;;;;;;;;;;;;;;;;232;147;;;15778;108;;
LUG;01.09.1910 00:00;12.1;19.9;16.1;-1.8;-2.1;-2.2;;;;;;;;;;;;;;;;;57.8;35;;;11187;97;;
LUG;01.10.1910 00:00;9.1;16.2;12.3;-0.9;-1.1;-0.7;;;;;;;;;;;;;;;;;181.1;121;;;7977;94;;
LUG;01.11.1910 00:00;2.3;9.2;5.6;-2.8;-3.4;-2.4;;;;;;;;;;;;;;;;;103;62;;;7034;111;;
LUG;01.12.1910 00:00;3;7.6;5.4;0.8;1;-0.1;;;;;;;;;;;;;;;;;327.9;410;;;4936;77;;
LUG;01.01.1911 00:00;-1;5.7;1.6;-2.2;-2.2;-1.4;;;;;;;;;;;;;;;;;15;23;;;8858;119;;
LUG;01.02.1911 00:00;-0.7;8.1;3.2;-1.8;-2.6;-0.9;;;;;;;;;;;;;;;;;15.5;25;;;9689;113;;
LUG;01.03.1911 00:00;3.6;10.3;6.7;-2.2;-1.6;-3.2;;;;;;;;;;;;;;;;;99.2;131;;;7478;65;;
LUG;01.04.1911 00:00;6;14.9;10.4;-1.9;-2.5;-1.8;;;;;;;;;;;;;;;;;82.9;60;;;14057;129;;
LUG;01.05.1911 00:00;11;18;14.8;-1.5;-1.4;-2.8;;;;;;;;;;;;;;;;;96.1;54;;;11325;94;;
LUG;01.06.1911 00:00;13.7;21.3;17.4;-3;-2.4;-3.6;;;;;;;;;;;;;;;;;300.8;175;;;13013;95;;
LUG;01.07.1911 00:00;16.5;26.9;22.1;-0.5;-1.5;-0.4;;;;;;;;;;;;;;;;;34.6;22;;;18137;116;;
LUG;01.08.1911 00:00;17.1;26.8;21.9;-0.2;-0.7;0;;;;;;;;;;;;;;;;;377.2;238;;;17748;121;;
LUG;01.09.1911 00:00;13.3;23.5;18;0.1;-0.9;1.4;;;;;;;;;;;;;;;;;212.1;129;;;14655;127;;
LUG;01.10.1911 00:00;8.1;15.8;11;-2.2;-2.1;-1.1;;;;;;;;;;;;;;;;;223.2;149;;;8755;103;;
LUG;01.11.1911 00:00;5;11.5;7.8;-0.6;-0.7;-0.1;;;;;;;;;;;;;;;;;246.6;148;;;6148;97;;
LUG;01.12.1911 00:00;2;8.3;4.9;0.3;0;0.6;;;;;;;;;;;;;;;;;92.7;116;;;5696;88;;
LUG;01.01.1912 00:00;1.6;7;3.7;-0.1;0.4;-0.1;;;;;;;;;;;;;;;;;94.3;144;;;3998;54;;
LUG;01.02.1912 00:00;1.6;10;5.1;0.1;-0.3;1;;;;;;;;;;;;;;;;;115.7;189;;;8261;97;;
LUG;01.03.1912 00:00;3.9;14.1;9;0.1;-1.3;0.6;;;;;;;;;;;;;;;;;186.6;247;;;10843;94;;
LUG;01.04.1912 00:00;6.2;14.1;10.1;-2.2;-2.3;-2.6;;;;;;;;;;;;;;;;;60.9;44;;;10497;96;;
LUG;01.05.1912 00:00;11;20.2;16;-0.3;-1.4;-0.6;;;;;;;;;;;;;;;;;107.3;60;;;14657;122;;
LUG;01.06.1912 00:00;13.2;22.2;18.2;-2.2;-2.9;-2.7;;;;;;;;;;;;;;;;;167;97;;;13194;96;;
LUG;01.07.1912 00:00;14.4;24.6;20.3;-2.3;-3.6;-2.7;;;;;;;;;;;;;;;;;195.2;124;;;13861;89;;
LUG;01.08.1912 00:00;11.6;22.3;17.7;-4.4;-6.2;-4.5;;;;;;;;;;;;;;;;;344.9;218;;;12031;82;;
LUG;01.09.1912 00:00;8.4;18.1;13.2;-4.7;-5.8;-4;;;;;;;;;;;;;;;;;61;37;;;10958;95;;
LUG;01.10.1912 00:00;6.1;14.8;10.6;-2.6;-4.1;-2.1;;;;;;;;;;;;;;;;;188.3;126;;;7760;92;;
LUG;01.11.1912 00:00;1.3;9.3;5.1;-3.3;-4.4;-2.3;;;;;;;;;;;;;;;;;60.9;37;;;8788;139;;
LUG;01.12.1912 00:00;-0.7;6.9;3;-1.6;-2.7;-0.8;;;;;;;;;;;;;;;;;29.9;37;;;7995;124;;
LUG;01.01.1913 00:00;-0.2;5.9;2.5;-1.3;-1.4;-1.2;;;;;;;;;;;;;;;;;16.3;25;;;6613;89;;
LUG;01.02.1913 00:00;-1;8.5;2.7;-2.3;-2.9;-0.5;;;;;;;;;;;;;;;;;5.3;9;;;9987;117;;
LUG;01.03.1913 00:00;3.2;11.4;7.2;-1.7;-2;-2.1;;;;;;;;;;;;;;;;;206.7;274;;;8415;73;;
LUG;01.04.1913 00:00;6.6;13.6;9.7;-2.6;-1.9;-3.1;;;;;;;;;;;;;;;;;230.7;167;;;9238;84;;
LUG;01.05.1913 00:00;10.4;18.7;14.7;-1.6;-2;-2.1;;;;;;;;;;;;;;;;;140;79;;;12786;107;;
LUG;01.06.1913 00:00;14.9;24.3;19.6;-0.8;-1.2;-0.6;;;;;;;;;;;;;;;;;118.3;69;;;16216;118;;
LUG;01.07.1913 00:00;13.6;23.9;19.3;-3.3;-4.4;-3.4;;;;;;;;;;;;;;;;;169.2;107;;;15564;100;;
LUG;01.08.1913 00:00;14.8;24.4;19.4;-2.7;-3;-2.4;;;;;;;;;;;;;;;;;183.6;116;;;13380;91;;
LUG;01.09.1913 00:00;12;20;15.8;-2.1;-2.2;-2.1;;;;;;;;;;;;;;;;;137.7;84;;;7891;68;;
LUG;01.10.1913 00:00;9.2;16.6;12;-1.2;-1;-0.3;;;;;;;;;;;;;;;;;247.6;165;;;8301;98;;
LUG;01.11.1913 00:00;5.5;13.4;9.2;0.8;-0.2;1.8;;;;;;;;;;;;;;;;;41.5;25;;;7231;114;;
LUG;01.12.1913 00:00;1;8.9;4.4;-0.2;-1;1.2;;;;;;;;;;;;;;;;;11.3;14;;;9646;150;;
LUG;01.01.1914 00:00;-1.8;5.8;0.8;-3;-3;-1.3;;;;;;;;;;;;;;;;;20.2;31;;;8581;116;;
LUG;01.02.1914 00:00;2;9.2;4.6;-0.4;0.1;0.2;;;;;;;;;;;;;;;;;142.1;232;;;7109;83;;
LUG;01.03.1914 00:00;4.2;12.6;7.5;-1.4;-1;-0.9;;;;;;;;;;;;;;;;;138.6;184;;;10924;95;;
LUG;01.04.1914 00:00;7.8;17;12;-0.3;-0.7;0.3;;;;;;;;;;;;;;;;;67.4;49;;;11231;103;;
LUG;01.05.1914 00:00;10.4;17.9;13.8;-2.5;-2;-2.9;;;;;;;;;;;;;;;;;319.5;180;;;11170;93;;
LUG;01.06.1914 00:00;12.7;22.3;17.2;-3.2;-3.4;-2.6;;;;;;;;;;;;;;;;;109.1;64;;;13897;101;;
LUG;01.07.1914 00:00;14.8;24.7;19.4;-3.2;-3.2;-2.6;;;;;;;;;;;;;;;;;232.7;147;;;14898;95;;
LUG;01.08.1914 00:00;15.1;25.3;19.6;-2.5;-2.7;-1.5;;;;;;;;;;;;;;;;;216.5;137;;;15280;104;;
LUG;01.09.1914 00:00;12.4;22.8;16.9;-1;-1.8;0.7;;;;;;;;;;;;;;;;;42.8;26;;;15413;134;;
LUG;01.10.1914 00:00;8;15.5;11;-2.2;-2.2;-1.4;;;;;;;;;;;;;;;;;360.6;241;;;8768;103;;
LUG;01.11.1914 00:00;3.9;10.7;6.8;-1.6;-1.8;-0.9;;;;;;;;;;;;;;;;;40.1;24;;;8668;137;;
LUG;01.12.1914 00:00;2;6.8;4;-0.6;0;-0.9;;;;;;;;;;;;;;;;;154.5;193;;;5018;78;;
LUG;01.01.1915 00:00;-1.4;6;1.6;-2.2;-2.6;-1.1;;;;;;;;;;;;;;;;;61.5;94;;;7362;99;;
LUG;01.02.1915 00:00;-0.5;6.1;1.6;-3.4;-2.4;-2.9;;;;;;;;;;;;;;;;;169.8;277;;;7357;86;;
LUG;01.03.1915 00:00;2.8;11.7;6.4;-2.5;-2.4;-1.8;;;;;;;;;;;;;;;;;45.3;60;;;12804;111;;
LUG;01.04.1915 00:00;6;14.5;9.9;-2.4;-2.5;-2.2;;;;;;;;;;;;;;;;;94.7;69;;;9781;89;;
LUG;01.05.1915 00:00;12.3;19.4;16;-0.3;-0.1;-1.4;;;;;;;;;;;;;;;;;244.8;138;;;10548;88;;
LUG;01.06.1915 00:00;15.3;23.1;19.1;-1.3;-0.8;-1.8;;;;;;;;;;;;;;;;;208.2;121;;;11185;81;;
LUG;01.07.1915 00:00;15.7;25.1;20.5;-2.1;-2.3;-2.2;;;;;;;;;;;;;;;;;243.6;154;;;15298;98;;
LUG;01.08.1915 00:00;14.6;25.3;19.8;-2.3;-3.2;-1.5;;;;;;;;;;;;;;;;;48.4;31;;;16351;111;;
LUG;01.09.1915 00:00;11.3;19.4;15;-2.9;-2.9;-2.7;;;;;;;;;;;;;;;;;237.5;144;;;9730;84;;
LUG;01.10.1915 00:00;7.5;15.1;10.4;-2.8;-2.7;-1.8;;;;;;;;;;;;;;;;;31.1;21;;;8117;96;;
LUG;01.11.1915 00:00;2.1;9;4.9;-3.5;-3.6;-2.6;;;;;;;;;;;;;;;;;33.3;20;;;7534;119;;
LUG;01.12.1915 00:00;3.8;7.7;5.5;0.9;1.8;0;;;;;;;;;;;;;;;;;93.2;117;;;3693;57;;
LUG;01.01.1916 00:00;0.8;9.1;3.6;-0.2;-0.4;2;;;;;;;;;;;;;;;;;0.9;1;;;11661;157;;
LUG;01.02.1916 00:00;1.1;7.4;3.2;-1.8;-0.8;-1.6;;;;;;;;;;;;;;;;;173.5;283;;;6619;78;;
LUG;01.03.1916 00:00;3.6;9.1;5.5;-3.4;-1.6;-4.4;;;;;;;;;;;;;;;;;330.9;438;;;4254;37;;
LUG;01.04.1916 00:00;7.6;16.2;11.1;-1.2;-0.9;-0.5;;;;;;;;;;;;;;;;;103.4;75;;;12644;116;;
LUG;01.05.1916 00:00;11.8;19.1;15.1;-1.2;-0.6;-1.7;;;;;;;;;;;;;;;;;194.7;110;;;11835;99;;
LUG;01.06.1916 00:00;12.9;21.3;16.7;-3.7;-3.2;-3.6;;;;;;;;;;;;;;;;;168.7;98;;;11478;84;;
LUG;01.07.1916 00:00;15.4;25.2;19.9;-2.7;-2.6;-2.1;;;;;;;;;;;;;;;;;98.1;62;;;13461;86;;
LUG;01.08.1916 00:00;15.3;25;19.9;-2.2;-2.5;-1.8;;;;;;;;;;;;;;;;;208.6;132;;;14191;97;;
LUG;01.09.1916 00:00;11.4;19.3;14.9;-3;-2.8;-2.8;;;;;;;;;;;;;;;;;155.5;94;;;9068;79;;
LUG;01.10.1916 00:00;7.9;16.7;11.3;-1.9;-2.3;-0.2;;;;;;;;;;;;;;;;;111.7;75;;;11057;130;;
LUG;01.11.1916 00:00;4.5;10.8;7.2;-1.2;-1.2;-0.8;;;;;;;;;;;;;;;;;221.1;133;;;5306;84;;
LUG;01.12.1916 00:00;1.4;6.7;3.8;-0.8;-0.6;-1;;;;;;;;;;;;;;;;;236.8;296;;;3956;61;;
LUG;01.01.1917 00:00;-0.3;5.8;1.7;-2.1;-1.5;-1.3;;;;;;;;;;;;;;;;;66.6;102;;;4154;56;;
LUG;01.02.1917 00:00;-2;7.3;1.1;-3.9;-3.9;-1.7;;;;;;;;;;;;;;;;;12.8;21;;;11004;129;;
LUG;01.03.1917 00:00;1.7;9.8;4.8;-4.1;-3.5;-3.7;;;;;;;;;;;;;;;;;68.7;91;;;9808;85;;
LUG;01.04.1917 00:00;5.7;13.1;8.8;-3.5;-2.8;-3.6;;;;;;;;;;;;;;;;;109.7;79;;;11799;108;;
LUG;01.05.1917 00:00;12;19;15.3;-1;-0.4;-1.8;;;;;;;;;;;;;;;;;338.9;191;;;10095;84;;
LUG;01.06.1917 00:00;15;24.4;19.5;-0.9;-1.1;-0.5;;;;;;;;;;;;;;;;;60.3;35;;;15999;117;;
LUG;01.07.1917 00:00;15.3;26;20.3;-2.3;-2.7;-1.3;;;;;;;;;;;;;;;;;164.2;104;;;16295;104;;
LUG;01.08.1917 00:00;14.7;24.6;19;-3.1;-3.1;-2.2;;;;;;;;;;;;;;;;;197.3;125;;;14907;102;;
LUG;01.09.1917 00:00;13.7;24.5;18.4;0.5;-0.5;2.4;;;;;;;;;;;;;;;;;30.5;18;;;16157;140;;
LUG;01.10.1917 00:00;6.8;14.9;9.9;-3.3;-3.4;-2;;;;;;;;;;;;;;;;;220.7;147;;;8646;102;;
LUG;01.11.1917 00:00;2.8;11.9;6.5;-1.9;-2.9;0.3;;;;;;;;;;;;;;;;;6.7;4;;;10510;166;;
LUG;01.12.1917 00:00;-0.2;7.6;2.2;-2.4;-2.2;-0.1;;;;;;;;;;;;;;;;;51.4;64;;;4754;74;;
LUG;01.01.1918 00:00;-0.2;6.7;1.9;-1.9;-1.4;-0.4;;;;;;;;;;;;;;;;;45.5;69;;;8336;112;;
LUG;01.02.1918 00:00;0.5;10.7;4.3;-0.7;-1.4;1.7;;;;;;;;;;;;;;;;;10.2;17;;;13318;156;;
LUG;01.03.1918 00:00;2.7;11.8;6.7;-2.2;-2.5;-1.7;;;;;;;;;;;;;;;;;167.3;222;;;10560;92;;
LUG;01.04.1918 00:00;7.6;11.3;9.1;-3.2;-0.9;-5.4;;;;;;;;;;;;;;;;;276.8;201;;;3493;32;;
LUG;01.05.1918 00:00;11.1;19.9;15.8;-0.5;-1.3;-0.9;;;;;;;;;;;;;;;;;131.8;74;;;14694;123;;
LUG;01.06.1918 00:00;11.7;21.3;17.4;-3;-4.4;-3.6;;;;;;;;;;;;;;;;;166.3;97;;;13915;101;;
LUG;01.07.1918 00:00;15;25.7;21.3;-1.3;-3;-1.6;;;;;;;;;;;;;;;;;146;92;;;15906;102;;
LUG;01.08.1918 00:00;14.4;25.6;20.1;-2;-3.4;-1.2;;;;;;;;;;;;;;;;;152.3;96;;;16677;114;;
LUG;01.09.1918 00:00;13.1;22.9;17.9;0;-1.1;0.8;;;;;;;;;;;;;;;;;202.5;123;;;11868;103;;
LUG;01.10.1918 00:00;8;14.8;10.8;-2.4;-2.2;-2.1;;;;;;;;;;;;;;;;;213.1;142;;;7696;91;;
LUG;01.11.1918 00:00;3.7;9.7;6.2;-2.2;-2;-1.9;;;;;;;;;;;;;;;;;92.6;56;;;7370;117;;
LUG;01.12.1918 00:00;0.6;8.3;3.7;-0.9;-1.4;0.6;;;;;;;;;;;;;;;;;29.8;37;;;6224;97;;
LUG;01.01.1919 00:00;0.9;7.7;3.3;-0.5;-0.3;0.6;;;;;;;;;;;;;;;;;228.2;348;;;5859;79;;
LUG;01.02.1919 00:00;0.5;7.8;3;-2;-1.4;-1.2;;;;;;;;;;;;;;;;;46;75;;;7785;91;;
LUG;01.03.1919 00:00;3.3;11.9;7;-1.9;-1.9;-1.6;;;;;;;;;;;;;;;;;117.2;155;;;9943;86;;
LUG;01.04.1919 00:00;6;14.5;10.3;-2;-2.5;-2.2;;;;;;;;;;;;;;;;;204.7;148;;;11527;105;;
LUG;01.05.1919 00:00;10.2;20.5;15.6;-0.7;-2.2;-0.3;;;;;;;;;;;;;;;;;7.5;4;;;17951;150;;
LUG;01.06.1919 00:00;14.6;25.7;20.4;0;-1.5;0.8;;;;;;;;;;;;;;;;;59.3;35;;;15747;115;;
LUG;01.07.1919 00:00;13.5;24.2;19.1;-3.5;-4.5;-3.1;;;;;;;;;;;;;;;;;138.8;88;;;14255;91;;
LUG;01.08.1919 00:00;16.5;27.9;22.2;0.1;-1.3;1.1;;;;;;;;;;;;;;;;;33.3;21;;;17221;117;;
LUG;01.09.1919 00:00;13.2;24.8;18.6;0.7;-1;2.7;;;;;;;;;;;;;;;;;202.4;123;;;14013;122;;
LUG;01.10.1919 00:00;5.8;14.8;9.8;-3.4;-4.4;-2.1;;;;;;;;;;;;;;;;;80.3;54;;;9928;117;;
LUG;01.11.1919 00:00;1.5;7.8;4.6;-3.8;-4.2;-3.8;;;;;;;;;;;;;;;;;217.2;130;;;6116;97;;
LUG;01.12.1919 00:00;0.3;7.8;3.5;-1.1;-1.7;0.1;;;;;;;;;;;;;;;;;30;38;;;8623;134;;
LUG;01.01.1920 00:00;2;10;5;1.2;0.8;2.9;;;;;;;;;;;;;;;;;149.4;228;;;7575;102;;
LUG;01.02.1920 00:00;1.7;10.8;4.9;-0.1;-0.2;1.8;;;;;;;;;;;;;;;;;19.7;32;;;10496;123;;
LUG;01.03.1920 00:00;5.1;14;8.9;0;-0.1;0.5;;;;;;;;;;;;;;;;;262;347;;;10313;90;;
LUG;01.04.1920 00:00;6.7;14;10.3;-2;-1.8;-2.7;;;;;;;;;;;;;;;;;269.5;195;;;7566;69;;
LUG;01.05.1920 00:00;13.7;22.7;18.2;1.9;1.3;1.9;;;;;;;;;;;;;;;;;205.4;116;;;13333;111;;
LUG;01.06.1920 00:00;14.4;23.1;18.5;-1.9;-1.7;-1.8;;;;;;;;;;;;;;;;;189.3;110;;;13780;100;;
LUG;01.07.1920 00:00;16.2;25.9;20.5;-2.1;-1.8;-1.4;;;;;;;;;;;;;;;;;311.4;197;;;15136;97;;
LUG;01.08.1920 00:00;14.7;24.2;18.8;-3.3;-3.1;-2.6;;;;;;;;;;;;;;;;;150.3;95;;;14404;98;;
LUG;01.09.1920 00:00;13.3;22.2;16.8;-1.1;-0.9;0.1;;;;;;;;;;;;;;;;;257.2;156;;;8316;72;;
LUG;01.10.1920 00:00;9.3;15.3;11.5;-1.7;-0.9;-1.6;;;;;;;;;;;;;;;;;106.8;71;;;4559;54;;
LUG;01.11.1920 00:00;2.9;8.6;5.3;-3.1;-2.8;-3;;;;;;;;;;;;;;;;;94;56;;;5053;80;;
LUG;01.12.1920 00:00;1.8;7.4;3.9;-0.7;-0.2;-0.3;;;;;;;;;;;;;;;;;44.1;55;;;3134;49;;
LUG;01.01.1921 00:00;2;10.4;5.1;1.3;0.8;3.3;;;;;;;;;;;;;;;;;78.6;120;;;8952;121;;
LUG;01.02.1921 00:00;1.3;9.5;4.1;-0.9;-0.6;0.5;;;;;;;;;;;;;;;;;36.4;59;;;9323;109;;
LUG;01.03.1921 00:00;4.1;15.3;8.6;-0.3;-1.1;1.8;;;;;;;;;;;;;;;;;33.2;44;;;11922;104;;
LUG;01.04.1921 00:00;5.4;14.2;9.7;-2.6;-3.1;-2.5;;;;;;;;;;;;;;;;;101.5;74;;;10861;99;;
LUG;01.05.1921 00:00;11.4;20.3;15.8;-0.5;-1;-0.5;;;;;;;;;;;;;;;;;142.2;80;;;11705;98;;
LUG;01.06.1921 00:00;14.1;24.4;19.7;-0.7;-2;-0.5;;;;;;;;;;;;;;;;;56.4;33;;;16972;124;;
LUG;01.07.1921 00:00;16.6;28;22.7;0.1;-1.4;0.7;;;;;;;;;;;;;;;;;55;35;;;17650;113;;
LUG;01.08.1921 00:00;15.1;25;20;-2.1;-2.7;-1.8;;;;;;;;;;;;;;;;;242.3;153;;;14357;98;;
LUG;01.09.1921 00:00;13.8;22.9;17.6;-0.3;-0.4;0.8;;;;;;;;;;;;;;;;;20.7;13;;;13427;117;;
LUG;01.10.1921 00:00;9.6;20.7;14.4;1.2;-0.6;3.8;;;;;;;;;;;;;;;;;11.7;8;;;14946;176;;
LUG;01.11.1921 00:00;2.2;10.3;5.6;-2.8;-3.5;-1.3;;;;;;;;;;;;;;;;;9.2;6;;;8991;142;;
LUG;01.12.1921 00:00;0.2;9;4.4;-0.2;-1.8;1.3;;;;;;;;;;;;;;;;;1.7;2;;;7919;123;;
LUG;01.01.1922 00:00;-1.2;6;1.3;-2.5;-2.4;-1.1;;;;;;;;;;;;;;;;;37.4;57;;;6607;89;;
LUG;01.02.1922 00:00;-0.5;8.6;2.8;-2.2;-2.4;-0.4;;;;;;;;;;;;;;;;;17.6;29;;;9453;111;;
LUG;01.03.1922 00:00;4.4;12.2;7.6;-1.3;-0.8;-1.3;;;;;;;;;;;;;;;;;183.4;243;;;7126;62;;
LUG;01.04.1922 00:00;6.3;13.8;9.5;-2.8;-2.2;-2.9;;;;;;;;;;;;;;;;;137.9;100;;;8645;79;;
LUG;01.05.1922 00:00;12.2;21.9;17.5;1.2;-0.2;1.1;;;;;;;;;;;;;;;;;104.6;59;;;17249;144;;
LUG;01.06.1922 00:00;14.6;23.7;19.5;-0.9;-1.5;-1.2;;;;;;;;;;;;;;;;;110;64;;;12579;92;;
LUG;01.07.1922 00:00;14.6;25.2;20.5;-2.1;-3.4;-2.1;;;;;;;;;;;;;;;;;108.5;69;;;15889;102;;
LUG;01.08.1922 00:00;15.5;25.8;20.3;-1.8;-2.3;-1;;;;;;;;;;;;;;;;;112.9;71;;;14907;102;;
LUG;01.09.1922 00:00;10.8;19.8;14.7;-3.2;-3.4;-2.3;;;;;;;;;;;;;;;;;284.6;173;;;10417;90;;
LUG;01.10.1922 00:00;7.7;14.3;10.6;-2.6;-2.5;-2.6;;;;;;;;;;;;;;;;;178.1;119;;;6918;82;;
LUG;01.11.1922 00:00;1.7;10.6;6.1;-2.3;-4;-1;;;;;;;;;;;;;;;;;12.5;8;;;11846;187;;
LUG;01.12.1922 00:00;0.5;7.2;3.1;-1.5;-1.5;-0.5;;;;;;;;;;;;;;;;;162.8;204;;;5878;91;;
LUG;01.01.1923 00:00;0;7.6;2.7;-1.1;-1.2;0.5;;;;;;;;;;;;;;;;;0;0;;;7946;107;;
LUG;01.02.1923 00:00;1.3;9.2;4.3;-0.7;-0.6;0.2;;;;;;;;;;;;;;;;;57.5;94;;;5930;69;;
LUG;01.03.1923 00:00;3.7;13.8;8.1;-0.8;-1.5;0.3;;;;;;;;;;;;;;;;;26.4;35;;;11990;104;;
LUG;01.04.1923 00:00;6.9;14.7;9.8;-2.5;-1.6;-2;;;;;;;;;;;;;;;;;219.6;159;;;7066;65;;
LUG;01.05.1923 00:00;10.9;19.9;15.7;-0.6;-1.5;-0.9;;;;;;;;;;;;;;;;;233.2;131;;;13308;111;;
LUG;01.06.1923 00:00;11.3;21.1;16.8;-3.6;-4.8;-3.8;;;;;;;;;;;;;;;;;148.3;86;;;14611;106;;
LUG;01.07.1923 00:00;16.7;27;22.4;-0.2;-1.3;-0.3;;;;;;;;;;;;;;;;;130.6;83;;;16868;108;;
LUG;01.08.1923 00:00;16.6;27.1;21.8;-0.3;-1.2;0.3;;;;;;;;;;;;;;;;;85.1;54;;;16736;114;;
LUG;01.09.1923 00:00;11.6;21.7;16.3;-1.6;-2.6;-0.4;;;;;;;;;;;;;;;;;157.1;95;;;13573;118;;
LUG;01.10.1923 00:00;10.2;17.7;13.1;-0.1;0;0.8;;;;;;;;;;;;;;;;;165.2;110;;;7715;91;;
LUG;01.11.1923 00:00;4.2;11.3;7.7;-0.7;-1.5;-0.3;;;;;;;;;;;;;;;;;167.7;101;;;5591;88;;
LUG;01.12.1923 00:00;0.7;7.8;3.8;-0.8;-1.3;0.1;;;;;;;;;;;;;;;;;23.2;29;;;6795;106;;
LUG;01.01.1924 00:00;-1.6;6;1;-2.8;-2.8;-1.1;;;;;;;;;;;;;;;;;63;96;;;8713;117;;
LUG;01.02.1924 00:00;-0.1;8;2.9;-2.1;-2;-1;;;;;;;;;;;;;;;;;36.3;59;;;9137;107;;
LUG;01.03.1924 00:00;3.7;10.4;6.4;-2.5;-1.5;-3.1;;;;;;;;;;;;;;;;;101.1;134;;;8408;73;;
LUG;01.04.1924 00:00;7.5;15.8;11.6;-0.7;-1;-0.9;;;;;;;;;;;;;;;;;142.3;103;;;11398;104;;
LUG;01.05.1924 00:00;12;21.1;16.7;0.4;-0.4;0.3;;;;;;;;;;;;;;;;;157.1;88;;;14788;123;;
LUG;01.06.1924 00:00;14.8;23.5;19.5;-0.9;-1.3;-1.4;;;;;;;;;;;;;;;;;130.6;76;;;12931;94;;
LUG;01.07.1924 00:00;16.6;26;21.6;-1;-1.4;-1.3;;;;;;;;;;;;;;;;;245.3;155;;;16700;107;;
LUG;01.08.1924 00:00;12.9;22.9;17.9;-4.2;-4.9;-3.9;;;;;;;;;;;;;;;;;326.5;206;;;14558;99;;
LUG;01.09.1924 00:00;12.6;22.3;16.9;-1;-1.6;0.2;;;;;;;;;;;;;;;;;211.3;128;;;13179;114;;
LUG;01.10.1924 00:00;8.5;16.5;11.7;-1.5;-1.7;-0.4;;;;;;;;;;;;;;;;;182.8;122;;;11388;134;;
LUG;01.11.1924 00:00;3.7;10.7;6.9;-1.5;-2;-0.9;;;;;;;;;;;;;;;;;68;41;;;6369;101;;
LUG;01.12.1924 00:00;1.3;8.4;4;-0.6;-0.7;0.7;;;;;;;;;;;;;;;;;120.5;151;;;7624;118;;
LUG;01.01.1925 00:00;0.4;8;3.3;-0.5;-0.8;0.9;;;;;;;;;;;;;;;;;1.1;2;;;9467;127;;
LUG;01.02.1925 00:00;1.4;8.3;3.9;-1.1;-0.5;-0.7;;;;;;;;;;;;;;;;;198.2;323;;;7648;90;;
LUG;01.03.1925 00:00;1.7;9.6;5;-3.9;-3.5;-3.9;;;;;;;;;;;;;;;;;136.9;181;;;11725;102;;
LUG;01.04.1925 00:00;6.9;13.8;9.9;-2.4;-1.6;-2.9;;;;;;;;;;;;;;;;;113.8;82;;;9559;87;;
LUG;01.05.1925 00:00;11;17.2;14.1;-2.2;-1.4;-3.6;;;;;;;;;;;;;;;;;145;82;;;10194;85;;
LUG;01.06.1925 00:00;15;24.7;20.7;0.3;-1.1;-0.2;;;;;;;;;;;;;;;;;39.9;23;;;17194;125;;
LUG;01.07.1925 00:00;15.1;24.8;19.9;-2.7;-2.9;-2.5;;;;;;;;;;;;;;;;;189.6;120;;;13878;89;;
LUG;01.08.1925 00:00;14.6;25.3;19.9;-2.2;-3.2;-1.5;;;;;;;;;;;;;;;;;177;112;;;16511;113;;
LUG;01.09.1925 00:00;10.8;20.2;15;-2.9;-3.4;-1.9;;;;;;;;;;;;;;;;;169.2;103;;;11283;98;;
LUG;01.10.1925 00:00;8.4;17.3;12.1;-1.1;-1.8;0.4;;;;;;;;;;;;;;;;;116.4;78;;;12810;151;;
LUG;01.11.1925 00:00;4.3;11.3;7.3;-1.1;-1.4;-0.3;;;;;;;;;;;;;;;;;79.1;47;;;5996;95;;
LUG;01.12.1925 00:00;-1.7;5.8;1.4;-3.2;-3.7;-1.9;;;;;;;;;;;;;;;;;41;51;;;7787;121;;
LUG;01.01.1926 00:00;-2.3;6.1;1;-2.8;-3.5;-1;;;;;;;;;;;;;;;;;52.4;80;;;7902;106;;
LUG;01.02.1926 00:00;2.1;9.2;5;0;0.2;0.2;;;;;;;;;;;;;;;;;126.9;207;;;7313;86;;
LUG;01.03.1926 00:00;4.9;12.2;8;-0.9;-0.3;-1.3;;;;;;;;;;;;;;;;;83.6;111;;;9771;85;;
LUG;01.04.1926 00:00;7.2;15.9;11.4;-0.9;-1.3;-0.8;;;;;;;;;;;;;;;;;155.7;113;;;11503;105;;
LUG;01.05.1926 00:00;9.8;17.2;13.5;-2.8;-2.6;-3.6;;;;;;;;;;;;;;;;;359.5;202;;;10542;88;;
LUG;01.06.1926 00:00;13;21.4;17.8;-2.6;-3.1;-3.5;;;;;;;;;;;;;;;;;232.1;135;;;13376;97;;
LUG;01.07.1926 00:00;15.4;25.8;21.4;-1.2;-2.6;-1.5;;;;;;;;;;;;;;;;;133.4;84;;;15262;98;;
LUG;01.08.1926 00:00;15.1;25.8;21;-1.1;-2.7;-1;;;;;;;;;;;;;;;;;61.2;39;;;16724;114;;
LUG;01.09.1926 00:00;14.7;25.4;19.2;1.3;0.5;3.3;;;;;;;;;;;;;;;;;102.2;62;;;14942;130;;
LUG;01.10.1926 00:00;9.3;17;12.3;-0.9;-0.9;0.1;;;;;;;;;;;;;;;;;237.9;159;;;9450;111;;
LUG;01.11.1926 00:00;7.7;12.5;9.6;1.2;2;0.9;;;;;;;;;;;;;;;;;493.2;296;;;3793;60;;
LUG;01.12.1926 00:00;1.3;9.5;4.8;0.2;-0.7;1.8;;;;;;;;;;;;;;;;;34.1;43;;;9527;148;;
LUG;01.01.1927 00:00;0.6;7.2;3;-0.8;-0.6;0.1;;;;;;;;;;;;;;;;;106.8;163;;;6073;82;;
LUG;01.02.1927 00:00;-0.5;7.1;2.7;-2.3;-2.4;-1.9;;;;;;;;;;;;;;;;;28.5;46;;;9081;106;;
LUG;01.03.1927 00:00;3.6;12.2;7.6;-1.3;-1.6;-1.3;;;;;;;;;;;;;;;;;216;286;;;11657;101;;
LUG;01.04.1927 00:00;7.5;17.1;12.4;0.1;-1;0.4;;;;;;;;;;;;;;;;;175.9;127;;;15063;138;;
LUG;01.05.1927 00:00;12.7;20.3;16.6;0.3;0.3;-0.5;;;;;;;;;;;;;;;;;125.3;71;;;12090;101;;
LUG;01.06.1927 00:00;14.4;23.3;19.7;-0.7;-1.7;-1.6;;;;;;;;;;;;;;;;;166.6;97;;;13399;98;;
LUG;01.07.1927 00:00;15.7;26.3;21.7;-0.9;-2.3;-1;;;;;;;;;;;;;;;;;156.7;99;;;16752;107;;
LUG;01.08.1927 00:00;15;26.4;20;-2.1;-2.8;-0.4;;;;;;;;;;;;;;;;;90.8;57;;;16014;109;;
LUG;01.09.1927 00:00;12.9;22.2;16.4;-1.5;-1.3;0.1;;;;;;;;;;;;;;;;;230.7;140;;;10888;94;;
LUG;01.10.1927 00:00;8.1;17.5;11.9;-1.3;-2.1;0.6;;;;;;;;;;;;;;;;;39.2;26;;;13983;165;;
LUG;01.11.1927 00:00;5.2;12;8.2;-0.2;-0.5;0.4;;;;;;;;;;;;;;;;;207.1;124;;;6230;99;;
LUG;01.12.1927 00:00;1.1;7;4.1;-0.5;-0.9;-0.7;;;;;;;;;;;;;;;;;106.6;133;;;3316;51;;
LUG;01.01.1928 00:00;0.6;7.5;3;-0.8;-0.6;0.4;;;;;;;;;;;;;;;;;31.9;49;;;6827;92;;
LUG;01.02.1928 00:00;1.4;11.3;5.5;0.5;-0.5;2.3;;;;;;;;;;;;;;;;;0;0;;;11432;134;;
LUG;01.03.1928 00:00;5;9.4;6.8;-2.1;-0.2;-4.1;;;;;;;;;;;;;;;;;225.1;298;;;3378;29;;
LUG;01.04.1928 00:00;8.6;14.7;11.5;-0.8;0.1;-2;;;;;;;;;;;;;;;;;296;214;;;9664;88;;
LUG;01.05.1928 00:00;10.2;16.4;13.3;-3;-2.2;-4.4;;;;;;;;;;;;;;;;;338.7;191;;;12718;106;;
LUG;01.06.1928 00:00;15.5;23.6;19.8;-0.6;-0.6;-1.3;;;;;;;;;;;;;;;;;136.7;80;;;13850;101;;
LUG;01.07.1928 00:00;17.7;30.1;25.1;2.5;-0.3;2.8;;;;;;;;;;;;;;;;;153.1;97;;;18491;118;;
LUG;01.08.1928 00:00;16.3;27.8;21.9;-0.2;-1.5;1;;;;;;;;;;;;;;;;;248.7;157;;;16339;111;;
LUG;01.09.1928 00:00;12.1;21.7;17;-0.9;-2.1;-0.4;;;;;;;;;;;;;;;;;127.2;77;;;11213;97;;
LUG;01.10.1928 00:00;8.3;16.3;11.5;-1.7;-1.9;-0.6;;;;;;;;;;;;;;;;;511.9;342;;;10527;124;;
LUG;01.11.1928 00:00;4.6;11.5;8.1;-0.3;-1.1;-0.1;;;;;;;;;;;;;;;;;106.5;64;;;5546;88;;
LUG;01.12.1928 00:00;-0.9;7.5;3.2;-1.4;-2.9;-0.2;;;;;;;;;;;;;;;;;34.2;43;;;7285;113;;
LUG;01.01.1929 00:00;-3.7;4.7;-0.2;-4;-4.9;-2.4;;;;;;;;;;;;;;;;;50.1;76;;;8518;115;;
LUG;01.02.1929 00:00;-4.5;3.7;-1.2;-6.2;-6.4;-5.3;;;;;;;;;;;;;;;;;1.4;2;;;8089;95;;
LUG;01.03.1929 00:00;2.3;13.6;7.3;-1.6;-2.9;0.1;;;;;;;;;;;;;;;;;20.5;27;;;13667;119;;
LUG;01.04.1929 00:00;5.6;14.2;9.7;-2.6;-2.9;-2.5;;;;;;;;;;;;;;;;;236.3;171;;;11663;107;;
LUG;01.05.1929 00:00;11.7;19.8;15.7;-0.6;-0.7;-1;;;;;;;;;;;;;;;;;251.3;141;;;13377;112;;
LUG;01.06.1929 00:00;16.1;24.6;20.2;-0.2;0;-0.3;;;;;;;;;;;;;;;;;131.4;77;;;15138;110;;
LUG;01.07.1929 00:00;16.5;27.1;22.7;0.1;-1.5;-0.2;;;;;;;;;;;;;;;;;133;84;;;17146;110;;
LUG;01.08.1929 00:00;15.1;24.7;19.9;-2.2;-2.7;-2.1;;;;;;;;;;;;;;;;;182.1;115;;;14446;98;;
LUG;01.09.1929 00:00;13.8;24.8;19.6;1.7;-0.4;2.7;;;;;;;;;;;;;;;;;6.5;4;;;16125;140;;
LUG;01.10.1929 00:00;8.5;16.6;12.5;-0.7;-1.7;-0.3;;;;;;;;;;;;;;;;;197.3;132;;;7543;89;;
LUG;01.11.1929 00:00;3.8;11.5;7.6;-0.8;-1.9;-0.1;;;;;;;;;;;;;;;;;108.4;65;;;5705;90;;
LUG;01.12.1929 00:00;1.8;9;4.9;0.3;-0.2;1.3;;;;;;;;;;;;;;;;;92;115;;;7279;113;;
LUG;01.01.1930 00:00;0.6;6.4;2.4;-1.4;-0.6;-0.7;;;;;;;;;;;;;;;;;92.8;142;;;5840;79;;
LUG;01.02.1930 00:00;0.5;6.8;2.5;-2.5;-1.4;-2.2;;;;;;;;;;;;;;;;;15.1;25;;;5577;65;;
LUG;01.03.1930 00:00;3.7;12.3;7.5;-1.4;-1.5;-1.2;;;;;;;;;;;;;;;;;112.1;148;;;9247;80;;
LUG;01.04.1930 00:00;7.7;13.6;10.6;-1.7;-0.8;-3.1;;;;;;;;;;;;;;;;;236;171;;;6189;57;;
LUG;01.05.1930 00:00;10.6;16.7;13.8;-2.5;-1.8;-4.1;;;;;;;;;;;;;;;;;199;112;;;10461;87;;
LUG;01.06.1930 00:00;15.6;24;20;-0.4;-0.5;-0.9;;;;;;;;;;;;;;;;;138.8;81;;;13428;98;;
LUG;01.07.1930 00:00;14.6;24.6;19.7;-2.9;-3.4;-2.7;;;;;;;;;;;;;;;;;181.6;115;;;15617;100;;
LUG;01.08.1930 00:00;15.1;24.1;19.5;-2.6;-2.7;-2.7;;;;;;;;;;;;;;;;;140;88;;;14256;97;;
LUG;01.09.1930 00:00;13.7;21.9;17.2;-0.7;-0.5;-0.2;;;;;;;;;;;;;;;;;209.9;127;;;12065;105;;
LUG;01.10.1930 00:00;7.5;16.2;11.2;-2;-2.7;-0.7;;;;;;;;;;;;;;;;;48.9;33;;;11222;132;;
LUG;01.11.1930 00:00;4.5;12.3;7.9;-0.5;-1.2;0.7;;;;;;;;;;;;;;;;;92.3;55;;;7294;115;;
LUG;01.12.1930 00:00;1.3;6.8;3.9;-0.7;-0.7;-0.9;;;;;;;;;;;;;;;;;30.8;39;;;7034;109;;
LUG;01.01.1931 00:00;-0.9;6.4;2;-1.8;-2.1;-0.7;;;;;;;;;;;;;;;;;22;34;;;8090;109;;
LUG;01.02.1931 00:00;-1.1;6.8;2.5;-2.5;-3;-2.2;;;;;;;;;;;;;;;;;145.7;238;;;9342;109;;
LUG;01.03.1931 00:00;1.6;9.5;5.4;-3.5;-3.6;-4;;;;;;;;;;;;;;;;;45.5;60;;;9980;87;;
LUG;01.04.1931 00:00;5.6;14.4;9.3;-3;-2.9;-2.3;;;;;;;;;;;;;;;;;61.1;44;;;11904;109;;
LUG;01.05.1931 00:00;12;19.2;15.2;-1.1;-0.4;-1.6;;;;;;;;;;;;;;;;;198.2;112;;;12426;104;;
LUG;01.06.1931 00:00;16.4;26;21.1;0.7;0.3;1.1;;;;;;;;;;;;;;;;;98.1;57;;;17012;124;;
LUG;01.07.1931 00:00;15.4;26.5;20.5;-2.1;-2.6;-0.8;;;;;;;;;;;;;;;;;170.8;108;;;17193;110;;
LUG;01.08.1931 00:00;14.6;24.4;19;-3.1;-3.2;-2.4;;;;;;;;;;;;;;;;;245.8;155;;;14138;96;;
LUG;01.09.1931 00:00;9.7;19.8;14.1;-3.8;-4.5;-2.3;;;;;;;;;;;;;;;;;109.8;67;;;14394;125;;
LUG;01.10.1931 00:00;8.1;16.1;11.5;-1.7;-2.1;-0.8;;;;;;;;;;;;;;;;;160.1;107;;;10795;127;;
LUG;01.11.1931 00:00;5.6;10.4;7.8;-0.6;-0.1;-1.2;;;;;;;;;;;;;;;;;208.7;125;;;4939;78;;
LUG;01.12.1931 00:00;-0.9;7.2;2.7;-1.9;-2.9;-0.5;;;;;;;;;;;;;;;;;12.7;16;;;10067;156;;
LUG;01.01.1932 00:00;0.2;8;3.1;-0.7;-1;0.9;;;;;;;;;;;;;;;;;21.1;32;;;9964;134;;
LUG;01.02.1932 00:00;-3.3;5.3;-0.2;-5.2;-5.2;-3.7;;;;;;;;;;;;;;;;;10.6;17;;;11550;135;;
LUG;01.03.1932 00:00;1.8;8.8;4.8;-4.1;-3.4;-4.7;;;;;;;;;;;;;;;;;64.2;85;;;10178;88;;
LUG;01.04.1932 00:00;5.9;13.2;8.8;-3.5;-2.6;-3.5;;;;;;;;;;;;;;;;;139.8;101;;;8966;82;;
LUG;01.05.1932 00:00;9.9;18.3;13.9;-2.4;-2.5;-2.5;;;;;;;;;;;;;;;;;483.1;272;;;12481;104;;
LUG;01.06.1932 00:00;13.1;21.9;17.4;-3;-3;-3;;;;;;;;;;;;;;;;;266.5;155;;;13713;100;;
LUG;01.07.1932 00:00;15.1;24.2;19.3;-3.3;-2.9;-3.1;;;;;;;;;;;;;;;;;270.8;172;;;12163;78;;
LUG;01.08.1932 00:00;16.8;28.2;22;-0.1;-1;1.4;;;;;;;;;;;;;;;;;98.8;62;;;18302;125;;
LUG;01.09.1932 00:00;15.4;24.2;18.9;1;1.2;2.1;;;;;;;;;;;;;;;;;296.1;180;;;10398;90;;
LUG;01.10.1932 00:00;7.3;15.8;11.1;-2.1;-2.9;-1.1;;;;;;;;;;;;;;;;;92.7;62;;;9743;115;;
LUG;01.11.1932 00:00;4.8;11.6;7.9;-0.5;-0.9;0;;;;;;;;;;;;;;;;;57.7;35;;;6597;104;;
LUG;01.12.1932 00:00;2.6;8.2;4.8;0.2;0.6;0.5;;;;;;;;;;;;;;;;;114.1;143;;;5784;90;;
LUG;01.01.1933 00:00;-0.6;5.5;1.9;-1.9;-1.8;-1.6;;;;;;;;;;;;;;;;;89.4;136;;;5344;72;;
LUG;01.02.1933 00:00;-0.2;7.5;2.7;-2.3;-2.1;-1.5;;;;;;;;;;;;;;;;;3.6;6;;;7518;88;;
LUG;01.03.1933 00:00;3.4;12.3;7.2;-1.7;-1.8;-1.2;;;;;;;;;;;;;;;;;103;136;;;11706;102;;
LUG;01.04.1933 00:00;7.9;16.6;11.8;-0.5;-0.6;-0.1;;;;;;;;;;;;;;;;;89.7;65;;;12873;118;;
LUG;01.05.1933 00:00;10.6;19.3;14.7;-1.6;-1.8;-1.5;;;;;;;;;;;;;;;;;109.1;61;;;12761;106;;
LUG;01.06.1933 00:00;11.6;20.5;16;-4.4;-4.5;-4.4;;;;;;;;;;;;;;;;;238.1;139;;;11225;82;;
LUG;01.07.1933 00:00;16.3;26.9;21.5;-1.1;-1.7;-0.4;;;;;;;;;;;;;;;;;60.1;38;;;18784;120;;
LUG;01.08.1933 00:00;16.1;27.8;21.4;-0.7;-1.7;1;;;;;;;;;;;;;;;;;99.9;63;;;18925;129;;
LUG;01.09.1933 00:00;13.2;22.3;17.3;-0.6;-1;0.2;;;;;;;;;;;;;;;;;171.3;104;;;10621;92;;
LUG;01.10.1933 00:00;9.4;16.5;12.3;-0.9;-0.8;-0.4;;;;;;;;;;;;;;;;;239.7;160;;;9654;114;;
LUG;01.11.1933 00:00;2.9;8.5;5.4;-3;-2.8;-3.1;;;;;;;;;;;;;;;;;212.8;128;;;3799;60;;
LUG;01.12.1933 00:00;-0.9;4.5;1.5;-3.1;-2.9;-3.2;;;;;;;;;;;;;;;;;73.8;92;;;4955;77;;
LUG;01.01.1934 00:00;-1;7.1;2.1;-1.7;-2.2;0;;;;;;;;;;;;;;;;;17.6;27;;;8688;117;;
LUG;01.02.1934 00:00;0.6;10.3;4.5;-0.5;-1.3;1.3;;;;;;;;;;;;;;;;;31.7;52;;;11227;131;;
LUG;01.03.1934 00:00;3.2;10.9;6.6;-2.3;-2;-2.6;;;;;;;;;;;;;;;;;192.1;254;;;6541;57;;
LUG;01.04.1934 00:00;8.1;16.4;11.4;-0.9;-0.4;-0.3;;;;;;;;;;;;;;;;;255;185;;;8288;76;;
LUG;01.05.1934 00:00;12.6;21.3;16.6;0.3;0.2;0.5;;;;;;;;;;;;;;;;;165.2;93;;;12749;106;;
LUG;01.06.1934 00:00;13.7;23;18.4;-2;-2.4;-1.9;;;;;;;;;;;;;;;;;127.8;75;;;15470;113;;
LUG;01.07.1934 00:00;16.5;27.5;21.9;-0.7;-1.5;0.2;;;;;;;;;;;;;;;;;236.8;150;;;16907;108;;
LUG;01.08.1934 00:00;14.6;23.9;18.6;-3.5;-3.2;-2.9;;;;;;;;;;;;;;;;;384.2;243;;;13408;91;;
LUG;01.09.1934 00:00;13.8;24.4;18;0.1;-0.4;2.3;;;;;;;;;;;;;;;;;38.5;23;;;15222;132;;
LUG;01.10.1934 00:00;7;16.9;11;-2.2;-3.2;0;;;;;;;;;;;;;;;;;107.9;72;;;13830;163;;
LUG;01.11.1934 00:00;3.3;9.6;5.9;-2.5;-2.4;-2;;;;;;;;;;;;;;;;;336.3;202;;;7193;114;;
LUG;01.12.1934 00:00;2.4;8.5;5;0.4;0.4;0.8;;;;;;;;;;;;;;;;;100.9;126;;;5087;79;;
LUG;01.01.1935 00:00;-1.4;6.2;1.4;-2.4;-2.6;-0.9;;;;;;;;;;;;;;;;;10.9;17;;;8292;112;;
LUG;01.02.1935 00:00;0.5;10.1;4.4;-0.6;-1.4;1.1;;;;;;;;;;;;;;;;;116.7;190;;;9069;106;;
LUG;01.03.1935 00:00;2.8;12.4;7;-1.9;-2.4;-1.1;;;;;;;;;;;;;;;;;2.2;3;;;14289;124;;
LUG;01.04.1935 00:00;5.8;15.1;10.2;-2.1;-2.7;-1.6;;;;;;;;;;;;;;;;;93.2;68;;;11527;105;;
LUG;01.05.1935 00:00;9.1;16.1;12.3;-4;-3.3;-4.7;;;;;;;;;;;;;;;;;247.5;139;;;8193;68;;
LUG;01.06.1935 00:00;15.1;25.7;20.1;-0.3;-1;0.8;;;;;;;;;;;;;;;;;122.9;72;;;16745;122;;
LUG;01.07.1935 00:00;16.7;27.3;21.9;-0.7;-1.3;0;;;;;;;;;;;;;;;;;89.7;57;;;18277;117;;
LUG;01.08.1935 00:00;15.2;24.2;19.4;-2.7;-2.6;-2.6;;;;;;;;;;;;;;;;;206.4;130;;;13198;90;;
LUG;01.09.1935 00:00;12.2;22.9;16.9;-1;-2;0.8;;;;;;;;;;;;;;;;;76.8;47;;;14833;129;;
LUG;01.10.1935 00:00;9.9;15.9;12.6;-0.6;-0.3;-1;;;;;;;;;;;;;;;;;330.8;221;;;5745;68;;
LUG;01.11.1935 00:00;5.7;11.1;8.1;-0.3;0;-0.5;;;;;;;;;;;;;;;;;267.9;161;;;5116;81;;
LUG;01.12.1935 00:00;-0.2;5.5;2.4;-2.2;-2.2;-2.2;;;;;;;;;;;;;;;;;233.7;292;;;4892;76;;
LUG;01.01.1936 00:00;1.7;7.2;3.7;-0.1;0.5;0.1;;;;;;;;;;;;;;;;;120.4;184;;;4457;60;;
LUG;01.02.1936 00:00;1.1;7.4;3.3;-1.7;-0.8;-1.6;;;;;;;;;;;;;;;;;90.9;148;;;7202;84;;
LUG;01.03.1936 00:00;4.9;12.6;8.1;-0.8;-0.3;-0.9;;;;;;;;;;;;;;;;;154.3;204;;;8556;74;;
LUG;01.04.1936 00:00;7.7;14.5;10.5;-1.8;-0.8;-2.2;;;;;;;;;;;;;;;;;249.6;181;;;6671;61;;
LUG;01.05.1936 00:00;11.2;19.5;15.2;-1.1;-1.2;-1.3;;;;;;;;;;;;;;;;;243.1;137;;;11363;95;;
LUG;01.06.1936 00:00;13.6;23.3;18.2;-2.2;-2.5;-1.6;;;;;;;;;;;;;;;;;206.2;120;;;12750;93;;
LUG;01.07.1936 00:00;16;24.4;20;-2.6;-2;-2.9;;;;;;;;;;;;;;;;;226.1;143;;;12428;80;;
LUG;01.08.1936 00:00;15.4;25.5;20.2;-1.9;-2.4;-1.3;;;;;;;;;;;;;;;;;51.1;32;;;17014;116;;
LUG;01.09.1936 00:00;12.7;21;16.5;-1.4;-1.5;-1.1;;;;;;;;;;;;;;;;;192.3;117;;;10793;94;;
LUG;01.10.1936 00:00;5.2;14.2;9.3;-3.9;-5;-2.7;;;;;;;;;;;;;;;;;14.3;10;;;12517;148;;
LUG;01.11.1936 00:00;3.1;10.2;6.4;-2;-2.6;-1.4;;;;;;;;;;;;;;;;;89.5;54;;;7503;119;;
LUG;01.12.1936 00:00;1;8.2;4;-0.6;-1;0.5;;;;;;;;;;;;;;;;;58;73;;;8207;127;;
LUG;01.01.1937 00:00;-0.5;6.3;2;-1.8;-1.7;-0.8;;;;;;;;;;;;;;;;;45.6;70;;;7355;99;;
LUG;01.02.1937 00:00;2.2;10.1;5.4;0.4;0.3;1.1;;;;;;;;;;;;;;;;;90.7;148;;;9838;115;;
LUG;01.03.1937 00:00;2.8;9.6;5.6;-3.3;-2.4;-3.9;;;;;;;;;;;;;;;;;265.4;352;;;6522;57;;
LUG;01.04.1937 00:00;7.2;16.4;11.4;-0.9;-1.3;-0.3;;;;;;;;;;;;;;;;;105;76;;;12848;117;;
LUG;01.05.1937 00:00;12.1;20.5;15.9;-0.4;-0.3;-0.3;;;;;;;;;;;;;;;;;172.4;97;;;12388;103;;
LUG;01.06.1937 00:00;15.5;23.8;19.4;-1;-0.6;-1.1;;;;;;;;;;;;;;;;;183.6;107;;;13848;101;;
LUG;01.07.1937 00:00;16;26;21.2;-1.4;-2;-1.3;;;;;;;;;;;;;;;;;270.6;171;;;17577;113;;
LUG;01.08.1937 00:00;16;25.4;20.5;-1.6;-1.8;-1.4;;;;;;;;;;;;;;;;;81.8;52;;;15880;108;;
LUG;01.09.1937 00:00;12.9;20.5;16.4;-1.5;-1.3;-1.6;;;;;;;;;;;;;;;;;209.6;127;;;9335;81;;
LUG;01.10.1937 00:00;9.2;15.2;12;-1.2;-1;-1.7;;;;;;;;;;;;;;;;;313.3;209;;;6000;71;;
LUG;01.11.1937 00:00;4.3;11;7.1;-1.3;-1.4;-0.6;;;;;;;;;;;;;;;;;131.2;79;;;8389;133;;
LUG;01.12.1937 00:00;0;6;2.4;-2.2;-2;-1.7;;;;;;;;;;;;;;;;;68.8;86;;;5219;81;;
LUG;01.01.1938 00:00;-1.1;6.3;1.5;-2.3;-2.3;-0.8;;;;;;;;;;;;;;;;;15.7;24;;;7676;103;;
LUG;01.02.1938 00:00;0.2;8.4;3.5;-1.5;-1.7;-0.6;;;;;;;;;;;;;;;;;23.8;39;;;10527;123;;
LUG;01.03.1938 00:00;4.8;16.9;9.9;1;-0.4;3.4;;;;;;;;;;;;;;;;;9.9;13;;;15300;133;;
LUG;01.04.1938 00:00;4.9;15.5;10.1;-2.2;-3.6;-1.2;;;;;;;;;;;;;;;;;48.4;35;;;16130;148;;
LUG;01.05.1938 00:00;9.8;16.4;13;-3.3;-2.6;-4.4;;;;;;;;;;;;;;;;;237.3;134;;;8920;74;;
LUG;01.06.1938 00:00;15.6;24.6;20.3;-0.1;-0.5;-0.3;;;;;;;;;;;;;;;;;245.8;143;;;15873;116;;
LUG;01.07.1938 00:00;15.8;25.2;20.9;-1.7;-2.2;-2.1;;;;;;;;;;;;;;;;;176.1;112;;;15898;102;;
LUG;01.08.1938 00:00;15.4;24.7;19.6;-2.5;-2.4;-2.1;;;;;;;;;;;;;;;;;294.7;186;;;13716;93;;
LUG;01.09.1938 00:00;12.6;20.1;16.3;-1.6;-1.6;-2;;;;;;;;;;;;;;;;;168.6;102;;;10067;87;;
LUG;01.10.1938 00:00;8.8;16.1;12;-1.2;-1.4;-0.8;;;;;;;;;;;;;;;;;147.3;98;;;10177;120;;
LUG;01.11.1938 00:00;4.8;12.1;8.2;-0.2;-0.9;0.5;;;;;;;;;;;;;;;;;139.6;84;;;8934;141;;
LUG;01.12.1938 00:00;0.3;6.1;2.7;-1.9;-1.7;-1.6;;;;;;;;;;;;;;;;;100.9;126;;;5005;78;;
LUG;01.01.1939 00:00;0.5;6.4;2.8;-1;-0.7;-0.7;;;;;;;;;;;;;;;;;182.4;278;;;6117;82;;
LUG;01.02.1939 00:00;1.8;9.8;4.8;-0.2;-0.1;0.8;;;;;;;;;;;;;;;;;78.4;128;;;9373;110;;
LUG;01.03.1939 00:00;2.2;10.4;5.4;-3.5;-3;-3.1;;;;;;;;;;;;;;;;;3.6;5;;;12434;108;;
LUG;01.04.1939 00:00;8.4;15.2;11.6;-0.7;-0.1;-1.5;;;;;;;;;;;;;;;;;238.7;173;;;9534;87;;
LUG;01.05.1939 00:00;9.2;15.8;12.4;-3.9;-3.2;-5;;;;;;;;;;;;;;;;;282.4;159;;;7204;60;;
LUG;01.06.1939 00:00;14;21.8;18.3;-2.1;-2.1;-3.1;;;;;;;;;;;;;;;;;301.4;176;;;12548;91;;
LUG;01.07.1939 00:00;15;23.9;19.9;-2.7;-3;-3.4;;;;;;;;;;;;;;;;;222;141;;;15549;100;;
LUG;01.08.1939 00:00;15.7;23.5;19.5;-2.6;-2.1;-3.3;;;;;;;;;;;;;;;;;331.5;210;;;12483;85;;
LUG;01.09.1939 00:00;12.7;21.4;16.4;-1.5;-1.5;-0.7;;;;;;;;;;;;;;;;;139.4;85;;;10194;88;;
LUG;01.10.1939 00:00;8.7;15.2;11.4;-1.8;-1.5;-1.7;;;;;;;;;;;;;;;;;105.4;70;;;6083;72;;
LUG;01.11.1939 00:00;5.3;12.6;8.5;0.1;-0.4;1;;;;;;;;;;;;;;;;;124.9;75;;;7503;119;;
LUG;01.12.1939 00:00;0.5;6.3;2.8;-1.8;-1.5;-1.4;;;;;;;;;;;;;;;;;78.3;98;;;4949;77;;
LUG;01.01.1940 00:00;-2.2;4.5;0.4;-3.4;-3.4;-2.6;;;;;;;;;;;;;;;;;4.1;6;;;6676;90;;
LUG;01.02.1940 00:00;-0.2;8.3;3.1;-1.9;-2.1;-0.7;;;;;;;;;;;;;;;;;13.1;21;;;8368;98;;
LUG;01.03.1940 00:00;3.6;11.2;6.9;-2;-1.6;-2.3;;;;;;;;;;;;;;;;;67.9;90;;;11145;97;;
LUG;01.04.1940 00:00;9.2;12.9;11.3;-1;0.7;-3.8;;;;;;;;;;;;;;;;;129.9;94;;;12175;111;;
LUG;01.05.1940 00:00;11.5;18.4;15.4;-0.9;-0.9;-2.4;;;;;;;;;;;;;;;;;142;80;;;12519;104;;
LUG;01.06.1940 00:00;12.9;21.6;17.2;-3.2;-3.2;-3.3;;;;;;;;;;;;;;;;;265.3;155;;;13049;95;;
LUG;01.07.1940 00:00;14.4;23.5;19.3;-3.3;-3.6;-3.8;;;;;;;;;;;;;;;;;334;212;;;15042;96;;
LUG;01.08.1940 00:00;15.3;24.7;20;-2.1;-2.5;-2.1;;;;;;;;;;;;;;;;;35.2;22;;;17378;118;;
LUG;01.09.1940 00:00;13;21.9;17.5;-0.4;-1.2;-0.2;;;;;;;;;;;;;;;;;68.4;41;;;11372;99;;
LUG;01.10.1940 00:00;9;14.9;11.8;-1.4;-1.2;-2;;;;;;;;;;;;;;;;;179.5;120;;;4954;58;;
LUG;01.11.1940 00:00;4.7;11.7;8.6;0.2;-1;0.1;;;;;;;;;;;;;;;;;136.3;82;;;7085;112;;
LUG;01.12.1940 00:00;-2.5;4.1;0.8;-3.8;-4.5;-3.6;;;;;;;;;;;;;;;;;1.5;2;;;6927;108;;
LUG;01.01.1941 00:00;-0.4;4.1;1.6;-2.2;-1.6;-3;;;;;;;;;;;;;;;;;122.1;186;;;4765;64;;
LUG;01.02.1941 00:00;-0.1;7.2;3;-2;-2;-1.8;;;;;;;;;;;;;;;;;91.8;150;;;8194;96;;
LUG;01.03.1941 00:00;3.2;11.5;7.4;-1.5;-2;-2;;;;;;;;;;;;;;;;;194.7;258;;;11682;102;;
LUG;01.04.1941 00:00;6.5;12.4;9.8;-2.5;-2;-4.3;;;;;;;;;;;;;;;;;256.4;186;;;8275;76;;
LUG;01.05.1941 00:00;8.4;15.5;12.1;-4.2;-4;-5.3;;;;;;;;;;;;;;;;;299;168;;;10623;89;;
LUG;01.06.1941 00:00;13.8;22.9;18.9;-1.5;-2.3;-2;;;;;;;;;;;;;;;;;241.6;141;;;16647;121;;
LUG;01.07.1941 00:00;16.2;25.1;21;-1.6;-1.8;-2.2;;;;;;;;;;;;;;;;;171.3;108;;;14951;96;;
LUG;01.08.1941 00:00;14.6;24.4;19.3;-2.8;-3.2;-2.4;;;;;;;;;;;;;;;;;27.9;18;;;15251;104;;
LUG;01.09.1941 00:00;11.8;22;16.8;-1.1;-2.4;-0.1;;;;;;;;;;;;;;;;;81.6;49;;;13383;116;;
LUG;01.10.1941 00:00;7.5;16.7;11.7;-1.5;-2.7;-0.2;;;;;;;;;;;;;;;;;48.1;32;;;11210;132;;
LUG;01.11.1941 00:00;3.2;8.1;6.1;-2.3;-2.5;-3.5;;;;;;;;;;;;;;;;;153.4;92;;;3432;54;;
LUG;01.12.1941 00:00;-0.5;8.5;3.9;-0.7;-2.5;0.8;;;;;;;;;;;;;;;;;0.7;1;;;10752;167;;
LUG;01.01.1942 00:00;-2.3;3;0.1;-3.7;-3.5;-4.1;;;;;;;;;;;;;;;;;14.7;22;;;6136;83;;
LUG;01.02.1942 00:00;-0.6;5.9;2.3;-2.7;-2.5;-3.1;;;;;;;;;;;;;;;;;48.9;80;;;7034;82;;
LUG;01.03.1942 00:00;5.2;11.3;8.2;-0.7;0;-2.2;;;;;;;;;;;;;;;;;73.4;97;;;8452;73;;
LUG;01.04.1942 00:00;7.7;13.6;10.9;-1.4;-0.8;-3.1;;;;;;;;;;;;;;;;;117;85;;;8954;82;;
LUG;01.05.1942 00:00;10.7;18.9;15.3;-1;-1.7;-1.9;;;;;;;;;;;;;;;;;88.2;50;;;13277;111;;
LUG;01.06.1942 00:00;14.3;23.5;19.3;-1.1;-1.8;-1.4;;;;;;;;;;;;;;;;;138.2;81;;;15336;112;;
LUG;01.07.1942 00:00;16.3;25.9;21.2;-1.4;-1.7;-1.4;;;;;;;;;;;;;;;;;138.3;88;;;17148;110;;
LUG;01.08.1942 00:00;15.7;25.4;20.4;-1.7;-2.1;-1.4;;;;;;;;;;;;;;;;;117.9;75;;;14086;96;;
LUG;01.09.1942 00:00;14.6;23.5;18.9;1;0.4;1.4;;;;;;;;;;;;;;;;;220.8;134;;;11238;98;;
LUG;01.10.1942 00:00;10.3;19.3;14.6;1.4;0.1;2.4;;;;;;;;;;;;;;;;;192.2;128;;;11726;138;;
LUG;01.11.1942 00:00;3.3;11.1;7.1;-1.3;-2.4;-0.5;;;;;;;;;;;;;;;;;34.6;21;;;9864;156;;
LUG;01.12.1942 00:00;1.2;6.8;4.1;-0.5;-0.8;-0.9;;;;;;;;;;;;;;;;;123.7;155;;;5797;90;;
LUG;01.01.1943 00:00;-0.8;6.2;2.1;-1.7;-2;-0.9;;;;;;;;;;;;;;;;;35.7;55;;;7248;98;;
LUG;01.02.1943 00:00;1.4;10.7;5.6;0.6;-0.5;1.7;;;;;;;;;;;;;;;;;18.9;31;;;11141;130;;
LUG;01.03.1943 00:00;4.4;12.9;8.7;-0.2;-0.8;-0.6;;;;;;;;;;;;;;;;;63.5;84;;;10282;89;;
LUG;01.04.1943 00:00;8.8;18;13.5;1.2;0.3;1.3;;;;;;;;;;;;;;;;;61.3;44;;;14853;136;;
LUG;01.05.1943 00:00;12.2;19.7;16.2;-0.1;-0.2;-1.1;;;;;;;;;;;;;;;;;202.9;114;;;14551;121;;
LUG;01.06.1943 00:00;14.6;23.9;19.4;-1;-1.5;-1;;;;;;;;;;;;;;;;;55.6;32;;;16093;117;;
LUG;01.07.1943 00:00;15;26.2;20.9;-1.7;-3;-1.1;;;;;;;;;;;;;;;;;130.1;82;;;17523;112;;
LUG;01.08.1943 00:00;16.9;27.7;22.4;0.3;-0.9;0.9;;;;;;;;;;;;;;;;;53.1;34;;;18333;125;;
LUG;01.09.1943 00:00;13.8;22.1;18.2;0.3;-0.4;0;;;;;;;;;;;;;;;;;259.1;157;;;10290;89;;
LUG;01.10.1943 00:00;10.8;17.1;13.5;0.3;0.6;0.2;;;;;;;;;;;;;;;;;97;65;;;7792;92;;
LUG;01.11.1943 00:00;3.6;10.2;6.8;-1.6;-2.1;-1.4;;;;;;;;;;;;;;;;;42.5;26;;;7060;112;;
LUG;01.12.1943 00:00;2;7.8;5;0.4;0;0.1;;;;;;;;;;;;;;;;;89.2;112;;;6625;103;;
LUG;01.01.1944 00:00;-0.3;8.5;3.1;-0.7;-1.5;1.4;;;;;;;;;;;;;;;;;0;0;;;9329;126;;
LUG;01.02.1944 00:00;0.2;7.2;3.1;-1.9;-1.7;-1.8;;;;;;;;;;;;;;;;;45.3;74;;;9869;116;;
LUG;01.03.1944 00:00;1.9;12.5;7.1;-1.8;-3.3;-1;;;;;;;;;;;;;;;;;0.1;0;;;15750;137;;
LUG;01.04.1944 00:00;7.7;17.1;12.6;0.3;-0.8;0.4;;;;;;;;;;;;;;;;;51.5;37;;;12237;112;;
LUG;01.05.1944 00:00;10.9;19.5;15.3;-1;-1.5;-1.3;;;;;;;;;;;;;;;;;137.8;78;;;13980;117;;
LUG;01.06.1944 00:00;14;22.2;18.5;-1.9;-2.1;-2.7;;;;;;;;;;;;;;;;;99.5;58;;;12817;93;;
LUG;01.07.1944 00:00;16.1;24.8;20.7;-1.9;-1.9;-2.5;;;;;;;;;;;;;;;;;292.3;185;;;15199;97;;
LUG;01.08.1944 00:00;17.2;25.9;21.5;-0.6;-0.6;-0.9;;;;;;;;;;;;;;;;;70;44;;;14746;101;;
LUG;01.09.1944 00:00;13;19.8;16.4;-1.5;-1.2;-2.3;;;;;;;;;;;;;;;;;93.6;57;;;8674;75;;
LUG;01.10.1944 00:00;8.1;13.8;11;-2.2;-2.1;-3.1;;;;;;;;;;;;;;;;;351;234;;;6753;80;;
LUG;01.11.1944 00:00;2.2;9.5;5.8;-2.6;-3.5;-2.1;;;;;;;;;;;;;;;;;39.5;24;;;8934;141;;
LUG;01.12.1944 00:00;-0.6;6.4;2.7;-1.9;-2.6;-1.3;;;;;;;;;;;;;;;;;36.6;46;;;7178;111;;
LUG;01.01.1945 00:00;-4;3.8;-0.7;-4.5;-5.2;-3.3;;;;;;;;;;;;;;;;;73.4;112;;;7896;106;;
LUG;01.02.1945 00:00;0.2;8.7;3.9;-1.1;-1.7;-0.3;;;;;;;;;;;;;;;;;2.3;4;;;8312;97;;
LUG;01.03.1945 00:00;5.1;15.8;10.2;1.3;-0.1;2.3;;;;;;;;;;;;;;;;;86.4;114;;;15300;133;;
LUG;01.04.1945 00:00;8.7;19;13.7;1.4;0.2;2.3;;;;;;;;;;;;;;;;;71.4;52;;;15983;146;;
LUG;01.05.1945 00:00;12;21.8;16.5;0.2;-0.4;1;;;;;;;;;;;;;;;;;198.5;112;;;14993;125;;
LUG;01.06.1945 00:00;15.3;26.7;21.2;0.8;-0.8;1.8;;;;;;;;;;;;;;;;;28.6;17;;;19588;143;;
LUG;01.07.1945 00:00;18.2;29.9;24.1;1.5;0.2;2.6;;;;;;;;;;;;;;;;;36;23;;;20499;131;;
LUG;01.08.1945 00:00;15.4;24.9;19.8;-2.3;-2.4;-1.9;;;;;;;;;;;;;;;;;261.4;165;;;14480;99;;
LUG;01.09.1945 00:00;13.2;22.6;17.7;-0.2;-1;0.5;;;;;;;;;;;;;;;;;106.3;64;;;15444;134;;
LUG;01.10.1945 00:00;8.5;17;12.7;-0.5;-1.7;0.1;;;;;;;;;;;;;;;;;185.2;124;;;12179;144;;
LUG;01.11.1945 00:00;3.2;10.6;6.8;-1.6;-2.5;-1;;;;;;;;;;;;;;;;;54.1;32;;;9301;147;;
LUG;01.12.1945 00:00;0.9;7.8;4.5;-0.1;-1.1;0.1;;;;;;;;;;;;;;;;;165.6;207;;;6676;104;;
LUG;01.01.1946 00:00;-1.2;4.9;1.4;-2.4;-2.4;-2.2;;;;;;;;;;;;;;;;;127.8;195;;;6821;92;;
LUG;01.02.1946 00:00;1.7;11.3;6.3;1.3;-0.2;2.3;;;;;;;;;;;;;;;;;12.6;21;;;11550;135;;
LUG;01.03.1946 00:00;4.7;10.7;7.9;-1;-0.5;-2.8;;;;;;;;;;;;;;;;;144;191;;;7736;67;;
LUG;01.04.1946 00:00;9;17.3;12.9;0.6;0.5;0.6;;;;;;;;;;;;;;;;;73.6;53;;;11317;103;;
LUG;01.05.1946 00:00;11;17.3;14;-2.3;-1.4;-3.5;;;;;;;;;;;;;;;;;338.5;191;;;7416;62;;
LUG;01.06.1946 00:00;13.3;20.9;17.3;-3.1;-2.8;-4;;;;;;;;;;;;;;;;;260.9;152;;;12371;90;;
LUG;01.07.1946 00:00;17.5;26.4;22;-0.6;-0.5;-0.9;;;;;;;;;;;;;;;;;108;68;;;16774;107;;
LUG;01.08.1946 00:00;15.6;24.3;20;-2.1;-2.2;-2.5;;;;;;;;;;;;;;;;;308;195;;;14012;96;;
LUG;01.09.1946 00:00;13.4;23;18.2;0.3;-0.8;0.9;;;;;;;;;;;;;;;;;80.8;49;;;15158;132;;
LUG;01.10.1946 00:00;7.8;16.5;11.6;-1.6;-2.4;-0.4;;;;;;;;;;;;;;;;;60.2;40;;;10438;123;;
LUG;01.11.1946 00:00;3.2;9.8;6.6;-1.8;-2.5;-1.8;;;;;;;;;;;;;;;;;73.1;44;;;6610;105;;
LUG;01.12.1946 00:00;-1.1;5.9;2.4;-2.2;-3.1;-1.8;;;;;;;;;;;;;;;;;15.7;20;;;6224;97;;
LUG;01.01.1947 00:00;-3.4;3.5;-0.5;-4.3;-4.6;-3.6;;;;;;;;;;;;;;;;;11.9;18;;;7198;97;;
LUG;01.02.1947 00:00;-0.4;4.4;1.7;-3.3;-2.3;-4.6;;;;;;;;;;;;;;;;;141.2;230;;;4776;56;;
LUG;01.03.1947 00:00;3.7;9.7;6.4;-2.5;-1.5;-3.8;;;;;;;;;;;;;;;;;248.2;329;;;5751;50;;
LUG;01.04.1947 00:00;8;18.6;13.1;0.8;-0.5;1.9;;;;;;;;;;;;;;;;;38.8;28;;;15619;143;;
LUG;01.05.1947 00:00;13.2;20.3;16.8;0.5;0.8;-0.5;;;;;;;;;;;;;;;;;107.1;60;;;10175;85;;
LUG;01.06.1947 00:00;15.6;25.2;20.6;0.2;-0.5;0.3;;;;;;;;;;;;;;;;;106.3;62;;;16721;122;;
LUG;01.07.1947 00:00;17.5;27.5;22.7;0.1;-0.5;0.2;;;;;;;;;;;;;;;;;117.3;74;;;16829;108;;
LUG;01.08.1947 00:00;17.3;27.7;22.1;0;-0.5;0.9;;;;;;;;;;;;;;;;;131.2;83;;;17569;120;;
LUG;01.09.1947 00:00;13.8;24.7;18.9;1;-0.4;2.6;;;;;;;;;;;;;;;;;240.9;146;;;15463;134;;
LUG;01.10.1947 00:00;9.3;16.5;12.8;-0.4;-0.9;-0.4;;;;;;;;;;;;;;;;;71.5;48;;;8365;99;;
LUG;01.11.1947 00:00;4.6;11.8;8.2;-0.2;-1.1;0.2;;;;;;;;;;;;;;;;;57.8;35;;;8845;140;;
LUG;01.12.1947 00:00;0.1;7.2;3.7;-0.9;-1.9;-0.5;;;;;;;;;;;;;;;;;80.7;101;;;7147;111;;
LUG;01.01.1948 00:00;1.1;7;3.6;-0.2;-0.1;-0.1;;;;;;;;;;;;;;;;;157.4;240;;;5595;75;;
LUG;01.02.1948 00:00;0.5;10;4.8;-0.2;-1.4;1;;;;;;;;;;;;;;;;;18.9;31;;;11364;133;;
LUG;01.03.1948 00:00;5.2;17.3;11.1;2.2;0;3.8;;;;;;;;;;;;;;;;;5.4;7;;;14992;130;;
LUG;01.04.1948 00:00;8;15.7;12;-0.3;-0.5;-1;;;;;;;;;;;;;;;;;147.2;107;;;11182;102;;
LUG;01.05.1948 00:00;11.5;18.5;15.1;-1.2;-0.9;-2.3;;;;;;;;;;;;;;;;;302.3;170;;;9871;82;;
LUG;01.06.1948 00:00;14.2;23.3;18.9;-1.5;-1.9;-1.6;;;;;;;;;;;;;;;;;131.7;77;;;16050;117;;
LUG;01.07.1948 00:00;14.5;24.4;19.6;-3;-3.5;-2.9;;;;;;;;;;;;;;;;;125.7;80;;;14197;91;;
LUG;01.08.1948 00:00;16.1;24.5;20.1;-2;-1.7;-2.3;;;;;;;;;;;;;;;;;412.8;261;;;13845;94;;
LUG;01.09.1948 00:00;12.9;22.6;17.7;-0.2;-1.3;0.5;;;;;;;;;;;;;;;;;117.3;71;;;14146;123;;
LUG;01.10.1948 00:00;10.4;17;13.5;0.3;0.2;0.1;;;;;;;;;;;;;;;;;155.6;104;;;8002;94;;
LUG;01.11.1948 00:00;5;12.8;8.5;0.1;-0.7;1.2;;;;;;;;;;;;;;;;;3.7;2;;;7940;126;;
LUG;01.12.1948 00:00;0.7;6.6;3.6;-1;-1.3;-1.1;;;;;;;;;;;;;;;;;24.4;31;;;7335;114;;
LUG;01.01.1949 00:00;0.3;8.3;3.9;0.1;-0.9;1.2;;;;;;;;;;;;;;;;;110.9;169;;;9958;134;;
LUG;01.02.1949 00:00;0.6;11.1;4.9;-0.1;-1.3;2.1;;;;;;;;;;;;;;;;;0;0;;;13485;158;;
LUG;01.03.1949 00:00;1.9;11.3;6.3;-2.6;-3.3;-2.2;;;;;;;;;;;;;;;;;20.9;28;;;13365;116;;
LUG;01.04.1949 00:00;9.2;19.4;14.2;1.9;0.7;2.7;;;;;;;;;;;;;;;;;166.5;121;;;13878;127;;
LUG;01.05.1949 00:00;11;17.6;14.3;-2;-1.4;-3.2;;;;;;;;;;;;;;;;;267.3;151;;;8628;72;;
LUG;01.06.1949 00:00;14.8;24.7;20;-0.4;-1.3;-0.2;;;;;;;;;;;;;;;;;31.1;18;;;17898;130;;
LUG;01.07.1949 00:00;17.1;26.7;22.1;-0.5;-0.9;-0.6;;;;;;;;;;;;;;;;;136;86;;;17885;115;;
LUG;01.08.1949 00:00;17;25.5;21.5;-0.6;-0.8;-1.3;;;;;;;;;;;;;;;;;124.4;79;;;14721;100;;
LUG;01.09.1949 00:00;14.8;23.1;19.1;1.2;0.6;1;;;;;;;;;;;;;;;;;56.4;34;;;11747;102;;
LUG;01.10.1949 00:00;11.4;18.3;14.6;1.4;1.2;1.4;;;;;;;;;;;;;;;;;54.7;37;;;8819;104;;
LUG;01.11.1949 00:00;4.6;11;7.7;-0.7;-1.1;-0.6;;;;;;;;;;;;;;;;;185.3;111;;;6217;98;;
LUG;01.12.1949 00:00;0.8;8.2;4.1;-0.5;-1.2;0.5;;;;;;;;;;;;;;;;;54.5;68;;;7756;120;;
LUG;01.01.1950 00:00;-0.4;6.2;2.3;-1.5;-1.6;-0.9;;;;;;;;;;;;;;;;;31.4;48;;;5890;79;;
LUG;01.02.1950 00:00;1.2;9.2;4.5;-0.5;-0.7;0.2;;;;;;;;;;;;;;;;;114.9;187;;;7301;85;;
LUG;01.03.1950 00:00;4.3;15.1;9.3;0.4;-0.9;1.6;;;;;;;;;;;;;;;;;27.1;36;;;13346;116;;
LUG;01.04.1950 00:00;6.3;13.7;10.2;-2.1;-2.2;-3;;;;;;;;;;;;;;;;;212.8;154;;;9861;90;;
LUG;01.05.1950 00:00;11.9;20.6;16;-0.3;-0.5;-0.2;;;;;;;;;;;;;;;;;131.8;74;;;12283;102;;
LUG;01.06.1950 00:00;15.8;25.5;20.9;0.5;-0.3;0.6;;;;;;;;;;;;;;;;;155.2;90;;;16995;124;;
LUG;01.07.1950 00:00;18.2;28.9;23.6;1;0.2;1.6;;;;;;;;;;;;;;;;;137.8;87;;;18476;118;;
LUG;01.08.1950 00:00;16.6;25.4;20.8;-1.3;-1.2;-1.4;;;;;;;;;;;;;;;;;250.6;158;;;14981;102;;
LUG;01.09.1950 00:00;12.6;21.2;16.5;-1.4;-1.6;-0.9;;;;;;;;;;;;;;;;;203.4;123;;;11475;100;;
LUG;01.10.1950 00:00;9.2;17.5;12.8;-0.4;-1;0.6;;;;;;;;;;;;;;;;;5.2;3;;;10139;120;;
LUG;01.11.1950 00:00;3.4;10.7;6.9;-1.5;-2.3;-0.9;;;;;;;;;;;;;;;;;209.1;126;;;7102;112;;
LUG;01.12.1950 00:00;1.1;5.1;3;-1.6;-0.9;-2.6;;;;;;;;;;;;;;;;;130;163;;;2992;46;;
LUG;01.01.1951 00:00;1.7;7.5;3.8;0;0.5;0.4;;;;;;;;;;;;;;;;;134.9;206;;;5599;75;;
LUG;01.02.1951 00:00;1.7;7.6;3.6;-1.4;-0.2;-1.4;;;;;;;;;;;;;;;;;273.3;446;;;6402;75;;
LUG;01.03.1951 00:00;2.7;9.7;5.7;-3.2;-2.5;-3.8;;;;;;;;;;;;;;;;;144;191;;;8817;77;;
LUG;01.04.1951 00:00;7.1;15.5;11;-1.3;-1.4;-1.2;;;;;;;;;;;;;;;;;130.6;95;;;12072;110;;
LUG;01.05.1951 00:00;10.4;17.2;13.6;-2.7;-2;-3.6;;;;;;;;;;;;;;;;;156.4;88;;;7333;61;;
LUG;01.06.1951 00:00;14;22.7;18.4;-2;-2.1;-2.2;;;;;;;;;;;;;;;;;234.9;137;;;14461;105;;
LUG;01.07.1951 00:00;16.4;25.7;21;-1.6;-1.6;-1.6;;;;;;;;;;;;;;;;;77;49;;;17710;113;;
LUG;01.08.1951 00:00;15.8;24.3;19.7;-2.4;-2;-2.5;;;;;;;;;;;;;;;;;247.6;157;;;13575;93;;
LUG;01.09.1951 00:00;14.6;22.7;18.5;0.6;0.4;0.6;;;;;;;;;;;;;;;;;119.2;72;;;12843;111;;
LUG;01.10.1951 00:00;8.7;14;11;-2.2;-1.5;-2.9;;;;;;;;;;;;;;;;;192.2;128;;;5754;68;;
LUG;01.11.1951 00:00;5.4;11.5;8.3;-0.1;-0.3;-0.1;;;;;;;;;;;;;;;;;482.8;290;;;5439;86;;
LUG;01.12.1951 00:00;0.8;7.8;4;-0.6;-1.2;0.1;;;;;;;;;;;;;;;;;31.4;39;;;8495;132;;
LUG;01.01.1952 00:00;-0.9;6.5;1.7;-2.1;-2.1;-0.6;;;;;;;;;;;;;;;;;30.4;46;;;8335;112;;
LUG;01.02.1952 00:00;-0.5;9.1;3.4;-1.6;-2.4;0.1;;;;;;;;;;;;;;;;;7.6;12;;;12130;142;;
LUG;01.03.1952 00:00;3.6;12.3;7.5;-1.4;-1.6;-1.2;;;;;;;;;;;;;;;;;51.5;68;;;10981;95;;
LUG;01.04.1952 00:00;8.6;16.4;12.1;-0.2;0.1;-0.3;;;;;;;;;;;;;;;;;276.1;200;;;8951;82;;
LUG;01.05.1952 00:00;11.8;19.9;15.6;-0.7;-0.6;-0.9;;;;;;;;;;;;;;;;;258.9;146;;;13189;110;;
LUG;01.06.1952 00:00;16.1;24.5;20.3;-0.1;0;-0.4;;;;;;;;;;;;;;;;;106.1;62;;;16349;119;;
LUG;01.07.1952 00:00;18.8;28.1;23.2;0.6;0.8;0.8;;;;;;;;;;;;;;;;;87.1;55;;;18050;116;;
LUG;01.08.1952 00:00;16.3;24.9;20.4;-1.7;-1.5;-1.9;;;;;;;;;;;;;;;;;201.8;128;;;15148;103;;
LUG;01.09.1952 00:00;10.9;18.5;14.6;-3.3;-3.3;-3.6;;;;;;;;;;;;;;;;;131.2;80;;;11636;101;;
LUG;01.10.1952 00:00;7.4;15.2;10.9;-2.3;-2.8;-1.7;;;;;;;;;;;;;;;;;129.9;87;;;9664;114;;
LUG;01.11.1952 00:00;2.8;10.5;6.2;-2.2;-2.9;-1.1;;;;;;;;;;;;;;;;;77.7;47;;;7866;124;;
LUG;01.12.1952 00:00;0.4;6.4;3.2;-1.4;-1.6;-1.3;;;;;;;;;;;;;;;;;38.6;48;;;5362;83;;
LUG;01.01.1953 00:00;-1.6;6.6;1.5;-2.3;-2.8;-0.5;;;;;;;;;;;;;;;;;6.1;9;;;9465;127;;
LUG;01.02.1953 00:00;-0.7;9.4;3.1;-1.9;-2.6;0.4;;;;;;;;;;;;;;;;;9.1;15;;;11334;133;;
LUG;01.03.1953 00:00;2.3;15.4;8.2;-0.7;-2.9;1.9;;;;;;;;;;;;;;;;;0;0;;;16927;147;;
LUG;01.04.1953 00:00;8.4;16.3;12.1;-0.2;-0.1;-0.4;;;;;;;;;;;;;;;;;115.9;84;;;9446;86;;
LUG;01.05.1953 00:00;12.3;23.1;17.4;1.1;-0.1;2.3;;;;;;;;;;;;;;;;;24;14;;;18102;151;;
LUG;01.06.1953 00:00;12.9;19.5;16.4;-4;-3.2;-5.4;;;;;;;;;;;;;;;;;343.8;200;;;8380;61;;
LUG;01.07.1953 00:00;16.3;25;20.7;-1.9;-1.7;-2.3;;;;;;;;;;;;;;;;;140.2;89;;;15469;99;;
LUG;01.08.1953 00:00;16;25.1;20.6;-1.5;-1.8;-1.7;;;;;;;;;;;;;;;;;104.7;66;;;17453;119;;
LUG;01.09.1953 00:00;14.4;20.7;17.7;-0.2;0.2;-1.4;;;;;;;;;;;;;;;;;203.8;124;;;9028;78;;
LUG;01.10.1953 00:00;10.4;16;13.2;0;0.2;-0.9;;;;;;;;;;;;;;;;;383.4;256;;;6466;76;;
LUG;01.11.1953 00:00;3.3;11.6;7;-1.4;-2.4;0;;;;;;;;;;;;;;;;;12.5;8;;;9305;147;;
LUG;01.12.1953 00:00;4.5;8.8;6.5;1.9;2.5;1.1;;;;;;;;;;;;;;;;;21.8;27;;;4431;69;;
LUG;01.01.1954 00:00;-1.3;5.4;1.5;-2.3;-2.5;-1.7;;;;;;;;;;;;;;;;;18.5;28;;;6614;89;;
LUG;01.02.1954 00:00;-0.8;4.6;1.3;-3.7;-2.7;-4.4;;;;;;;;;;;;;;;;;56.5;92;;;4469;52;;
LUG;01.03.1954 00:00;4.4;11.5;7.2;-1.7;-0.8;-2;;;;;;;;;;;;;;;;;110;146;;;8367;73;;
LUG;01.04.1954 00:00;7.2;14.3;10.5;-1.8;-1.3;-2.4;;;;;;;;;;;;;;;;;153;111;;;10004;91;;
LUG;01.05.1954 00:00;10.4;18.2;14.2;-2.1;-2;-2.6;;;;;;;;;;;;;;;;;302.1;170;;;11969;100;;
LUG;01.06.1954 00:00;14.3;23.3;18.8;-1.6;-1.8;-1.6;;;;;;;;;;;;;;;;;232.9;136;;;12130;88;;
LUG;01.07.1954 00:00;15.1;24;19.7;-2.9;-2.9;-3.3;;;;;;;;;;;;;;;;;114.9;73;;;15244;98;;
LUG;01.08.1954 00:00;14.4;23.5;18.9;-3.2;-3.4;-3.3;;;;;;;;;;;;;;;;;154.1;97;;;13922;95;;
LUG;01.09.1954 00:00;13.3;23;17.5;-0.4;-0.9;0.9;;;;;;;;;;;;;;;;;160;97;;;13530;117;;
LUG;01.10.1954 00:00;7.8;17.4;12.1;-1.1;-2.4;0.5;;;;;;;;;;;;;;;;;50.5;34;;;12721;150;;
LUG;01.11.1954 00:00;4;11.7;7.6;-0.8;-1.7;0.1;;;;;;;;;;;;;;;;;138;83;;;8720;138;;
LUG;01.12.1954 00:00;1.9;9.9;5.1;0.5;-0.1;2.2;;;;;;;;;;;;;;;;;180;225;;;8231;128;;
LUG;01.01.1955 00:00;1.4;7.5;3.7;-0.1;0.2;0.4;;;;;;;;;;;;;;;;;58.6;89;;;5965;80;;
LUG;01.02.1955 00:00;1.4;7.3;3.4;-1.6;-0.5;-1.7;;;;;;;;;;;;;;;;;106.9;174;;;6017;70;;
LUG;01.03.1955 00:00;2.8;10;5.7;-3.2;-2.4;-3.5;;;;;;;;;;;;;;;;;59.1;78;;;8881;77;;
LUG;01.04.1955 00:00;7.3;18.3;12.5;0.2;-1.2;1.6;;;;;;;;;;;;;;;;;0;0;;;18487;169;;
LUG;01.05.1955 00:00;11;20.1;15.1;-1.2;-1.4;-0.7;;;;;;;;;;;;;;;;;97;55;;;14628;122;;
LUG;01.06.1955 00:00;14.4;22.7;18.8;-1.6;-1.7;-2.2;;;;;;;;;;;;;;;;;206.7;121;;;13575;99;;
LUG;01.07.1955 00:00;16.3;25.4;20.7;-1.9;-1.7;-1.9;;;;;;;;;;;;;;;;;263.3;167;;;15809;101;;
LUG;01.08.1955 00:00;15;24.2;19.6;-2.5;-2.8;-2.6;;;;;;;;;;;;;;;;;85.5;54;;;16336;111;;
LUG;01.09.1955 00:00;13.1;21.6;17.3;-0.6;-1.1;-0.5;;;;;;;;;;;;;;;;;101.3;61;;;13369;116;;
LUG;01.10.1955 00:00;8.5;16.1;12.1;-1.1;-1.7;-0.8;;;;;;;;;;;;;;;;;136.1;91;;;10422;123;;
LUG;01.11.1955 00:00;3.4;10.2;6.8;-1.6;-2.3;-1.4;;;;;;;;;;;;;;;;;64.3;39;;;7076;112;;
LUG;01.12.1955 00:00;1.9;8.2;4.6;0;-0.1;0.5;;;;;;;;;;;;;;;;;30.7;38;;;6036;94;;
LUG;01.01.1956 00:00;0.6;6.4;2.8;-1;-0.6;-0.7;;;;;;;;;;;;;;;;;57.2;87;;;6537;88;;
LUG;01.02.1956 00:00;-4.7;2.7;-1.7;-6.7;-6.6;-6.3;;;;;;;;;;;;;;;;;9.3;15;;;8456;99;;
LUG;01.03.1956 00:00;2.3;10.2;5.9;-3;-2.9;-3.3;;;;;;;;;;;;;;;;;227.6;301;;;10634;92;;
LUG;01.04.1956 00:00;5.7;12.4;8.9;-3.4;-2.8;-4.3;;;;;;;;;;;;;;;;;293.5;213;;;9831;90;;
LUG;01.05.1956 00:00;11.6;20.4;16.2;-0.1;-0.8;-0.4;;;;;;;;;;;;;;;;;70.4;40;;;16394;137;;
LUG;01.06.1956 00:00;13;21.7;17.9;-2.5;-3.1;-3.2;;;;;;;;;;;;;;;;;103.4;60;;;14833;108;;
LUG;01.07.1956 00:00;15.3;24.2;20.4;-2.2;-2.7;-3.1;;;;;;;;;;;;;;;;;296.8;188;;;15784;101;;
LUG;01.08.1956 00:00;15.7;24.1;20;-2.1;-2.1;-2.7;;;;;;;;;;;;;;;;;202.9;128;;;13992;95;;
LUG;01.09.1956 00:00;13.5;21.3;17.3;-0.6;-0.7;-0.8;;;;;;;;;;;;;;;;;89.6;54;;;11847;103;;
LUG;01.10.1956 00:00;6.9;16.6;11.2;-2;-3.3;-0.3;;;;;;;;;;;;;;;;;120.1;80;;;13292;157;;
LUG;01.11.1956 00:00;4;9.5;6.9;-1.5;-1.7;-2.1;;;;;;;;;;;;;;;;;36.4;22;;;5850;92;;
LUG;01.12.1956 00:00;0.1;8.2;3.8;-0.8;-1.9;0.5;;;;;;;;;;;;;;;;;15.6;20;;;7962;124;;
LUG;01.01.1957 00:00;-1.1;6.8;1.9;-1.9;-2.3;-0.3;;;;;;;;;;;;;;;;;69.2;106;;;9054;122;;
LUG;01.02.1957 00:00;2.1;9;4.9;-0.1;0.2;0;;;;;;;;;;;;;;;;;111.4;182;;;7333;86;;
LUG;01.03.1957 00:00;5.4;13.1;8.7;-0.2;0.2;-0.4;;;;;;;;;;;;;;;;;61;81;;;9529;83;;
LUG;01.04.1957 00:00;7.7;15.4;11.4;-0.9;-0.8;-1.3;;;;;;;;;;;;;;;;;107.7;78;;;10923;100;;
LUG;01.05.1957 00:00;10.2;17.1;13;-3.3;-2.2;-3.7;;;;;;;;;;;;;;;;;154.8;87;;;9478;79;;
LUG;01.06.1957 00:00;14.4;21.7;17.8;-2.6;-1.7;-3.2;;;;;;;;;;;;;;;;;395.7;231;;;10826;79;;
LUG;01.07.1957 00:00;16.2;26.6;21;-1.6;-1.8;-0.7;;;;;;;;;;;;;;;;;177.4;112;;;17845;114;;
LUG;01.08.1957 00:00;16.1;23.9;19.5;-2.6;-1.7;-2.9;;;;;;;;;;;;;;;;;204;129;;;13684;93;;
LUG;01.09.1957 00:00;12.6;22.3;16.9;-1;-1.6;0.2;;;;;;;;;;;;;;;;;30.6;19;;;13600;118;;
LUG;01.10.1957 00:00;9.3;17.5;12.7;-0.5;-0.9;0.6;;;;;;;;;;;;;;;;;89.6;60;;;10968;129;;
LUG;01.11.1957 00:00;5.7;12.1;8.4;0;0;0.5;;;;;;;;;;;;;;;;;230.9;139;;;6165;97;;
LUG;01.12.1957 00:00;0.6;7.4;3;-1.6;-1.4;-0.3;;;;;;;;;;;;;;;;;197.3;247;;;8611;134;;
LUG;01.01.1958 00:00;-0.3;7.3;2.5;-1.3;-1.5;0.2;;;;;;;;;;;;;;;;;10.4;16;;;9459;127;;
LUG;01.02.1958 00:00;2.6;9.6;5.1;0.1;0.7;0.6;;;;;;;;;;;;;;;;;76.3;124;;;7924;93;;
LUG;01.03.1958 00:00;2.5;9.5;5.4;-3.5;-2.7;-4;;;;;;;;;;;;;;;;;16.4;22;;;11115;97;;
LUG;01.04.1958 00:00;5.9;12.3;9;-3.3;-2.6;-4.4;;;;;;;;;;;;;;;;;212.7;154;;;10666;98;;
LUG;01.05.1958 00:00;13.1;21.5;17.4;1.1;0.7;0.7;;;;;;;;;;;;;;;;;188.2;106;;;13100;109;;
LUG;01.06.1958 00:00;14.3;22.4;18.6;-1.8;-1.8;-2.5;;;;;;;;;;;;;;;;;169.2;99;;;13787;100;;
LUG;01.07.1958 00:00;16.5;25.7;21.4;-1.2;-1.5;-1.6;;;;;;;;;;;;;;;;;152;96;;;16574;106;;
LUG;01.08.1958 00:00;16.8;25.3;21.3;-0.8;-1;-1.5;;;;;;;;;;;;;;;;;195.6;124;;;15514;106;;
LUG;01.09.1958 00:00;15.2;22.7;18.7;0.8;1;0.6;;;;;;;;;;;;;;;;;91.5;55;;;12124;105;;
LUG;01.10.1958 00:00;9.4;17.1;12.6;-0.6;-0.8;0.2;;;;;;;;;;;;;;;;;159.1;106;;;11096;131;;
LUG;01.11.1958 00:00;6.3;11.5;8.7;0.3;0.6;-0.1;;;;;;;;;;;;;;;;;83.1;50;;;5599;89;;
LUG;01.12.1958 00:00;1.7;6.2;3.6;-1;-0.3;-1.5;;;;;;;;;;;;;;;;;212.8;266;;;5028;78;;
LUG;01.01.1959 00:00;0.2;7.5;2.8;-1;-1;0.4;17;4.7;0;-1.1;0;0;12;978.6;-4.6;-4.6;0;533.3;;;5;;27;41;;;9947;134;0;
LUG;01.02.1959 00:00;1.3;11.1;5;0;-0.6;2.1;6;6.2;0;0.3;0;0;19.5;992.5;-1.4;10.9;0;414;;;2;;12;20;;;12104;142;0;
LUG;01.03.1959 00:00;6.7;12.7;9;0.1;1.5;-0.8;0;8.7;0;1.5;0;0;19.3;980.3;3.1;0.3;0;326.3;;;11;;181.3;240;;;6396;56;0;
LUG;01.04.1959 00:00;7.8;16;11.4;-0.9;-0.7;-0.7;0;8.8;0;-0.6;0;0;21.9;975.6;3.2;-2.5;0;178.7;;;9;;190.6;138;;;13639;125;0;
LUG;01.05.1959 00:00;11.7;20;15.2;-1.1;-0.7;-0.8;0;12;0;-0.8;0;0;24.2;977.1;8.5;-2.1;0;18.5;;;9;;100;56;;;13530;113;0.4;
LUG;01.06.1959 00:00;15.6;23.9;19.5;-0.9;-0.5;-1;0;15.4;15;-1;0;0;28;979.6;10.3;0;0;0;;;12;;237.3;138;;;14769;108;44.8;
LUG;01.07.1959 00:00;17.8;27.4;22.3;-0.3;-0.2;0.1;0;17.6;28;-0.5;0;4;31.4;978.2;13.9;-1.2;2;0;;;9;;164.2;104;;;18070;116;123.3;
LUG;01.08.1959 00:00;16.2;24.6;20.1;-2;-1.6;-2.2;0;16.5;20;-1.9;0;0;27.5;978.8;12.5;-1;0;0;;;13;;160.9;102;;;15116;103;62.5;
LUG;01.09.1959 00:00;14.1;21;17.2;-0.7;-0.1;-1.1;0;15.3;0;0.2;0;0;24.2;982.1;10.6;1.4;0;0;;;4;;49.2;30;;;10056;87;5.1;
LUG;01.10.1959 00:00;8.5;15.9;11.8;-1.4;-1.7;-1;0;10.5;0;-1.6;0;0;21.8;982.1;5;0.4;0;172.9;;;6;;253;169;;;9459;112;0;
LUG;01.11.1959 00:00;4.1;10;6.8;-1.6;-1.6;-1.6;0;8.2;0;-0.3;0;0;14.9;979.1;0.4;-1.8;0;395.1;;;13;;248.2;149;;;5953;94;0;
LUG;01.12.1959 00:00;2.1;6.9;4.1;-0.5;0.1;-0.8;4;6.4;0;0.2;0;0;12.7;973.5;-2;-9.4;0;492.6;;;14;;218.4;273;;;5188;81;0;
LUG;01.01.1960 00:00;0.2;6.2;2.2;-1.6;-1;-0.9;10;5.7;0;-0.1;1;0;12;978.7;-7.1;-4.5;0;552.8;;;6;;118.6;181;;;7051;95;0;
LUG;01.02.1960 00:00;0.6;5.9;2.3;-2.7;-1.3;-3.1;9;6.2;0;0.3;1;0;16;977.2;-4.3;-4.4;0;512.2;;;9;;101.5;166;;;5696;67;0;
LUG;01.03.1960 00:00;5.3;10.8;7.3;-1.6;0.1;-2.7;0;7.6;0;0.4;0;0;18.8;976.2;1.2;-3.8;0;386.1;;;13;;110.8;147;;;5959;52;0;
LUG;01.04.1960 00:00;7.8;16.8;11.6;-0.7;-0.7;0.1;0;8.9;0;-0.5;0;0;24.5;977.9;2.9;-0.2;0;161.6;;;7;;56.2;41;;;12425;114;0;
LUG;01.05.1960 00:00;12.1;20.8;15.8;-0.5;-0.3;0;0;13.2;2;0.4;0;0;27.8;979.7;4;0.5;0;36.6;;;12;;270.8;152;;;15103;126;6.5;
LUG;01.06.1960 00:00;15.6;23.4;18.9;-1.5;-0.5;-1.5;0;16;11;-0.4;0;0;27.7;980.2;11.5;0.6;0;0;;;12;;197.9;115;;;12997;95;36.8;
LUG;01.07.1960 00:00;14.8;23.7;18.8;-3.8;-3.2;-3.6;0;15.7;9;-2.4;0;0;28.4;976.9;10.9;-2.5;0;0;;;11;;249.2;158;;;13678;88;28.7;
LUG;01.08.1960 00:00;14.9;23.3;18.8;-3.3;-2.9;-3.5;0;16.6;12;-1.8;0;0;27.3;976.6;11.7;-3.2;0;0;;;14;;331.6;210;;;14846;101;31.3;
LUG;01.09.1960 00:00;12;18.6;15;-2.9;-2.2;-3.5;0;14;0;-1.1;0;0;24.4;978.2;7.3;-2.5;0;17.6;;;13;;409.6;248;;;9638;84;1.8;
LUG;01.10.1960 00:00;8.6;13.7;10.8;-2.4;-1.6;-3.2;0;10.9;0;-1.2;0;0;20;974.5;4.6;-7.2;0;244.2;;;18;;430.3;287;;;6807;80;0;
LUG;01.11.1960 00:00;4.6;10.7;7.4;-1;-1.1;-0.9;0;7.9;0;-0.6;0;0;17.5;977.9;2.1;-3;0;370.9;;;13;;178.1;107;;;5754;91;0;
LUG;01.12.1960 00:00;2.3;6.5;4;-0.6;0.3;-1.2;9;6.3;0;0.1;0;0;9.5;973.9;-2.4;-9;0;496.5;;;10;;140.2;175;;;4598;71;0;
LUG;01.01.1961 00:00;-1.4;4.1;0.7;-3.1;-2.6;-3;25;5.6;0;-0.2;0;0;6.7;981.3;-5.9;-1.9;0;598.7;;;7;;95;145;;;6171;83;0;350.7
LUG;01.02.1961 00:00;1.9;11;5.5;0.5;0;2;1;6.4;0;0.5;0;0;15.6;987.1;-0.6;5.5;0;403.7;;;5;;54.9;90;;;11424;134;0;179.7
LUG;01.03.1961 00:00;4.6;16.5;9.8;0.9;-0.6;3;0;7.3;0;0.1;0;0;21.6;986;0.9;6;0;274;;;1;;2.2;3;;;18005;156;0;74
LUG;01.04.1961 00:00;9.8;17.6;12.8;0.5;1.3;0.9;0;11.5;0;2.1;0;0;23;975.4;5.8;-2.7;0;121.1;;;17;;227.5;165;;;9105;83;0;17.1
LUG;01.05.1961 00:00;10.6;19.4;14.3;-2;-1.8;-1.4;0;11.1;1;-1.7;0;0;26;976.3;5.4;-2.9;0;37.5;;;12;;178.8;101;;;13363;111;1;5.5
LUG;01.06.1961 00:00;14.4;23.3;18.7;-1.7;-1.7;-1.6;0;16.9;11;0.5;0;1;28.2;978.9;9.3;-0.7;0;8.7;;;12;;196.8;115;;;14108;103;42.6;0.7
LUG;01.07.1961 00:00;15.3;24.5;19.7;-2.9;-2.7;-2.8;0;16.3;11;-1.8;0;1;28.3;978.3;11.5;-1.1;0;0;;;8;;88.7;56;;;16644;107;49.1;0
LUG;01.08.1961 00:00;15.9;26.2;21;-1.1;-1.9;-0.6;0;16.9;24;-1.5;0;1;29.8;980.8;11.9;1;0;0;;;3;;20.8;13;;;19193;131;86.5;0
LUG;01.09.1961 00:00;15.5;25.1;20.2;2.3;1.3;3;0;16.9;18;1.8;0;0;28.1;982.4;10.9;1.7;0;0;;;2;;21.4;13;;;13992;121;58.5;0
LUG;01.10.1961 00:00;9.5;17;13.1;-0.1;-0.7;0.1;0;12.3;0;0.2;0;0;22.2;979.8;2.6;-1.9;0;126.1;;;7;;114.9;77;;;8200;97;0;22.1
LUG;01.11.1961 00:00;4.3;9.7;7.2;-1.2;-1.4;-1.9;2;8.1;0;-0.4;0;0;14.9;977;-1.3;-3.9;0;382.8;;;10;;223.2;134;;;5914;94;0;142.8
LUG;01.12.1961 00:00;0.7;7.1;3.8;-0.8;-1.3;-0.6;16;6.3;0;0.1;0;0;16.5;978.2;-4.7;-4.7;0;500.6;;;4;;48.5;61;;;6139;95;0;252.6
LUG;01.01.1962 00:00;1.1;7.3;3.8;0;-0.1;0.2;11;6;0;0.2;0;0;19.5;982.2;-3.3;-1;0;505;;;6;;58.5;89;;;7571;102;0;257
LUG;01.02.1962 00:00;0.4;8;3.9;-1.1;-1.5;-1;10;5.3;0;-0.6;0;0;16.1;980.7;-4.9;-0.9;0;450.4;;;7;;52.8;86;;;9369;110;0;226.4
LUG;01.03.1962 00:00;1.4;8.2;4.4;-4.5;-3.8;-5.3;6;5.7;0;-1.5;0;0;15.1;972;-3;-8;0;483.1;;;8;;55.1;73;;;9889;86;0;235.1
LUG;01.04.1962 00:00;6.5;15.6;10.5;-1.8;-2;-1.1;0;7.8;1;-1.6;0;0;25.5;977.5;0.7;-0.6;0;238.9;;;11;;179.5;130;;;13588;124;0.4;78.9
LUG;01.05.1962 00:00;9.7;18.2;13.7;-2.6;-2.7;-2.6;0;11.1;0;-1.7;0;0;24;977.3;3.5;-1.9;0;64.5;;;12;;136.1;77;;;12868;107;0.5;8.5
LUG;01.06.1962 00:00;13.7;23;18.2;-2.2;-2.4;-1.9;0;14.9;8;-1.5;0;1;30.5;980.8;7.2;1.2;1;0;;;6;;84.5;49;;;17691;129;45.1;0
LUG;01.07.1962 00:00;16;25.4;20.6;-2;-2;-1.9;0;16.3;21;-1.8;0;1;29.5;977.8;8.6;-1.6;0;0;;;3;;28.1;18;;;17273;111;83.9;0
LUG;01.08.1962 00:00;17.3;26.4;22.1;0;-0.5;-0.4;0;19.3;26;0.9;0;1;29.6;979.3;13.2;-0.5;0;0;;;8;;106.9;68;;;17068;116;120.1;0
LUG;01.09.1962 00:00;13.1;22.3;17.5;-0.4;-1.1;0.2;0;14.6;8;-0.5;0;1;31;979.7;6.4;-1;1;8.7;;;3;;54.9;33;;;13523;117;37.3;0.7
LUG;01.10.1962 00:00;9.1;17.2;13.1;-0.1;-1.1;0.3;0;12.1;0;0;0;0;23.7;982.8;3.6;1.1;0;105.9;;;5;;36.6;24;;;10672;126;0;17.9
LUG;01.11.1962 00:00;3.6;9;6.5;-1.9;-2.1;-2.6;7;7.8;0;-0.7;0;0;14.7;976.4;-2.7;-4.5;0;406.4;;;13;;181.9;109;;;5368;85;0;166.4
LUG;01.12.1962 00:00;-1.3;5.8;2.1;-2.5;-3.3;-1.9;21;4.9;0;-1.3;2;0;11.6;977.6;-6.7;-5.3;0;554.7;;;5;;45.1;56;;;7770;121;0;306.7
LUG;01.01.1963 00:00;-2.4;2.7;-0.1;-3.9;-3.6;-4.4;20;4.9;0;-0.9;5;0;8.1;978.2;-8.3;-5;0;624.7;;;7;;59.8;91;;;6608;89;0;376.7
LUG;01.02.1963 00:00;-1.9;4.7;0.9;-4.1;-3.8;-4.3;19;4.9;0;-1;1;0;10;971.9;-8;-9.7;0;535.2;;;3;;20.9;34;;;6775;79;0;311.2
LUG;01.03.1963 00:00;2.3;10.5;5.9;-3;-2.9;-3;6;6.6;0;-0.6;0;0;16;978.8;-4.9;-1.2;0;437.6;;;7;;85.9;114;;;9831;85;0;189.6
LUG;01.04.1963 00:00;7.5;14.5;10.8;-1.5;-1;-2.2;0;9.6;0;0.2;0;0;21.1;976.1;2.2;-2;0;215.1;;;12;;191.8;139;;;8804;81;0;63.1
LUG;01.05.1963 00:00;11.4;18.9;14.5;-1.8;-1;-1.9;0;11.9;0;-0.9;0;0;23.8;977.1;4.5;-2.1;0;38.4;;;12;;141.6;80;;;10961;91;0.4;6.4
LUG;01.06.1963 00:00;13.8;21.1;17.3;-3.1;-2.3;-3.8;0;16.7;7;0.3;0;0;30;977.4;9;-2.2;1;0;;;19;;413.5;241;;;10268;75;26.2;0
LUG;01.07.1963 00:00;16.8;25.9;21.5;-1.1;-1.2;-1.4;0;18.9;24;0.8;0;0;29.4;979.8;12.7;0.4;0;0;;;14;;166;105;;;17145;110;102.4;0
LUG;01.08.1963 00:00;14.8;23.4;19.2;-2.9;-3;-3.4;0;17.3;10;-1.1;0;0;28.3;975.9;8.8;-3.9;0;0;;;11;;277;175;;;14018;96;47.7;0
LUG;01.09.1963 00:00;13.3;20.5;16.8;-1.1;-0.9;-1.6;0;15.8;1;0.7;0;0;25;980.6;9.6;-0.1;0;0;;;10;;337;204;;;10017;87;5.3;0
LUG;01.10.1963 00:00;8;16.7;12.2;-1;-2.2;-0.2;0;11.2;0;-0.9;0;0;21.9;983.2;2.8;1.5;0;127;;;6;;115.7;77;;;11058;130;0;23
LUG;01.11.1963 00:00;6.4;10.9;8.9;0.5;0.7;-0.7;0;9.4;0;0.9;0;0;14.6;977.1;1.4;-3.8;0;332.6;;;15;;341.2;205;;;4411;70;0;92.6
LUG;01.12.1963 00:00;0.3;5.2;2.8;-1.8;-1.7;-2.5;20;6.1;0;-0.1;0;0;10.5;980.4;-4.7;-2.5;0;531.5;;;3;;42;53;;;5869;91;0;283.5
LUG;01.01.1964 00:00;-1.4;5.2;1.2;-2.6;-2.6;-1.9;24;5.1;0;-0.7;0;0;10.3;991.6;-4.5;8.4;0;583.8;;;4;;24.8;38;;;10287;139;0;335.8
LUG;01.02.1964 00:00;1.5;8.7;4.6;-0.4;-0.4;-0.3;6;5.9;0;0;0;0;18.2;979.7;-3.4;-1.9;0;447.1;;;10;;59.9;98;;;8277;97;0;215.1
LUG;01.03.1964 00:00;3.9;8.6;5.9;-3;-1.3;-4.9;1;7.8;0;0.6;0;0;16.8;974.5;-0.1;-5.5;0;435.7;;;13;;145;192;;;4855;42;0;187.7
LUG;01.04.1964 00:00;7.9;15.5;11.2;-1.1;-0.6;-1.2;0;9.2;0;-0.2;0;0;21.5;978.3;4.5;0.2;0;205;;;9;;154.2;112;;;9594;88;0;45
LUG;01.05.1964 00:00;12.8;20.7;16.2;-0.1;0.4;-0.1;0;13.1;1;0.3;0;0;25.1;980.5;8.8;1.3;0;0;;;7;;113.5;64;;;14217;119;3.5;0
LUG;01.06.1964 00:00;15.6;24.1;19.5;-0.9;-0.5;-0.8;0;16.2;15;-0.2;0;0;28.5;978.6;11.5;-1;0;0;;;13;;196.3;114;;;14435;105;49.1;0
LUG;01.07.1964 00:00;17.1;26.6;21.5;-1.1;-0.9;-0.7;0;17.5;18;-0.6;0;2;32.2;980.2;12.6;0.8;1;0;;;8;;139.1;88;;;18301;117;99.8;0
LUG;01.08.1964 00:00;15.1;24.5;19.7;-2.4;-2.7;-2.3;0;16.1;16;-2.3;0;0;29.5;977.9;10.9;-1.9;0;0;;;10;;143.7;91;;;16387;112;54.4;0
LUG;01.09.1964 00:00;12.8;22.3;17.2;-0.7;-1.4;0.2;0;14;3;-1.1;0;0;25.8;983.3;7;2.6;0;0;;;5;;79.2;48;;;13934;121;14;0
LUG;01.10.1964 00:00;8.4;15.3;11.8;-1.4;-1.8;-1.6;0;10.6;0;-1.5;0;0;22.6;978;3.5;-3.7;0;187.1;;;13;;113.1;76;;;7410;87;0;43.1
LUG;01.11.1964 00:00;5.1;11.7;8.5;0.1;-0.6;0.1;0;8.4;0;-0.1;0;0;24.6;981.5;1.1;0.6;0;340.8;;;6;;68.5;41;;;5978;95;1.9;116.8
LUG;01.12.1964 00:00;1.5;6.5;4.1;-0.5;-0.5;-1.2;7;6.2;0;0;0;0;8.3;978.3;-3.5;-4.6;0;493.6;;;8;;60.3;75;;;6254;97;0;245.6
LUG;01.01.1965 00:00;0.7;6.4;3.2;-0.6;-0.5;-0.7;11;5.5;0;-0.3;0;0;13;976.8;-1.7;-6.4;0;520.7;;;8;;68.9;105;;;5522;74;0;272.7
LUG;01.02.1965 00:00;-1.5;7.5;1.9;-3.1;-3.4;-1.5;23;4;0;-1.9;0;0;13.8;979.6;-4.4;-2;0;505.2;;;1;;2;3;;;12990;152;0;281.2
LUG;01.03.1965 00:00;3.4;10.7;6.3;-2.6;-1.8;-2.8;7;6.7;0;-0.5;0;0;21.4;980;-4;0;0;419.5;;;8;;95.1;126;;;9979;87;0;179.5
LUG;01.04.1965 00:00;7;15.8;11;-1.3;-1.5;-0.9;0;7;0;-2.4;0;0;19.6;973.1;2.5;-5;0;223.3;;;3;;19.9;14;;;11758;108;0;39.3
LUG;01.05.1965 00:00;10.9;18.7;14.4;-1.9;-1.5;-2.1;0;10.8;2;-2;0;0;25.2;976.9;7.1;-2.3;0;37.6;;;14;;140.9;79;;;11687;97;1.6;5.6
LUG;01.06.1965 00:00;14.4;23.2;18.8;-1.6;-1.7;-1.7;0;15.4;12;-1;0;1;33.3;978.5;9;-1.1;2;17.6;;;11;;83.1;48;;;12875;94;65.5;1.6
LUG;01.07.1965 00:00;15.4;24.7;20.3;-2.3;-2.6;-2.6;0;16.3;10;-1.8;0;0;28.5;976.8;9.9;-2.6;0;0;;;11;;143.5;91;;;15655;100;67.3;0
LUG;01.08.1965 00:00;15.1;23.6;19.5;-2.6;-2.7;-3.2;0;16;10;-2.4;0;0;28.7;978.3;10.7;-1.5;0;0;;;10;;117.5;74;;;15180;103;54.4;0
LUG;01.09.1965 00:00;10.6;17.8;14.3;-3.6;-3.6;-4.3;0;13.9;0;-1.2;0;0;22.6;978.4;5.4;-2.3;0;46.2;;;17;;378.8;230;;;9728;84;0;6.2
LUG;01.10.1965 00:00;8.3;16;12;-1.2;-1.9;-0.9;0;11.7;0;-0.4;0;0;20.8;985.4;2.6;3.7;0;162.3;;;2;;34.9;23;;;10871;128;0;34.3
LUG;01.11.1965 00:00;4.1;9.1;6.8;-1.6;-1.6;-2.5;2;8.4;0;-0.1;0;0;16.3;974.5;-1.6;-6.4;0;374.2;;;12;;88.5;53;;;4386;69;0;158.2
LUG;01.12.1965 00:00;0.7;7;3.8;-0.8;-1.3;-0.7;13;6.1;0;-0.1;0;0;14.3;975.1;-1.8;-7.8;0;502.9;;;5;;23;29;;;7674;119;0;254.9
LUG;01.01.1966 00:00;-1.8;4.6;0.8;-3;-3;-2.5;21;4.8;0;-1;0;0;10.8;977.3;-7.3;-5.9;0;596.6;;;2;;9.6;15;;;8624;116;0;348.6
LUG;01.02.1966 00:00;3.7;9.1;5.7;0.7;1.8;0.1;0;7.7;0;1.8;0;0;17.4;975.4;0.2;-6.2;0;399;;;9;;148.7;243;;;4578;54;0;175
LUG;01.03.1966 00:00;3.4;13.1;7.7;-1.2;-1.8;-0.4;1;5.6;0;-1.6;0;0;18.3;980.3;-0.5;0.3;0;381.4;;;1;;2;3;;;17132;149;0;133.4
LUG;01.04.1966 00:00;8.2;16;11.5;-0.8;-0.3;-0.7;0;9.9;1;0.5;0;0;26.3;975.3;3.9;-2.8;0;192.3;;;14;;235.7;171;;;9960;91;0.3;40.3
LUG;01.05.1966 00:00;11.3;20.1;15.6;-0.7;-1.1;-0.7;0;12.1;0;-0.7;0;0;23.2;979.8;7.4;0.6;0;34.6;;;10;;187.4;106;;;14442;120;0.4;2.6
LUG;01.06.1966 00:00;14.7;24.3;19.4;-1;-1.4;-0.6;0;15.3;14;-1.1;0;0;29.1;978.8;10.1;-0.8;0;0;;;12;;133.4;78;;;16856;123;49.1;0
LUG;01.07.1966 00:00;14.7;23.7;19.3;-3.3;-3.3;-3.6;0;16;14;-2.1;0;0;28.1;976.2;9.3;-3.2;0;8;;;12;;220.7;140;;;14454;93;54.4;0
LUG;01.08.1966 00:00;14.5;22.9;18.6;-3.5;-3.3;-3.9;0;17;9;-1.4;0;0;29;977.3;9.8;-2.5;0;0;;;15;;171.9;109;;;13607;93;34.3;0
LUG;01.09.1966 00:00;14.4;21.9;18.3;0.4;0.2;-0.2;0;17.1;7;2;0;0;26.9;980.8;11.2;0.1;0;0;;;7;;129.4;78;;;10788;94;26.6;0
LUG;01.10.1966 00:00;11.2;16.3;13.8;0.6;1;-0.6;0;14.5;0;2.4;0;0;22.4;975.6;5.8;-6.1;0;83;;;21;;368.2;246;;;5343;63;0;19
LUG;01.11.1966 00:00;2.1;8.5;5.4;-3;-3.6;-3.1;5;7;0;-1.5;0;0;14.6;978.1;-1.8;-2.8;0;437.3;;;10;;210.3;126;;;6775;107;0;197.3
LUG;01.12.1966 00:00;-0.1;7.1;3.1;-1.5;-2.1;-0.6;19;5.5;0;-0.7;0;0;13.5;976;-2;-6.9;0;523.1;;;4;;44.5;56;;;7731;120;0;275.1
LUG;01.01.1967 00:00;-0.4;6.3;2.6;-1.2;-1.6;-0.8;15;5.5;0;-0.3;0;0;15.8;982.9;-6.8;-0.3;0;539.7;;;4;;12.7;19;;;7622;103;0;291.7
LUG;01.02.1967 00:00;0.6;7.6;3.5;-1.5;-1.3;-1.4;11;5.7;0;-0.2;0;0;18;984.1;-4.8;2.5;0;452.7;;;5;;53.5;87;;;7776;91;0;236.7
LUG;01.03.1967 00:00;5.7;13.4;8.8;-0.1;0.5;-0.1;0;7;0;-0.2;0;0;20.7;981.5;2.2;1.5;0;329.5;;;10;;140.8;186;;;12355;107;0;97.5
LUG;01.04.1967 00:00;6.3;15.2;10.3;-2;-2.2;-1.5;0;7.6;0;-1.8;0;0;23.9;976.1;1.5;-2;0;228.9;;;6;;65.6;48;;;13620;125;0;68.9
LUG;01.05.1967 00:00;11.2;19.3;14.7;-1.6;-1.2;-1.5;0;11.7;2;-1.1;0;0;26;977;4.9;-2.2;0;59.6;;;13;;197;111;;;11764;98;4.1;11.6
LUG;01.06.1967 00:00;13.4;23.5;18.6;-1.8;-2.7;-1.4;0;13.6;10;-2.8;0;0;28.9;980.9;8;1.3;0;0;;;5;;40.1;23;;;16214;118;41.8;0
LUG;01.07.1967 00:00;17.5;27.1;22.6;0;-0.5;-0.2;0;18.8;27;0.7;0;3;29.7;980.6;13.7;1.2;0;0;;;12;;181.2;115;;;17094;109;135.5;0
LUG;01.08.1967 00:00;15.8;24.1;20.3;-1.8;-2;-2.7;0;18.4;13;0;0;1;29.2;979.1;11.1;-0.7;0;0;;;8;;101.3;64;;;13767;94;67.5;0
LUG;01.09.1967 00:00;12.4;20.2;16.2;-1.7;-1.8;-1.9;0;15.3;0;0.2;0;0;24.3;978.6;8.3;-2.1;0;8.1;;;10;;214.6;130;;;9979;87;10;0.1
LUG;01.10.1967 00:00;9.4;17.8;13.2;0;-0.8;0.9;0;12.6;0;0.5;0;0;24.2;982;2.8;0.3;0;110.6;;;7;;130.3;87;;;11411;135;0.2;22.6
LUG;01.11.1967 00:00;5.2;10.8;8.1;-0.3;-0.5;-0.8;0;9.1;0;0.6;0;0;16;981.5;1.6;0.6;0;342.3;;;12;;170.2;102;;;5445;86;0;118.3
LUG;01.12.1967 00:00;0;7.2;3.6;-1;-2;-0.5;18;5.2;0;-1;0;0;18.4;977.7;-3.9;-5.2;0;504.2;;;1;;6.2;8;;;8951;139;0;264.2
LUG;01.01.1968 00:00;-0.9;6.8;2.5;-1.3;-2.1;-0.3;25;4.5;0;-1.3;0;0;16.2;978.5;-5.7;-4.7;0;543.3;;;1;;1;2;;;9574;129;0;295.3
LUG;01.02.1968 00:00;1.8;7;3.7;-1.3;-0.1;-2;3;6.7;0;0.8;0;0;12;977.2;-1.1;-4.4;0;472.6;;;13;;190.6;311;;;5696;67;0;240.6
LUG;01.03.1968 00:00;3.7;13.5;7.7;-1.2;-1.5;0;2;7;0;-0.2;0;0;21.2;980.1;-0.9;0.1;0;340.8;;;5;;45.2;60;;;14294;124;0;140.8
LUG;01.04.1968 00:00;8.4;16.1;11.8;-0.5;-0.1;-0.6;0;10.1;0;0.7;0;0;23.8;979.6;3.1;1.5;0;184.2;;;12;;132;96;;;10126;93;0;48.2
LUG;01.05.1968 00:00;10.8;17.7;13.8;-2.5;-1.6;-3.1;0;12.3;1;-0.5;0;0;25.1;978.1;4.1;-1.1;0;82.6;;;20;;205.1;115;;;9960;83;0.4;10.6
LUG;01.06.1968 00:00;13.5;22;17.7;-2.7;-2.6;-2.9;0;15.5;7;-0.9;0;0;29.3;979.4;10.3;-0.2;0;0;;;14;;94.2;55;;;13549;99;31.5;0
LUG;01.07.1968 00:00;16.6;24.8;20.4;-2.2;-1.4;-2.5;0;17.6;15;-0.5;0;6;29.4;979.9;10.7;0.5;0;0;;;8;;190.8;121;;;15450;99;79.3;0
LUG;01.08.1968 00:00;13.8;22.2;18.1;-4;-4;-4.6;0;16.6;3;-1.8;0;0;26;976.5;9.7;-3.3;0;0;;;12;;154.5;98;;;10846;74;16.6;0
LUG;01.09.1968 00:00;12;20.6;16;-1.9;-2.2;-1.5;0;14.3;0;-0.8;0;0;24.1;978.4;8.5;-2.3;0;0;;;13;;235.3;143;;;11719;102;3.5;0
LUG;01.10.1968 00:00;9.3;17.5;13.3;0.1;-0.9;0.6;0;12.7;0;0.6;0;0;22.4;983.8;4.7;2.1;0;91.3;;;5;;74.8;50;;;10833;128;0;11.3
LUG;01.11.1968 00:00;4.9;10.5;7.8;-0.6;-0.8;-1.1;1;8.8;0;0.3;0;0;18.1;977.4;-0.2;-3.5;0;353;;;13;;322.1;193;;;5895;93;0;129
LUG;01.12.1968 00:00;0.5;5.7;3;-1.6;-1.5;-2;12;5.5;0;-0.7;0;0;12.5;976.1;-6.1;-6.8;0;526.4;;;6;;31.2;39;;;5908;92;0;278.4
LUG;01.01.1969 00:00;-1;5.8;1.8;-2;-2.2;-1.3;21;5.2;0;-0.6;0;0;12.8;979.7;-4.8;-3.5;0;566.7;;;7;;82.3;126;;;7044;95;0;318.7
LUG;01.02.1969 00:00;-0.7;4.9;1.5;-3.5;-2.6;-4.1;13;4.9;0;-1;0;0;10.3;972.7;-5.8;-8.9;0;515.8;;;11;;95.9;156;;;4855;57;0;291.8
LUG;01.03.1969 00:00;3.3;10.2;6.1;-2.8;-1.9;-3.3;1;7;0;-0.2;0;0;18.5;975.1;-0.1;-4.9;0;430.9;;;10;;58.6;78;;;7500;65;0;182.9
LUG;01.04.1969 00:00;6.7;14.8;10.1;-2.2;-1.8;-1.9;0;7.9;0;-1.5;0;0;22.9;978.8;2.3;0.7;0;237.5;;;6;;53.5;39;;;10936;100;0;77.5
LUG;01.05.1969 00:00;12.3;20;15.6;-0.7;-0.1;-0.8;0;13;1;0.2;0;0;26.2;977.4;7.3;-1.8;0;17.4;;;12;;213.1;120;;;11064;92;5.4;1.4
LUG;01.06.1969 00:00;12.8;21.5;17.2;-3.2;-3.3;-3.4;0;13.8;0;-2.6;0;0;24.8;975.5;7.3;-4.1;0;20.5;;;8;;159.4;93;;;13010;95;16.5;4.5
LUG;01.07.1969 00:00;17;25.5;21.2;-1.4;-1;-1.8;0;18;21;-0.1;0;3;29.5;982.1;11.3;2.7;0;0;;;7;;77.8;49;;;17184;110;95.9;0
LUG;01.08.1969 00:00;15.6;24.2;20;-2.1;-2.2;-2.6;0;16.1;15;-2.3;0;0;29.2;977.4;9.7;-2.4;0;0;;;8;;97.8;62;;;14159;97;69.7;0
LUG;01.09.1969 00:00;13.3;20.7;16.9;-1;-0.9;-1.4;0;15.6;0;0.5;0;0;24.4;980.5;10;-0.2;0;0;;;13;;198.9;121;;;12380;107;6.7;0
LUG;01.10.1969 00:00;9.1;18.2;13.4;0.2;-1.1;1.3;0;11.7;0;-0.4;0;0;20.5;985;5.7;3.3;0;51.3;;;0;;0;0;;;13318;157;0;3.3
LUG;01.11.1969 00:00;4.6;10.2;7.7;-0.7;-1.1;-1.4;1;8.1;0;-0.4;0;0;15.4;976.8;-1.8;-4.1;0;361.5;;;14;;123.6;74;;;6319;100;0;129.5
LUG;01.12.1969 00:00;-0.9;5.4;2.3;-2.3;-2.9;-2.3;20;4.4;0;-1.8;0;0;11.7;974.2;-4.4;-8.7;0;547.6;;;2;;15;19;;;7134;111;0;299.6
LUG;01.01.1970 00:00;0.4;5;2.4;-1.4;-0.8;-2.1;11;5.5;0;-0.3;0;0;12.5;975.9;-3.3;-7.3;0;547.4;;;11;0;139;212;;;4989;67;0;299.4
LUG;01.02.1970 00:00;0.8;8.2;3.7;-1.3;-1.1;-0.8;7;4.5;0;-1.4;0;0;15.3;973.7;-3;-7.9;0;456.3;;;3;0;11.6;19;;;9362;110;0;232.3
LUG;01.03.1970 00:00;2.8;9.3;5.5;-3.4;-2.4;-4.2;6;5.4;0;-1.8;0;0;16.8;974.3;-3;-5.7;0;447.6;;;11;0;106.4;141;;;9536;83;0;199.6
LUG;01.04.1970 00:00;5.2;14.1;9.1;-3.2;-3.3;-2.6;1;7;0;-2.4;0;0;21.8;976.5;-0.7;-1.6;0;265.1;;;9;0;122.1;88;;;12181;111;0;97.1
LUG;01.05.1970 00:00;9.7;18.5;13.9;-2.4;-2.7;-2.3;0;10.5;2;-2.3;0;0;25.4;978.1;4;-1.1;0;100.5;;;10;0;116.3;65;;;13511;113;4.3;20.5
LUG;01.06.1970 00:00;15.1;23.4;19.1;-1.3;-1;-1.5;0;16.2;14;-0.2;0;0;29.3;979.5;9.7;-0.1;0;8.9;;;13;0;174.2;102;;;13222;96;53;0.9
LUG;01.07.1970 00:00;15.9;25.4;20.6;-2;-2.1;-1.9;0;16.3;19;-1.8;0;0;29.4;977.8;11.7;-1.6;0;0;;;6;0;56.6;36;;;18391;118;77.5;0
LUG;01.08.1970 00:00;16.2;24.4;20.3;-1.8;-1.6;-2.4;0;17.7;13;-0.7;0;0;29.7;977.4;10.9;-2.4;0;0;;;15;0;210.6;133;;;12901;88;73.8;0
LUG;01.09.1970 00:00;14.5;22.6;18.4;0.5;0.3;0.5;0;16.4;5;1.3;0;0;30.9;981.6;7.6;0.9;1;0;;;8;0;148.9;90;;;11745;102;27.6;0
LUG;01.10.1970 00:00;8.3;16;12;-1.2;-1.9;-0.9;0;10.2;0;-1.9;0;0;21.5;982.8;2.8;1.1;0;163.6;;;7;0;69.6;46;;;10550;124;0;35.6
LUG;01.11.1970 00:00;4.7;10.8;8;-0.4;-1;-0.8;0;7.8;0;-0.7;0;0;16.4;980.3;0.8;-0.6;0;351.3;;;10;0;161.4;97;;;7442;118;0;119.3
LUG;01.12.1970 00:00;-0.4;5.7;2.3;-2.3;-2.4;-2;14;5.4;0;-0.8;0;0;11.2;982.8;-5.9;-0.1;0;546.5;;;6;0;87.5;110;;;7821;121;0;298.5
LUG;01.01.1971 00:00;-0.6;4.9;1.6;-2.2;-1.8;-2.2;11;5.7;0;-0.1;1;0;9.7;979;-7.7;-4.2;0;572;;;9;0;92.3;141;;;6678;90;0;324
LUG;01.02.1971 00:00;1.7;10.3;5.1;0.1;-0.2;1.3;6;5.2;0;-0.7;0;0;15.5;978.9;-1;-2.7;0;415.9;;;2;0;49.4;81;;;12014;141;0;191.9
LUG;01.03.1971 00:00;1.5;9.4;5;-3.9;-3.7;-4.1;9;5.7;0;-1.5;0;0;18.2;974.7;-6.8;-5.3;0;464.8;;;8;0;141.5;187;;;11302;98;0;216.8
LUG;01.04.1971 00:00;8.8;16.1;12.1;-0.2;0.3;-0.6;0;10.3;0;0.9;0;0;20.9;975.6;4.5;-2.5;0;141.4;;;10;0;135.3;98;;;9491;87;0;29.4
LUG;01.05.1971 00:00;11.7;18.4;14.6;-1.7;-0.7;-2.4;0;13.5;0;0.7;0;0;24.9;976.6;7.7;-2.6;0;71.8;;;17;0;281.2;158;;;7982;67;3.3;7.8
LUG;01.06.1971 00:00;13;21.4;17.4;-3;-3.1;-3.5;0;14.4;2;-2;0;0;27.3;975.9;7.4;-3.7;0;8.9;;;13;0;203.7;119;;;12477;91;18.9;0.9
LUG;01.07.1971 00:00;17.1;26.1;22.2;-0.4;-0.9;-1.2;0;19.2;22;1.1;0;3;29.1;979.8;11.8;0.4;0;0;;;10;0;176;111;;;18436;118;122.1;0
LUG;01.08.1971 00:00;17.2;25.7;22.2;0.1;-0.6;-1.1;0;19.6;24;1.2;0;2;29.1;978.7;13.3;-1.1;0;0;;;11;0;151.1;96;;;15398;105;121.5;0
LUG;01.09.1971 00:00;12.3;21.3;17.3;-0.6;-1.9;-0.8;0;14.2;2;-0.9;0;0;25.6;983;5.9;2.3;0;0;;;3;0;30.6;19;;;14255;124;14.3;0
LUG;01.10.1971 00:00;8.1;17;12.7;-0.5;-2.1;0.1;0;10.8;0;-1.3;0;0;22.3;988.3;2.7;6.6;0;111.8;;;2;0;26.5;18;;;12817;151;0;23.8
LUG;01.11.1971 00:00;4.1;10.3;7.2;-1.2;-1.6;-1.3;5;7.9;0;-0.6;0;0;15.3;976.4;-1.6;-4.5;0;383.1;;;10;0;152.5;92;;;6306;100;0;143.1
LUG;01.12.1971 00:00;1.3;7.9;4.3;-0.3;-0.7;0.2;4;6.5;0;0.3;0;0;17.1;987.4;-2.2;4.5;0;485.9;;;6;0;54.6;68;;;8097;126;0;237.9
LUG;01.01.1972 00:00;1.7;5.3;3;-0.8;0.5;-1.8;4;6.4;0;0.6;0;0;8.3;978.9;-0.5;-4.3;0;529.5;;;11;0;82.6;126;;;2273;31;0;281.5
LUG;01.02.1972 00:00;4.1;7.9;5.4;0.4;2.2;-1.1;0;7.4;0;1.5;0;0;12.8;978.1;0.9;-3.5;0;421.9;;;16;0;207;338;;;2177;25;0;189.9
LUG;01.03.1972 00:00;4.8;12.8;8;-0.9;-0.4;-0.7;0;7.9;0;0.7;0;0;23.8;978.8;0.2;-1.2;0;349.8;;;12;0;168;223;;;8784;76;0;125.8
LUG;01.04.1972 00:00;7.5;14.9;10.8;-1.5;-1;-1.8;0;8.8;0;-0.6;0;0;20.5;972.8;4;-5.3;0;213.8;;;16;0;139.2;101;;;8849;81;0;45.8
LUG;01.05.1972 00:00;10.5;18.1;14;-2.3;-1.9;-2.7;0;11.2;0;-1.6;0;0;22.6;976.6;6.4;-2.6;0;88;;;12;0;129.5;73;;;10666;89;0.9;16
LUG;01.06.1972 00:00;13.7;21.4;17.5;-2.9;-2.4;-3.5;0;14.9;1;-1.5;0;0;25.2;977.4;9.6;-2.2;0;8;;;16;0;247.8;144;;;11121;81;20.5;0
LUG;01.07.1972 00:00;16.3;25.1;20.6;-2;-1.7;-2.2;0;16.8;12;-1.3;0;2;29;977.5;12.2;-1.9;0;0;;;12;0;93.2;59;;;14130;90;73.3;0
LUG;01.08.1972 00:00;15.5;24.2;19.9;-2.2;-2.3;-2.6;0;16.2;12;-2.2;0;1;29.1;978.8;10.5;-1;0;0;;;8;0;59.2;37;;;14971;102;59.9;0
LUG;01.09.1972 00:00;10.3;17.1;13.6;-4.3;-3.9;-5;0;12.4;0;-2.7;0;0;22.8;980.3;5.5;-0.4;0;90.1;;;15;0;265.5;161;;;8791;76;0;10.1
LUG;01.10.1972 00:00;8.2;15.2;11.5;-1.7;-2;-1.7;0;10.3;0;-1.8;0;0;20;981.7;2.9;0;0;190.8;;;4;0;90.8;61;;;9071;107;0;30.8
LUG;01.11.1972 00:00;4.6;11.1;7.7;-0.7;-1.1;-0.5;2;7.5;0;-1;0;0;16.6;982.8;-1.2;1.9;0;370.9;;;4;0;30.6;18;;;8205;130;0;130.9
LUG;01.12.1972 00:00;1.5;6.4;3.4;-1.2;-0.5;-1.3;9;6.1;0;-0.1;0;0;13.6;990.2;-1.9;7.3;0;515.3;;;10;0;104.9;131;;;6461;100;0;267.3
LUG;01.01.1973 00:00;1.2;6.5;2.9;-0.9;0;-0.6;9;6.1;0;0.3;0;0;11.4;984.8;-1.8;1.6;0;528.5;;;8;0;65.8;100;;;6025;81;0;280.5
LUG;01.02.1973 00:00;1.8;8.9;4.3;-0.7;-0.1;-0.1;7;4.7;0;-1.2;0;0;17.6;976.1;-1.3;-5.5;0;438.9;;;3;0;6;10;;;10224;120;0;214.9
LUG;01.03.1973 00:00;3.6;12.4;7.4;-1.5;-1.6;-1.1;4;6.1;0;-1.1;0;0;17.4;982.6;-1.3;2.6;0;384.5;;;2;0;4.5;6;;;10928;95;0;144.5
LUG;01.04.1973 00:00;5.5;14.3;9.3;-3;-3;-2.4;0;6.2;0;-3.2;0;0;20.3;975.6;1.2;-2.5;0;297.4;;;7;0;92.4;67;;;12847;117;0;81.4
LUG;01.05.1973 00:00;11.3;19.2;15.1;-1.2;-1.1;-1.6;0;12.5;0;-0.3;0;0;23.6;981.1;7;1.9;0;41.8;;;10;0;122.2;69;;;10971;91;4.6;1.8
LUG;01.06.1973 00:00;15.2;23.6;19.3;-1.1;-0.9;-1.3;0;16.4;13;0;0;0;30.9;979.5;11;-0.1;1;0;;;12;0;233.9;136;;;13090;95;55;0
LUG;01.07.1973 00:00;16.2;24.9;20.7;-1.9;-1.8;-2.4;0;17.4;16;-0.7;0;0;29;975.8;12.5;-3.6;0;0;;;11;0;206.8;131;;;15407;99;77.5;0
LUG;01.08.1973 00:00;17.4;25.6;21.7;-0.4;-0.4;-1.2;0;19.8;19;1.4;0;1;28.7;981.2;13.6;1.4;0;0;;;11;0;156.5;99;;;13357;91;106.5;0
LUG;01.09.1973 00:00;14;22.4;18.2;0.3;-0.2;0.3;0;16.4;8;1.3;0;0;27.4;979.5;9.1;-1.2;0;0;;;10;0;143.3;87;;;11563;100;37.6;0
LUG;01.10.1973 00:00;7.8;16;11.6;-1.6;-2.4;-0.9;0;10.5;0;-1.6;0;0;21.1;981.3;1.8;-0.4;0;165.6;;;6;0;101.3;68;;;11283;133;0;45.6
LUG;01.11.1973 00:00;4;11.3;7.4;-1;-1.7;-0.3;2;7.3;0;-1.2;0;0;18.8;983.7;-2.2;2.8;0;370.9;;;2;0;19.7;12;;;9183;145;0;138.9
LUG;01.12.1973 00:00;-0.2;6.2;2.7;-1.9;-2.2;-1.5;16;5.4;0;-0.8;0;0;15.9;980.3;-6.5;-2.6;0;537.8;;;8;0;159.3;199;;;7937;123;0;289.8
LUG;01.01.1974 00:00;2.5;7.9;4.5;0.7;1.3;0.8;0;6.8;0;1;0;0;19.6;985.4;0.1;2.2;0;465.1;;;8;0;75.4;115;;;5464;74;0;233.1
LUG;01.02.1974 00:00;3.2;8.4;4.9;-0.1;1.3;-0.6;0;7.1;0;1.2;0;0;13.3;975.6;0.3;-6;0;421.4;;;14;0;191;312;;;4947;58;0;197.4
LUG;01.03.1974 00:00;4.8;11.3;7.5;-1.4;-0.4;-2.2;1;8.1;0;0.9;0;0;18.1;979.2;-0.5;-0.8;0;387;;;13;0;122.8;163;;;5806;50;0;139
LUG;01.04.1974 00:00;7.7;14.6;10.6;-1.7;-0.8;-2.1;0;8.6;0;-0.8;0;0;18;974.8;3.8;-3.3;0;244.3;;;11;0;99.8;72;;;10305;94;0;44.3
LUG;01.05.1974 00:00;10.4;19.4;14.8;-1.5;-2;-1.4;0;11.1;3;-1.7;0;0;29.3;975.6;5.9;-3.6;0;84.4;;;9;0;83.7;47;;;13270;111;9.2;12.4
LUG;01.06.1974 00:00;13.4;22.4;17.9;-2.5;-2.7;-2.5;0;13.5;5;-2.9;0;0;26.6;976.4;8.2;-3.2;0;0;;;11;0;152.2;89;;;13532;99;18.5;0
LUG;01.07.1974 00:00;16.8;26.2;21.8;-0.8;-1.2;-1.1;0;16.3;23;-1.8;0;2;30.9;978.4;13.1;-1;1;0;;;4;0;40.5;26;;;17401;111;109.2;0
LUG;01.08.1974 00:00;17.2;26.8;22;-0.1;-0.6;0;0;17.7;24;-0.7;0;4;30.7;978.7;13.2;-1.1;5;0;;;10;0;260.6;165;;;15438;105;116.1;0
LUG;01.09.1974 00:00;12.6;21.1;16.9;-1;-1.6;-1;0;14.2;2;-0.9;0;0;25.2;978.1;5;-2.6;0;18.7;;;9;0;97.3;59;;;11270;98;13.2;2.7
LUG;01.10.1974 00:00;4.5;12.9;8.5;-4.7;-5.7;-4;0;7.1;0;-5;0;0;18;974;1.7;-7.7;0;350.5;;;6;0;46;31;;;11526;136;0;110.5
LUG;01.11.1974 00:00;3.9;9.8;6.8;-1.6;-1.8;-1.8;1;7.8;0;-0.7;0;0;13.8;980.7;-0.1;-0.2;0;396.4;;;10;0;133.9;80;;;6747;107;0;156.4
LUG;01.12.1974 00:00;2.8;10.3;6.2;1.6;0.8;2.6;3;6.1;0;-0.1;0;0;16.9;984.7;-1.1;1.8;0;422.7;;;2;0;4.8;6;;;9171;142;0;182.7
LUG;01.01.1975 00:00;2.1;8.2;4.4;0.6;0.9;1.1;4;6.7;0;0.9;0;0;15.5;985.5;-0.8;2.3;0;482.9;;;6;0;105.2;161;;;6548;88;0;234.9
LUG;01.02.1975 00:00;1.3;8.7;4.3;-0.7;-0.6;-0.3;6;5.9;0;0;0;0;12.2;986.5;-0.6;4.9;0;437.7;;;6;0;53.6;87;;;9769;114;0;213.7
LUG;01.03.1975 00:00;3.9;9.5;6.2;-2.7;-1.3;-4;0;7.1;0;-0.1;0;0;14.8;972.2;0.1;-7.8;0;428.8;;;14;0;202.7;268;;;6535;57;0;180.8
LUG;01.04.1975 00:00;7.3;16.1;11.4;-0.9;-1.2;-0.6;0;8.6;0;-0.8;0;0;24;976.9;2;-1.2;0;175.2;;;8;0;132.6;96;;;14734;135;0;55.2
LUG;01.05.1975 00:00;11;18.7;14.6;-1.7;-1.4;-2.1;0;12.6;3;-0.2;0;0;26.8;977.1;5.5;-2.1;0;82.9;;;17;0;281.9;159;;;11214;93;9.9;18.9
LUG;01.06.1975 00:00;13.5;21.8;17.7;-2.7;-2.6;-3.1;0;14.1;7;-2.3;0;1;27.5;977.8;8;-1.8;0;8;;;10;0;129.2;75;;;14678;107;28.3;0
LUG;01.07.1975 00:00;16.5;26.3;21.7;-0.9;-1.5;-1;0;16.8;24;-1.3;0;1;29.8;978.2;12.7;-1.2;0;0;;;4;0;47.5;30;;;17525;112;106.1;0
LUG;01.08.1975 00:00;16.6;24.6;20.8;-1.3;-1.2;-2.2;0;17.7;16;-0.7;0;2;29;979.1;11.7;-0.7;0;0;;;11;0;99.4;63;;;12709;87;85;0
LUG;01.09.1975 00:00;14.7;21.8;18.2;0.3;0.5;-0.3;0;17.7;0;2.6;0;0;24.5;982;10.1;1.3;0;0;;;16;0;150.3;91;;;8610;75;17.9;0
LUG;01.10.1975 00:00;7.7;15.5;11.4;-1.8;-2.5;-1.4;0;11;0;-1.1;0;0;21.7;982.7;2.9;1;0;231.2;;;7;0;105.4;70;;;12155;143;0;55.2
LUG;01.11.1975 00:00;4.2;9.3;6.7;-1.7;-1.5;-2.3;3;8.1;0;-0.4;0;0;13.7;980.3;-1.9;-0.6;0;401;;;13;0;189.7;114;;;5501;87;0;161
LUG;01.12.1975 00:00;1.6;7.4;4.1;-0.5;-0.4;-0.3;4;6.6;0;0.4;0;0;10.8;984.8;-1;1.9;0;493.7;;;6;0;38.3;48;;;7476;116;0;245.7
LUG;01.01.1976 00:00;1.1;9.9;4.4;0.6;-0.1;2.8;9;4.7;0;-1.1;0;0;20.6;979.7;-4.3;-3.5;0;476.3;;;2;0;17.9;27;;;10516;142;0;236.3
LUG;01.02.1976 00:00;2.4;8.6;4.7;-0.3;0.5;-0.4;3;6.8;0;0.9;0;0;14.8;983.7;-1.2;2.1;0;443.2;;;7;0;32.1;52;;;6317;74;0;211.2
LUG;01.03.1976 00:00;2.9;11.1;6.3;-2.6;-2.3;-2.4;5;6.7;0;-0.5;0;0;21.1;980.4;-1.6;0.4;0;410.5;;;4;0;20.7;27;;;10492;91;0;178.5
LUG;01.04.1976 00:00;7.1;15.6;10.7;-1.6;-1.4;-1.1;0;8.5;0;-0.9;0;0;19.9;976.5;3.3;-1.6;0;224;;;7;0;133.2;97;;;12398;113;0;48
LUG;01.05.1976 00:00;11.9;21.6;16.6;0.3;-0.5;0.8;0;11.5;2;-1.3;0;0;29.3;978.4;3.8;-0.8;0;19.3;;;5;0;45.5;26;;;17880;149;8.7;3.3
LUG;01.06.1976 00:00;16.1;25.7;20.8;0.4;0;0.8;0;15.5;22;-0.9;0;1;29.7;980.9;10.2;1.3;0;0;;;4;0;42.4;25;;;18279;133;85.7;0
LUG;01.07.1976 00:00;17.7;27.3;22.4;-0.2;-0.3;0;0;16.8;26;-1.3;0;3;32.6;976.9;13.9;-2.5;4;0;;;12;0;122.4;78;;;15962;102;128.5;0
LUG;01.08.1976 00:00;14.4;22.3;18.6;-3.5;-3.4;-4.5;0;15.9;3;-2.5;0;0;26.6;980.3;11.1;0.5;0;0;;;12;0;198.3;125;;;13551;92;25;0
LUG;01.09.1976 00:00;11.2;18.6;14.9;-3;-3;-3.5;0;13.1;0;-2;0;0;23.4;978.9;6.4;-1.8;0;8.6;;;13;0;352.1;214;;;9214;80;0;0.6
LUG;01.10.1976 00:00;9.5;15.5;12.2;-1;-0.7;-1.4;0;12.3;0;0.2;0;0;21.4;974.7;5.3;-7;0;153.4;;;17;0;503.3;336;;;6616;78;0;25.4
LUG;01.11.1976 00:00;4.8;11;7.9;-0.5;-0.9;-0.6;0;7.7;0;-0.8;0;0;17;980.1;1.4;-0.8;0;357.9;;;12;0;195.3;117;;;5950;94;0;125.9
LUG;01.12.1976 00:00;1.3;6.7;3.7;-0.9;-0.7;-1;9;5.7;0;-0.5;0;0;11.6;974.9;-3.1;-8;0;506.3;;;8;0;37.1;46;;;6747;105;0;258.3
LUG;01.01.1977 00:00;0;4.9;1.8;-2;-1.2;-2.2;10;5.8;0;0;0;0;12.2;978.6;-4;-4.6;0;565.2;;;14;0;217.7;332;;;4473;60;0;317.2
LUG;01.02.1977 00:00;2.3;8.6;4.5;-0.5;0.4;-0.4;3;6.6;0;0.7;0;0;13.6;976.4;-1.5;-5.2;0;434;;;10;0;128.2;209;;;7925;93;0;210
LUG;01.03.1977 00:00;5.7;13;8.6;-0.3;0.5;-0.5;0;8;0;0.8;0;0;22.9;982.8;0.4;2.8;0;328.8;;;11;0;220.1;292;;;7800;68;0;112.8
LUG;01.04.1977 00:00;7.3;14.9;10.7;-1.6;-1.2;-1.8;0;7.9;0;-1.5;0;0;22.8;976.9;2.8;-1.2;0;233.8;;;8;0;147.8;107;;;12273;112;0;57.8
LUG;01.05.1977 00:00;10.5;16.8;13.3;-3;-1.9;-4;0;12.1;0;-0.7;0;0;22.6;978;6.2;-1.2;0;121.9;;;19;0;257.7;145;;;8087;67;0;9.9
LUG;01.06.1977 00:00;13.7;21.4;17.2;-3.2;-2.4;-3.5;0;14.8;4;-1.6;0;0;25.8;977.4;10.9;-2.2;0;0;;;14;0;138;80;;;11164;81;10.1;0
LUG;01.07.1977 00:00;15.6;23.8;19.8;-2.8;-2.4;-3.5;0;17.5;14;-0.6;0;0;28.6;976.5;12.1;-2.9;0;0;;;15;0;272.4;173;;;14585;93;59.2;0
LUG;01.08.1977 00:00;14.4;21.6;18.2;-3.9;-3.4;-5.2;0;16.5;2;-1.9;0;0;26.1;976.3;11.4;-3.5;0;0;;;15;0;455.5;288;;;11675;80;25.5;0
LUG;01.09.1977 00:00;12.2;19.9;16.1;-1.8;-2;-2.2;0;14.3;1;-0.8;0;0;25.2;982.8;5.6;2.1;0;49;;;4;0;45.4;28;;;12703;110;12.6;1
LUG;01.10.1977 00:00;10.7;17.3;13.7;0.5;0.5;0.4;0;12.8;0;0.7;0;0;22.1;984.1;6.3;2.4;0;33.6;;;11;0;203.1;136;;;8037;95;0;1.6
LUG;01.11.1977 00:00;4.8;11.3;7.9;-0.5;-0.9;-0.3;1;7.6;0;-0.9;0;0;17.5;977.1;-1;-3.8;0;333.3;;;5;0;45.9;28;;;8242;130;0;125.3
LUG;01.12.1977 00:00;1.1;7.3;3.9;-0.7;-0.9;-0.4;10;5.9;0;-0.3;0;0;15.6;984.4;-1.4;1.5;0;499.4;;;5;0;63.9;80;;;7813;121;0;251.4
LUG;01.01.1978 00:00;0.8;6.1;2.8;-1;-0.4;-1;8;6.2;0;0.4;0;0;11;977.2;-2.9;-6;0;534;;;8;0;278.6;425;;;6286;85;0;286
LUG;01.02.1978 00:00;0.4;5.4;2.2;-2.8;-1.5;-3.6;13;6;0;0.1;0;0;12.3;972.7;-3;-8.9;0;497.5;;;11;0;178.1;291;;;5439;64;0;273.5
LUG;01.03.1978 00:00;4.6;12.2;7.5;-1.4;-0.6;-1.3;0;7.4;0;0.2;0;0;20.1;977.5;1.3;-2.5;0;386.8;;;10;0;72.1;95;;;10367;90;0;138.8
LUG;01.04.1978 00:00;6.6;13.4;9.3;-3;-1.9;-3.3;0;8.9;0;-0.5;0;0;19.2;972.5;1.6;-5.6;0;321.5;;;12;0;165;120;;;7682;70;0;81.5
LUG;01.05.1978 00:00;9.9;16.8;12.9;-3.4;-2.5;-4;0;11.6;0;-1.2;0;0;22.8;976.3;6.6;-2.9;0;96.1;;;14;0;247.6;139;;;9077;76;0;16.1
LUG;01.06.1978 00:00;12.7;21.9;17.4;-3;-3.4;-3;0;14.9;5;-1.5;0;0;25.5;977.3;6.5;-2.3;0;8.6;;;11;0;205.4;120;;;14099;103;20.9;0.6
LUG;01.07.1978 00:00;16.5;24.4;20.6;-2;-1.5;-2.9;0;17.5;16;-0.6;0;3;28.3;978.8;12.2;-0.6;0;0;;;8;0;98.8;63;;;14448;92;79;0
LUG;01.08.1978 00:00;16.4;24.1;20.6;-1.5;-1.4;-2.7;0;17.8;13;-0.6;0;4;26.6;979.5;11.4;-0.3;0;0;;;8;0;112;71;;;13476;92;71.2;0
LUG;01.09.1978 00:00;13;22.7;17.7;-0.2;-1.2;0.6;0;13.9;7;-1.2;0;0;27.1;979.3;9.1;-1.4;0;0;;;2;0;10.1;6;;;16254;141;13.9;0
LUG;01.10.1978 00:00;8.8;17.4;12.5;-0.7;-1.4;0.5;0;11.1;0;-1;0;0;23.2;982.9;4.3;1.2;0;111.5;;;4;0;108;72;;;12385;146;0;23.5
LUG;01.11.1978 00:00;3.8;11;6.9;-1.5;-1.9;-0.6;1;7.3;0;-1.2;0;0;14.5;988.4;-0.7;7.5;0;392.3;;;2;0;9.7;6;;;10074;159;0;152.3
LUG;01.12.1978 00:00;1.3;5.8;3.4;-1.2;-0.7;-1.9;8;6.9;0;0.7;0;0;10.2;975;-2.4;-7.9;0;513.4;;;11;0;90.2;113;;;5289;82;0;265.4
LUG;01.01.1979 00:00;-1.1;4.5;1.3;-2.5;-2.3;-2.6;18;4.9;0;-0.9;3;0;12;976.6;-5.8;-6.6;0;580.7;;;8;0;89.2;136;;;7077;95;0;332.7
LUG;01.02.1979 00:00;2.4;7.2;4.2;-0.8;0.5;-1.8;7;7;0;1.1;0;0;17.3;973.7;-1.9;-7.9;0;443.2;;;9;0;71.9;117;;;5433;64;0;219.2
LUG;01.03.1979 00:00;4.3;10.6;6.7;-2.2;-0.9;-2.9;0;7.8;0;0.6;0;0;16.2;974.5;0.1;-5.5;0;411.6;;;13;0;316.1;419;;;6193;54;0;163.6
LUG;01.04.1979 00:00;6;13.6;9.3;-3;-2.5;-3.1;0;8;0;-1.4;0;0;19.1;975;2.7;-3.1;0;300.3;;;10;0;119.6;87;;;9688;89;0;84.3
LUG;01.05.1979 00:00;11.2;20.1;15.5;-0.8;-1.2;-0.7;0;11.5;5;-1.3;0;0;26.1;981;4.4;1.8;0;67.9;;;4;0;69.2;39;;;12815;107;10.6;11.9
LUG;01.06.1979 00:00;15;23.9;19.2;-1.2;-1.1;-1;0;16.7;12;0.3;0;0;27.1;979.4;11.3;-0.2;0;0;;;9;0;174.6;102;;;11027;80;42.7;0
LUG;01.07.1979 00:00;16.4;24.9;20.6;-2;-1.6;-2.4;0;17.2;16;-0.9;0;0;28.9;980.5;10.4;1.1;0;0;;;9;0;280.5;178;;;13993;90;80.4;0
LUG;01.08.1979 00:00;14.8;23.4;18.9;-3.2;-3;-3.4;0;16.5;9;-1.9;0;0;28.5;977.3;8.9;-2.5;0;0;;;14;0;273.5;173;;;13868;95;43.1;0
LUG;01.09.1979 00:00;13.1;20.8;16.8;-1.1;-1.1;-1.3;0;14.6;1;-0.5;0;0;25;981.9;8.3;1.2;0;0;;;4;0;87.2;53;;;12099;105;6;0
LUG;01.10.1979 00:00;10.1;15.5;12.4;-0.8;-0.1;-1.4;0;12.1;0;0;0;0;21.4;979.1;2.3;-2.6;0;101.5;;;14;0;358.6;240;;;4934;58;0;29.5
LUG;01.11.1979 00:00;3.7;10.3;7;-1.4;-2;-1.3;1;7;0;-1.5;0;0;18;978.1;-0.4;-2.8;0;383.7;;;5;0;101.4;61;;;7744;122;0;151.7
LUG;01.12.1979 00:00;2.3;7.7;4.8;0.2;0.3;0;2;6.6;0;0.4;0;0;12.8;979;-1.1;-3.9;0;472.8;;;9;0;137.4;172;;;7009;109;0;224.8
LUG;01.01.1980 00:00;-0.1;5;2;-1.8;-1.3;-2.1;16;5.4;0;-0.4;0;0;9.5;979.5;-4.1;-3.7;0;557.6;;;9;0;71.2;109;;;7165;96;0;309.6
LUG;01.02.1980 00:00;2.1;9.7;5;0;0.2;0.7;0;6.4;0;0.5;0;0;15.3;984.2;0.2;2.6;0;436;;;0;0;0.1;0;;;10442;122;0;204
LUG;01.03.1980 00:00;4;10.2;6.4;-2.5;-1.2;-3.3;0;7.5;0;0.3;0;0;16.5;974.3;1.1;-5.7;0;412;;;12;0;189.9;252;;;6847;60;0;172
LUG;01.04.1980 00:00;6.4;14.6;10.1;-2.2;-2.1;-2.1;0;6.8;0;-2.6;0;0;19.7;977.8;2;-0.3;0;268.3;;;2;0;12.7;9;;;13544;124;0;60.3
LUG;01.05.1980 00:00;9.3;15.9;12.2;-4.1;-3.1;-4.9;0;11.2;0;-1.6;0;0;21.5;975.1;5;-4.1;0;123.5;;;20;0;262.7;148;;;7133;59;0;19.5
LUG;01.06.1980 00:00;12.9;21.1;17.1;-3.3;-3.2;-3.8;0;13.5;5;-2.9;0;0;28.2;976.4;8;-3.2;0;0;;;14;0;367.7;214;;;12547;91;15.4;0
LUG;01.07.1980 00:00;14.6;23.3;18.8;-3.8;-3.4;-4;0;15.8;9;-2.3;0;0;29.1;976.4;10;-3;0;0;;;8;0;109.3;69;;;12211;78;37.9;0
LUG;01.08.1980 00:00;17.4;25.5;21.5;-0.6;-0.4;-1.3;0;18.6;23;0.2;0;5;30.2;978.7;12.2;-1.1;1;0;;;7;0;158.6;100;;;12697;87;102.4;0
LUG;01.09.1980 00:00;14.5;22.4;18.4;0.5;0.3;0.3;0;16;1;0.9;0;0;25.1;983.1;11.5;2.4;0;0;;;3;0;40.9;25;;;11981;104;14.1;0
LUG;01.10.1980 00:00;8.5;15.6;11.7;-1.5;-1.7;-1.3;0;10.6;0;-1.5;0;0;22.1;975.8;4.4;-5.9;0;193.3;;;10;0;245.8;164;;;8037;95;0;41.3
LUG;01.11.1980 00:00;4.4;9.5;6.9;-1.5;-1.3;-2.1;0;7.6;0;-0.9;0;0;18.7;978.8;1;-2.1;0;387.3;;;7;0;42.8;26;;;4760;75;0;155.3
LUG;01.12.1980 00:00;0.7;6.8;3.5;-1.1;-1.3;-0.9;12;4.8;0;-1.4;0;0;13;981.4;-3.5;-1.5;0;512.4;;;1;0;3.3;4;;;8535;133;0;264.4
LUG;01.01.1981 00:00;-1;7;2.5;-1.3;-2.2;-0.1;21;4.1;0;-1.7;0;0;16;981.9;-5.4;-1.3;0;543.2;2.8;187;0;0;0.4;1;76;122;10492;141;0;295.2
LUG;01.02.1981 00:00;0.2;6.8;3;-2;-1.7;-2.2;11;5.4;0;-0.5;0;0;11.7;981.5;-2.8;-0.1;0;476.3;1.7;100;1;0;1.6;3;97;99;7697;90;0;252.3
LUG;01.03.1981 00:00;5;13;8.2;-0.7;-0.2;-0.5;1;8.1;0;0.9;0;0;19.5;976.4;-0.4;-3.6;0;358.1;1.9;90;11;0;253.2;335;124;83;8644;75;0;118.1
LUG;01.04.1981 00:00;7.9;16;11.4;-0.9;-0.6;-0.7;0;9.6;0;0.2;0;0;22.8;978.6;2.8;0.5;0;179.3;1.7;85;7;0;86.5;63;186;100;10306;94;0;43.3
LUG;01.05.1981 00:00;10;17.8;13.7;-2.6;-2.4;-3;0;11.8;0;-1;0;0;24;976.4;4.5;-2.8;0;65.7;1.8;100;13;0;236.3;133;208;93;9316;78;0.6;9.7
LUG;01.06.1981 00:00;15.5;23.5;19.5;-0.9;-0.6;-1.4;0;15.4;11;-1;0;2;29.1;979;11.5;-0.6;0;0;2.3;128;7;0;80.6;47;272;105;11456;83;50;0
LUG;01.07.1981 00:00;15.3;24.2;19.9;-2.7;-2.7;-3.1;0;16.4;18;-1.7;0;0;27.8;979;10.9;-0.4;0;0;2.2;122;11;0;259;164;256;97;12802;82;58.5;0
LUG;01.08.1981 00:00;16.7;25.1;21.1;-1;-1.1;-1.7;0;18.3;17;-0.1;0;2;28.7;980.2;12.7;0.4;0;0;2;118;5;0;30.2;19;251;110;15511;106;86;0
LUG;01.09.1981 00:00;14.4;20.8;17.6;-0.3;0.2;-1.3;0;16.1;0;1;0;0;23.3;979.6;11;-1.1;0;0;2.1;131;16;0;385.5;234;128;77;7115;62;9.6;0
LUG;01.10.1981 00:00;8.8;15.7;12.1;-1.1;-1.4;-1.2;0;11.2;0;-0.9;0;0;22.6;977.6;2.3;-4.1;0;147.6;2;133;10;0;146.9;98;97;96;7703;91;0;43.6
LUG;01.11.1981 00:00;3;11.4;6.9;-1.5;-2.7;-0.2;5;6.6;0;-1.9;0;0;17.3;985.6;-1.4;4.7;0;392.9;2.3;153;0;0;1;1;90;146;11098;175;0;152.9
LUG;01.12.1981 00:00;0.3;5.9;3.1;-1.5;-1.7;-1.8;15;5.1;0;-1.1;0;0;11.9;968.1;-3.1;-14.8;0;522.6;2.5;167;13;0;155.9;195;50;100;6397;99;0;274.6
LUG;01.01.1982 00:00;0.9;6.4;3.2;-0.6;-0.3;-0.7;13;5.9;0;0.1;0;0;20;982.5;-2.3;-0.7;0;514.2;2.1;140;2;0;5.8;9;59;95;6035;81;0;274.2
LUG;01.02.1982 00:00;0.4;7;3;-2;-1.5;-2;13;6;0;0.1;1;0;13.9;984.4;-3.6;2.8;0;476.3;1.6;94;6;0;27;44;87;89;7086;83;0;252.3
LUG;01.03.1982 00:00;3.2;11.1;6.5;-2.4;-2;-2.4;0;6.2;0;-1;0;0;16.4;981;0.6;1;0;419.1;2.5;119;6;0;68.1;90;151;101;10932;95;0;171.1
LUG;01.04.1982 00:00;7;15.9;11;-1.3;-1.5;-0.8;0;8.3;0;-1.1;0;0;21.8;977.4;2.9;-0.7;0;203.3;2.3;115;5;0;21.9;16;226;122;13471;123;0;43.3
LUG;01.05.1982 00:00;11.4;20.3;15.5;-0.8;-1;-0.5;0;12.2;2;-0.6;0;0;26.1;982.3;5.1;3.1;0;68;1.7;94;8;0;171.1;96;252;113;13080;109;8.6;12
LUG;01.06.1982 00:00;15.8;24.6;20.3;-0.1;-0.3;-0.3;0;16.1;17;-0.3;0;0;28.1;977.9;12.9;-1.7;0;0;2.2;122;8;0;204.9;119;262;101;13537;99;63.5;0
LUG;01.07.1982 00:00;18;27;22.4;-0.2;0;-0.3;0;19;25;0.9;0;6;34;979.1;12.1;-0.3;1;0;2;111;9;0;148;94;254;96;13637;87;132.8;0
LUG;01.08.1982 00:00;15.8;24.1;20;-2.1;-2;-2.7;0;17.9;13;-0.5;0;0;27.4;978.7;11;-1.1;0;0;1.8;106;13;0;268.6;170;211;92;12236;83;57.5;0
LUG;01.09.1982 00:00;14.7;22.9;18.6;0.7;0.5;0.8;0;17.5;6;2.4;0;0;26.2;982.1;11.1;1.4;0;0;1.7;106;9;0;252.1;153;162;98;10748;93;27.2;0
LUG;01.10.1982 00:00;8.2;14.9;11.2;-2;-2;-2;0;11.4;0;-0.7;0;0;21.1;977.9;5.3;-3.8;0;245;1.5;100;14;0;210.4;141;103;102;8662;102;0;37
LUG;01.11.1982 00:00;5.7;11;8.3;-0.1;0;-0.6;0;8.9;0;0.4;0;0;15;982.4;1.6;1.5;0;352.3;1.5;100;11;0;225.1;135;57;92;4921;78;0;112.3
LUG;01.12.1982 00:00;2.4;8.4;5.2;0.6;0.4;0.7;4;6.4;0;0.2;0;0;15.3;978.7;-1.5;-4.2;0;460.5;2;133;6;0;80.2;100;50;100;6227;97;0;212.5
LUG;01.01.1983 00:00;1.8;8.5;4.5;0.7;0.6;1.4;7;6;0;0.2;0;0;21.9;988.8;-1;5.6;0;474.6;2.1;140;0;0;0.8;1;72;116;8632;116;0;234.6
LUG;01.02.1983 00:00;-0.3;5.4;2;-3;-2.2;-3.6;15;5.1;0;-0.8;0;0;10.1;980.9;-2.5;-0.7;0;503.4;1.7;100;6;0;37.6;61;89;91;6333;74;0;279.4
LUG;01.03.1983 00:00;4.3;12.4;7.4;-1.5;-0.9;-1.1;0;7.6;0;0.4;0;0;18.1;980;0.9;0;0;381.8;1.7;81;8;0;129.9;172;135;90;9925;86;0;141.8
LUG;01.04.1983 00:00;7.4;13.7;10.1;-2.2;-1.1;-3;0;9.4;0;0;0;0;19.2;976.4;2.7;-1.7;0;266.5;1.9;95;17;0;249.9;181;138;74;6108;56;0;58.5
LUG;01.05.1983 00:00;9.6;16.4;12.8;-3.5;-2.8;-4.4;0;11.8;0;-1;0;0;22;974.8;5.7;-4.4;0;71;1.8;100;17;0;386;217;159;71;6405;53;0;7
LUG;01.06.1983 00:00;15.2;23.8;19.3;-1.1;-0.9;-1.1;0;15.3;12;-1.1;0;0;28.2;981.2;10.3;1.6;0;0;1.8;100;8;0;67.2;39;268;104;13264;97;46.4;0
LUG;01.07.1983 00:00;19;29.1;23.9;1.3;1;1.8;0;20.3;28;2.2;0;13;37.1;979.8;14.7;0.4;11;0;1.7;94;5;2;69.2;44;273;103;16087;103;173.9;0
LUG;01.08.1983 00:00;16.9;25.4;21;-1.1;-0.9;-1.4;0;17;17;-1.4;0;0;30.6;979.5;13.7;-0.3;2;0;1.8;106;11;0;100.6;64;213;93;11578;79;84.8;0
LUG;01.09.1983 00:00;13.3;22.4;17.7;-0.2;-0.9;0.3;0;14.6;2;-0.5;0;0;30.8;980.6;9.1;-0.1;1;0;1.8;113;8;0;203.7;124;177;107;14499;126;12.4;0
LUG;01.10.1983 00:00;9.8;17.6;13.2;0;-0.4;0.7;0;11.7;0;-0.4;0;0;23.2;984.8;4.6;3.1;0;122.9;1.7;113;6;0;32.7;22;123;122;11509;136;0;18.9
LUG;01.11.1983 00:00;3.8;11.2;7.1;-1.3;-1.9;-0.4;3;7.5;0;-1;0;0;16.9;981.7;-0.1;0.8;0;385.6;1.8;120;3;0;24;14;71;115;7979;126;0;145.6
LUG;01.12.1983 00:00;0.8;6.9;3.4;-1.2;-1.2;-0.8;11;5.6;0;-0.6;0;0;14;982.1;-2.6;-0.8;0;513.3;1.9;127;6;0;151.6;190;52;104;7569;118;0;265.3
LUG;01.01.1984 00:00;0.3;6.6;2.8;-1;-0.9;-0.5;14;5;0;-0.8;0;0;11.3;979.1;-3.1;-4.1;0;533.4;1.9;127;2;0;25.5;39;61;98;7232;97;0;285.4
LUG;01.02.1984 00:00;0.7;6.4;2.8;-2.2;-1.2;-2.6;9;5.5;0;-0.4;0;0;13.4;981;-3.5;-0.6;0;498.5;2.4;141;6;0;63.8;104;83;85;5825;68;0;266.5
LUG;01.03.1984 00:00;3.5;10.8;6.1;-2.8;-1.7;-2.7;2;6.2;0;-1;0;0;15.2;976.5;-0.6;-3.5;0;429;2.4;114;5;0;135.1;179;139;93;9529;83;0;181
LUG;01.04.1984 00:00;6.5;15.7;10.3;-2;-2;-1;0;7.8;0;-1.6;0;0;24.5;978.4;2.2;0.3;0;238.6;2.4;120;10;0;106.3;77;205;110;13441;123;0.7;70.6
LUG;01.05.1984 00:00;8.8;15.5;11.3;-5;-3.6;-5.3;0;10.9;0;-1.9;0;0;21.7;972.3;4.1;-6.9;0;211.1;1.6;89;21;0;410.3;231;147;66;4844;40;0;35.1
LUG;01.06.1984 00:00;14.1;24.5;18.8;-1.6;-2;-0.4;0;14.3;18;-2.1;0;0;32.4;978.9;8;-0.7;4;29.3;1.8;100;7;0;177.5;103;265;102;13770;100;55.5;5.3
LUG;01.07.1984 00:00;17.5;28.4;22.6;0;-0.5;1.1;0;15.7;29;-2.4;0;2;34.6;980.3;12.9;0.9;7;0;2.4;133;2;0;14;9;294;111;18487;118;131.9;0
LUG;01.08.1984 00:00;16;24.6;20;-2.1;-1.8;-2.2;0;16.9;12;-1.5;0;1;31.2;979.5;12.9;-0.3;4;0;1.9;112;14;0;250.6;158;219;96;11843;81;65.5;0
LUG;01.09.1984 00:00;11.3;19.8;15.4;-2.5;-2.9;-2.3;0;13.4;2;-1.7;0;0;25.8;975.2;6.7;-5.5;0;17.6;2;125;10;0;277.5;168;173;104;10548;92;9.7;1.6
LUG;01.10.1984 00:00;9.4;16.2;12.3;-0.9;-0.8;-0.7;0;11.9;0;-0.2;0;0;20.3;982.9;5.7;1.2;0;111;1.5;100;10;0;179.3;120;103;102;8467;100;0;15
LUG;01.11.1984 00:00;5.6;11.5;8.2;-0.2;-0.1;-0.1;0;8.8;0;0.3;0;0;16.8;978.5;0.8;-2.4;0;352.8;1.5;100;7;0;108.9;65;58;94;5238;83;0;112.8
LUG;01.12.1984 00:00;2.8;8.3;5.4;0.8;0.8;0.6;5;6.9;0;0.7;0;0;21.2;985.3;-1.5;2.4;0;454.1;1.6;107;6;0;83.1;104;47;94;6552;102;0;206.1
LUG;01.01.1985 00:00;-2.4;2.7;-0.4;-4.2;-3.6;-4.4;21;4.6;0;-1.2;6;0;9;974.4;-9;-8.8;0;634.8;2;133;8;0;159.8;244;54;87;5960;80;0;386.8
LUG;01.02.1985 00:00;0.8;6.6;2.7;-2.3;-1.1;-2.4;13;5.8;0;-0.1;0;0;17.6;981.7;-2.9;0.1;0;484.1;1.5;88;4;0;6.4;10;82;84;6102;71;0;260.1
LUG;01.03.1985 00:00;3.5;9.6;5.6;-3.3;-1.7;-3.9;0;6.8;0;-0.4;0;0;15.7;977;0.6;-3;0;444.6;2.3;110;14;0;217.5;288;121;81;8034;70;0;196.6
LUG;01.04.1985 00:00;7.3;16.2;11.1;-1.2;-1.2;-0.5;0;8;0;-1.4;0;0;23;976;3.3;-2.1;0;211.5;2.7;135;6;0;95.2;69;207;111;13289;122;0;35.5
LUG;01.05.1985 00:00;11;18.4;14.2;-2.1;-1.4;-2.4;0;12.1;1;-0.7;0;0;25.6;975.2;6.3;-4;0;90.4;1.7;94;17;0;272.5;153;196;88;10375;87;3.2;18.4
LUG;01.06.1985 00:00;13.6;22.6;18;-2.4;-2.5;-2.3;0;13.6;6;-2.8;0;0;26.5;977.5;10.4;-2.1;0;0;2.1;117;13;0;130;76;257;99;14024;102;17.4;0
LUG;01.07.1985 00:00;18.2;27.3;22.5;-0.1;0.2;0;0;19.2;29;1.1;0;5;30.3;979.8;14.5;0.4;2;0;1.8;100;7;0;115.6;73;257;97;15487;99;131.6;0
LUG;01.08.1985 00:00;16.3;26;21;-1.1;-1.5;-0.8;0;16.7;20;-1.7;0;0;29.3;978.9;11.3;-0.9;0;0;2.2;129;8;0;130.2;82;248;109;16266;111;88.8;0
LUG;01.09.1985 00:00;14.5;23.5;18.7;0.8;0.3;1.4;0;16.2;5;1.1;0;0;27.9;983.2;11.3;2.5;0;0;1.7;106;4;0;50.2;30;191;115;15026;130;22.9;0
LUG;01.10.1985 00:00;10;18.4;13.7;0.5;-0.2;1.5;0;12.5;1;0.4;0;0;26;986.4;4.6;4.7;0;110.3;1.7;113;2;0;9.9;7;117;116;9875;116;0.8;22.3
LUG;01.11.1985 00:00;3;9.1;5.8;-2.6;-2.7;-2.5;1;7.1;0;-1.4;0;0;17.5;976.5;-0.8;-4.4;0;426.6;1.8;120;10;0;117.5;71;64;104;6734;106;0;186.6
LUG;01.12.1985 00:00;3.1;8.5;5.5;0.9;1.1;0.8;0;7.3;0;1.1;0;0;16.2;982.6;0.3;-0.3;0;448.3;1.3;87;10;0;75.6;95;43;86;5601;87;0;200.3
LUG;01.01.1986 00:00;0.9;6.9;3;-0.8;-0.3;-0.2;5;5.3;0;-0.5;0;0;14.5;975.7;-2.8;-7.5;0;526.7;2.2;147;7;0;177.6;271;63;101;7867;106;0;278.7
LUG;01.02.1986 00:00;-0.3;4.1;1;-4;-2.2;-4.9;12;5.3;0;-0.6;1;0;10.1;973;-5.6;-8.6;0;532.9;2;118;7;0;59.6;97;86;88;5278;62;0;308.9
LUG;01.03.1986 00:00;4.3;10.7;6.5;-2.4;-0.9;-2.8;1;7.3;0;0.1;0;0;16.3;979.9;-1.4;-0.1;0;418.1;1.7;81;7;0;45.3;60;130;87;8275;72;0;170.1
LUG;01.04.1986 00:00;6.8;12.1;8.9;-3.4;-1.7;-4.6;0;9.3;0;-0.1;0;0;24.3;973.5;1.2;-4.6;0;313.6;2.5;125;23;0;511.9;371;100;54;4652;43;0;97.6
LUG;01.05.1986 00:00;13.3;21.7;16.8;0.5;0.9;0.9;0;13.8;5;1;0;0;28.7;981.2;8.4;2;0;17;2.1;117;16;0;194;109;219;98;10805;90;18.9;1
LUG;01.06.1986 00:00;15.3;23.8;19.2;-1.2;-0.8;-1.1;0;15.9;11;-0.5;0;4;29.8;978.1;8.1;-1.5;0;8.2;2;111;5;0;79;46;271;105;13506;98;59.6;0.2
LUG;01.07.1986 00:00;17.3;25.7;21.4;-1.2;-0.7;-1.6;0;17.1;20;-1;0;3;30;979.6;13.7;0.2;1;0;2.1;117;4;0;64;41;262;99;14720;94;95.4;0
LUG;01.08.1986 00:00;16.6;25.2;20.8;-1.3;-1.2;-1.6;0;17.3;17;-1.1;0;5;29.6;978.2;11;-1.6;0;0;1.8;106;10;0;306.7;194;227;99;13880;95;87.7;0
LUG;01.09.1986 00:00;14.2;21;17.5;-0.4;0;-1.1;0;15.6;0;0.5;0;0;24.8;982.9;10.3;2.2;0;0;1.4;88;7;0;99.8;61;154;93;9544;83;9.1;0
LUG;01.10.1986 00:00;10.4;18.5;13.9;0.7;0.2;1.6;0;11.9;0;-0.2;0;0;22.9;983.2;4.2;1.5;0;69.1;1.9;127;2;0;4.3;3;121;120;11189;132;0;13.1
LUG;01.11.1986 00:00;5.8;12.3;8.8;0.4;0.1;0.7;0;8.4;0;-0.1;0;0;16.4;986.6;1.2;5.7;0;329.1;1.6;107;7;0;56.3;34;63;102;6838;108;0;97.1
LUG;01.12.1986 00:00;1.4;8.1;4.4;-0.2;-0.6;0.4;5;5.5;0;-0.7;0;0;13.8;983.3;-2.8;0.4;0;483.5;2.1;140;0;0;1.4;2;58;116;8439;131;0;235.5
LUG;01.01.1987 00:00;-0.7;5.7;1.6;-2.2;-1.9;-1.4;20;4.9;0;-0.9;2;0;14.6;977.5;-5.2;-5.7;0;570.5;2.3;153;4;0;53;81;66;106;8503;114;0;322.5
LUG;01.02.1987 00:00;1.5;7.1;3.3;-1.7;-0.4;-1.9;3;6.4;0;0.5;0;0;16;977.1;-4;-4.5;0;468.7;1.5;88;10;0;138.2;225;72;73;5408;63;0;244.7
LUG;01.03.1987 00:00;1.7;9.2;4.6;-4.3;-3.5;-4.3;11;5.5;0;-1.7;0;0;17.2;978.8;-2.9;-1.2;0;475.7;2.6;124;4;0;25.8;34;143;95;10189;89;0;227.7
LUG;01.04.1987 00:00;7.5;16.6;11.3;-1;-1;-0.1;0;8.5;0;-0.9;0;0;23.3;980.6;1.4;2.5;0;171.1;2.4;120;6;0;124.5;90;192;103;12922;118;0;43.1
LUG;01.05.1987 00:00;9.7;18.9;13.8;-2.5;-2.7;-1.9;0;10;0;-2.8;0;0;24.6;976;5.5;-3.2;0;66.4;2.6;144;11;0;143.1;81;225;101;12508;104;0.2;10.4
LUG;01.06.1987 00:00;12.8;22.3;17.4;-3;-3.3;-2.6;0;14;8;-2.4;0;0;28.8;978.7;8.8;-0.9;0;16.2;2;111;12;0;276.7;161;230;89;12496;91;23.9;0.2
LUG;01.07.1987 00:00;17.2;26;21.3;-1.3;-0.8;-1.3;0;18.1;22;0;0;4;30.1;978.1;11.2;-1.3;1;0;1.9;106;14;0;309.7;196;228;86;12742;82;94.9;0
LUG;01.08.1987 00:00;16.4;25.1;20.6;-1.5;-1.4;-1.7;0;17.5;17;-0.9;0;4;29.6;978.6;12.3;-1.2;0;0;1.9;112;7;0;153.3;97;240;105;14326;98;79;0
LUG;01.09.1987 00:00;15.8;23.8;19.5;1.6;1.6;1.7;0;17.4;13;2.3;0;0;27;981.4;9.4;0.7;0;0;1.6;100;6;0;63;38;192;116;12204;106;51.6;0
LUG;01.10.1987 00:00;10.4;15.1;12.7;-0.5;0.2;-1.8;0;12.4;0;0.3;0;0;18.4;982.1;6.1;0.4;0;96.1;1.3;87;15;0;267.3;179;70;69;3625;43;0;8.1
LUG;01.11.1987 00:00;5.5;12;8.3;-0.1;-0.2;0.4;0;8.1;0;-0.4;0;0;20.2;978.7;2;-2.2;0;349.6;1.8;120;6;0;67.8;41;67;109;6288;99;0;109.6
LUG;01.12.1987 00:00;2.6;7.9;4.9;0.3;0.6;0.2;2;7;0;0.8;0;0;18.1;984.1;-1;1.2;0;469.2;1.2;80;4;0;39;49;47;94;5441;84;0;221.2
LUG;01.01.1988 00:00;2.6;6.9;4.2;0.4;1.4;-0.2;2;6.7;0;0.9;0;0;11.8;979.8;-0.6;-3.4;0;492.1;1.6;107;11;0;168.7;258;48;77;4863;65;0;244.1
LUG;01.02.1988 00:00;1.9;9.2;4.6;-0.4;0;0.2;1;5.1;0;-0.8;0;0;15.9;977.6;-0.5;-4;0;447.3;2.7;159;5;0;44.3;72;101;103;9599;112;0;215.3
LUG;01.03.1988 00:00;4.6;13.1;8.6;-0.3;-0.6;-0.4;0;5.7;0;-1.5;0;0;19.4;974.6;0.1;-5.4;0;339.9;3.5;167;4;0;64.1;85;154;103;11888;103;0;107.9
LUG;01.04.1988 00:00;9;15.5;11.8;-0.5;0.5;-1.2;0;10.2;0;0.8;0;0;21.2;977.9;6.1;-0.2;0;147;1.7;85;8;0;81.1;59;160;86;7989;73;0;27
LUG;01.05.1988 00:00;12.3;19.2;15.2;-1.1;-0.1;-1.6;0;14.3;0;1.5;0;0;24.5;977.5;9.5;-1.7;0;16.4;1.5;83;21;0;359.5;202;166;74;6784;57;0.9;0.4
LUG;01.06.1988 00:00;13.5;22.4;17.8;-2.6;-2.6;-2.5;0;15.3;5;-1.1;0;0;26.3;976.6;9.5;-3;0;8;2;111;15;0;197.8;115;219;85;10064;73;15.1;0
LUG;01.07.1988 00:00;17.3;26.3;21.8;-0.8;-0.7;-1;0;19.1;25;1;0;2;30.2;978.5;13.6;-0.9;1;0;1.8;100;12;0;138.6;88;241;91;15067;96;112.1;0
LUG;01.08.1988 00:00;16.9;26.4;21.5;-0.6;-0.9;-0.4;0;18.3;22;-0.1;0;3;30.5;977.9;12.2;-1.9;3;0;1.9;112;7;0;146;92;228;100;14757;101;100;0
LUG;01.09.1988 00:00;13.5;22.2;17.6;-0.3;-0.7;0.1;0;14.6;2;-0.5;0;0;30.8;981.1;8.8;0.4;1;0;1.8;113;5;0;86.7;53;176;106;12228;106;14.2;0
LUG;01.10.1988 00:00;11.2;17.4;13.9;0.7;1;0.5;0;13.6;0;1.5;0;0;21.4;982.5;7.8;0.8;0;44.6;1.6;107;9;0;221.9;148;87;86;7067;83;0;4.6
LUG;01.11.1988 00:00;2.3;10.1;5.6;-2.8;-3.4;-1.5;6;6.6;0;-1.9;0;0;18.3;984.2;-3;3.3;0;433;1.9;127;1;0;4.3;3;71;115;8106;128;0;193
LUG;01.12.1988 00:00;1.8;9.4;5.2;0.6;-0.2;1.7;5;5.7;0;-0.5;0;0;19.1;983.7;-0.9;0.8;0;459.1;2.1;140;2;0;45.5;57;56;112;8491;132;0;211.1
LUG;01.01.1989 00:00;0.4;7.5;3.3;-0.5;-0.8;0.4;10;5.5;0;-0.3;0;0;10.6;994.2;-1.9;11;0;519;1.2;80;0;0;0;0;71;114;10617;143;0;271
LUG;01.02.1989 00:00;2.6;10;5.7;0.7;0.7;1;0;6.4;0;0.5;0;0;16;984.1;0.7;2.5;0;401.1;1.5;88;4;0;126.2;206;86;88;8348;98;0;177.1
LUG;01.03.1989 00:00;6.1;15.5;10;1.1;0.9;2;0;7.8;0;0.6;0;0;21.9;980.2;1.3;0.2;0;272;2;95;4;0;40.8;54;146;97;13413;117;0;72
LUG;01.04.1989 00:00;7;13;9.8;-2.5;-1.5;-3.7;0;9.5;0;0.1;0;0;20;972.8;4.3;-5.3;0;278.7;2.1;105;21;0;545.7;395;119;64;5992;55;0;70.7
LUG;01.05.1989 00:00;11.8;20.8;15.8;-0.5;-0.6;0;0;12.6;1;-0.2;0;0;27.6;981.7;8;2.5;0;0;1.9;106;14;0;100.1;56;245;110;13852;115;1.1;0
LUG;01.06.1989 00:00;13.7;23.3;18.4;-2;-2.4;-1.6;0;14.3;11;-2.1;0;0;28.4;978.2;8;-1.4;0;8.5;2.1;117;7;0;145.1;85;273;105;15283;111;39.6;0.5
LUG;01.07.1989 00:00;17.4;26.5;21.9;-0.7;-0.6;-0.8;0;18.4;25;0.3;0;4;32.1;980.5;13.9;1.1;1;0;1.7;94;9;0;111.8;71;254;96;14096;90;112.5;0
LUG;01.08.1989 00:00;16.7;25.9;21.2;-0.9;-1.1;-0.9;0;17.8;20;-0.6;0;2;29.6;977.7;12;-2.1;0;0;2.1;124;10;0;193.5;122;260;114;16393;112;91.8;0
LUG;01.09.1989 00:00;13.4;21.1;17.1;-0.8;-0.8;-1;0;15.2;0;0.1;0;0;24.6;981;9.4;0.3;0;0;1.7;106;5;0;47.6;29;166;100;9466;82;7.5;0
LUG;01.10.1989 00:00;8.9;17.8;12.8;-0.4;-1.3;0.9;0;10.4;1;-1.7;0;0;26;984;6.3;2.3;0;94.1;2;133;1;0;5.4;4;137;136;12131;143;0;6.1
LUG;01.11.1989 00:00;4.4;11;7.3;-1.1;-1.3;-0.6;3;7.6;0;-0.9;0;0;16;981;-0.9;0.1;0;365.6;1.8;120;6;0;76.5;46;63;102;6563;104;0;141.6
LUG;01.12.1989 00:00;1.5;7.7;4.1;-0.5;-0.5;0;15;6.3;0;0.1;0;0;16.2;982.3;-2.8;-0.6;0;494.3;1.5;100;7;0;75.7;95;50;100;7146;111;0;246.3
LUG;01.01.1990 00:00;-0.3;6.4;2.4;-1.4;-1.5;-0.7;16;5.3;0;-0.5;0;0;8.5;988.4;-2.8;5.2;0;544.6;1.4;93;5;0;45.8;70;62;100;8616;116;0;296.6
LUG;01.02.1990 00:00;3.7;11.7;7;2;1.8;2.7;0;6.9;0;1;0;0;21.1;982.7;0.6;1.1;0;357.6;2.1;124;3;0;18.3;30;94;96;8485;99;0;141.6
LUG;01.03.1990 00:00;6.4;16.4;10.5;1.6;1.2;2.9;0;7.2;0;0;0;0;24.5;988.5;0.4;8.5;0;244.4;2.3;110;3;0;6.2;8;153;102;11738;102;0;60.4
LUG;01.04.1990 00:00;7.3;14.7;10.7;-1.6;-1.2;-2;0;8.7;0;-0.7;0;0;24.8;976.3;4.8;-1.8;0;225.1;2.2;110;14;0;173.5;126;170;91;9598;88;0;57.1
LUG;01.05.1990 00:00;13.2;21.8;17;0.7;0.8;1;0;13.6;3;0.8;0;0;26.5;981.7;10.2;2.5;0;0;1.9;106;13;0;136.9;77;235;105;12912;108;5.9;0
LUG;01.06.1990 00:00;14.4;23.2;18.5;-1.9;-1.7;-1.7;0;16.1;8;-0.3;0;0;28.9;977.8;9.3;-1.8;0;0;1.9;106;20;0;289;169;244;94;11752;86;33.3;0
LUG;01.07.1990 00:00;17.4;27.5;22.3;-0.3;-0.6;0.2;0;17.7;27;-0.4;0;2;31.1;979.8;12.5;0.4;4;0;2.2;122;4;0;14.1;9;292;110;17206;110;126.2;0
LUG;01.08.1990 00:00;17.7;26.9;21.9;-0.2;-0.1;0.1;0;17.4;24;-1;0;3;31.3;981.7;15.1;1.9;3;0;2;118;7;0;84.4;53;249;109;14791;101;110.2;0
LUG;01.09.1990 00:00;13.8;22.4;18;0.1;-0.4;0.3;0;13.7;5;-1.4;0;0;27.3;979.5;11.3;-1.2;0;0;1.9;119;2;0;90.8;55;196;118;12399;108;13.1;0
LUG;01.10.1990 00:00;10.9;17;13.6;0.4;0.7;0.1;0;13.2;0;1.1;0;0;22.3;979.5;5.6;-2.2;0;95.9;1.4;93;14;0;287.9;192;92;91;6367;75;0;15.9
LUG;01.11.1990 00:00;4.1;11.9;7.3;-1.1;-1.6;0.3;0;7.3;0;-1.2;0;0;19.4;977.1;0.8;-3.8;0;374.3;1.8;120;6;0;101.1;61;74;120;7914;125;0;142.3
LUG;01.12.1990 00:00;0;6.1;2.6;-2;-2;-1.6;17;4.8;0;-1.4;0;0;10.9;980.7;-3;-2.2;0;538.7;1.7;113;4;0;94.4;118;56;112;7476;116;0;290.7
LUG;01.01.1991 00:00;0.5;6.4;2.9;-0.9;-0.7;-0.7;15;5.8;0;0;0;0;13.1;988.5;-2.8;5.3;0;528.7;1.3;87;5;0;61.9;95;60;96;7497;101;0;280.7
LUG;01.02.1991 00:00;-0.6;6.8;2.4;-2.6;-2.5;-2.2;17;5.1;0;-0.8;2;0;17.5;980.7;-8.2;-0.9;0;492.7;1.9;112;6;0;22.4;37;104;106;9945;116;0;268.7
LUG;01.03.1991 00:00;6.8;13.3;9.6;0.7;1.6;-0.2;0;9.3;0;2.1;0;0;20.3;978.4;2.3;-1.6;0;316;1.5;71;11;0;213.3;283;105;70;6580;57;0;76
LUG;01.04.1991 00:00;6.8;14.9;10.5;-1.8;-1.7;-1.8;0;8.2;0;-1.2;0;0;21.4;977.9;1.6;-0.2;0;209.5;2.2;110;9;0;63.1;46;176;95;9679;89;0;57.5
LUG;01.05.1991 00:00;9.7;18.6;13.8;-2.5;-2.7;-2.2;0;9.3;2;-3.5;0;0;27.3;978.1;3.6;-1.1;0;100.2;2.8;156;11;0;92.9;52;235;105;13176;110;2.6;20.2
LUG;01.06.1991 00:00;14.7;22.7;18.7;-1.7;-1.4;-2.2;0;14.5;8;-1.9;0;0;29.4;977.8;9.3;-1.8;0;0;1.9;106;7;0;148.8;87;227;88;11821;86;40.1;0
LUG;01.07.1991 00:00;18.9;28.6;23.7;1.1;0.9;1.3;0;18.1;29;0;0;12;31.9;978.2;13.8;-1.2;6;0;2;111;6;0;49.2;31;275;104;17574;113;166.9;0
LUG;01.08.1991 00:00;19.5;28.6;23.8;1.7;1.7;1.8;0;18.4;29;0;0;13;32.3;980.6;14;0.8;6;0;2.1;124;1;0;12.1;8;269;118;17022;116;170.5;0
LUG;01.09.1991 00:00;16.1;23.5;19.7;1.8;1.9;1.4;0;16.3;9;1.2;0;0;28.8;980.3;9.7;-0.4;0;0;1.9;119;9;0;381.5;231;162;98;9676;84;52.7;0
LUG;01.10.1991 00:00;9.1;15.1;11.9;-1.3;-1.1;-1.8;0;11.2;0;-0.9;0;0;24.1;980.9;2.8;-0.8;0;156.2;1.6;107;9;0;132;88;103;102;7531;89;0;44.2
LUG;01.11.1991 00:00;4.2;10.3;7.1;-1.3;-1.5;-1.3;0;7.2;0;-1.3;0;0;14.4;979.6;1.4;-1.3;0;388.1;1.7;113;8;0;95.6;57;64;104;6504;103;0;148.1
LUG;01.12.1991 00:00;0;7.9;3.5;-1.1;-2;0.2;16;4.8;0;-1.4;0;0;19.6;988.8;-4;5.9;0;511.4;2.2;147;1;0;14.7;18;60;120;8962;139;0;263.4
LUG;01.01.1992 00:00;0.5;6.3;2.9;-0.9;-0.7;-0.8;15;6.1;0;0.3;0;0;12.9;991.3;-2.2;8.1;0;529.8;1.2;80;5;0;50;76;57;92;6870;93;0;281.8
LUG;01.02.1992 00:00;2.3;10.3;5.7;0.7;0.4;1.3;4;5.7;0;-0.2;0;0;16.7;987.7;-2.8;6.1;0;415.2;2.1;124;1;0;22.3;36;105;107;9527;112;0;183.2
LUG;01.03.1992 00:00;4.8;13.6;8.7;-0.2;-0.4;0.1;0;6.9;0;-0.3;0;0;21.1;979.2;1.2;-0.8;0;332.5;2.2;105;6;0;125.3;166;140;93;10350;90;0;108.5
LUG;01.04.1992 00:00;8.2;15.2;11.4;-0.9;-0.3;-1.5;0;9.1;0;-0.3;0;0;23.9;976;3.2;-2.1;0;200;2.1;105;9;0;136.4;99;155;83;7883;72;0;48
LUG;01.05.1992 00:00;13.3;21.2;16.9;0.6;0.9;0.4;0;13.3;4;0.5;0;0;27.3;981.6;9.6;2.4;0;8.4;1.7;94;10;0;115.3;65;211;94;11383;95;11.6;0.4
LUG;01.06.1992 00:00;14.5;21.5;17.6;-2.8;-1.6;-3.4;0;15.9;5;-0.5;0;0;26.3;977;10.8;-2.6;0;0;1.7;94;20;0;311.8;182;201;78;8181;60;21.1;0
LUG;01.07.1992 00:00;17.6;25.6;21.5;-1.1;-0.4;-1.7;0;19.2;20;1.1;0;9;30.6;980.1;13;0.7;1;0;1.6;89;10;0;172.9;109;236;89;12599;81;106.2;0
LUG;01.08.1992 00:00;18.7;28;23.2;1.1;0.9;1.2;0;20.4;27;2;0;10;31.7;979.6;12.9;-0.2;9;0;1.9;112;7;0;135.7;86;230;101;15312;104;150.6;0
LUG;01.09.1992 00:00;13.5;21.3;17;-0.9;-0.7;-0.8;0;15.1;0;0;0;0;24.4;983.1;9.5;2.4;0;0;1.7;106;9;0;221.5;134;162;98;11061;96;4.3;0
LUG;01.10.1992 00:00;8;13.9;10.7;-2.5;-2.2;-3;0;10.9;0;-1.2;0;0;19.7;973;2.2;-8.7;0;224.5;1.4;93;18;0;192.6;129;75;74;5460;64;0;56.5
LUG;01.11.1992 00:00;5.7;12.3;8.7;0.3;0;0.7;0;8.4;0;-0.1;0;0;17.4;982.1;2.8;1.2;0;337.9;1.3;87;3;0;20.8;12;67;109;7452;118;0;97.9
LUG;01.12.1992 00:00;1.7;6.8;4.2;-0.4;-0.3;-0.9;8;6.5;0;0.3;0;0;11.4;983.3;-2.9;0.4;0;488.3;1.5;100;6;0;95.9;120;41;82;4914;76;0;240.3
LUG;01.01.1993 00:00;1.2;6.8;3.7;-0.1;0;-0.3;6;6.3;0;0.5;0;0;16.4;990.5;-5;7.3;0;504.5;1.4;93;1;0;3.4;5;56;90;6212;84;0;256.5
LUG;01.02.1993 00:00;1.1;9;4.3;-0.7;-0.8;0;6;5;0;-0.9;0;0;13.9;988.3;-3.5;6.7;0;440.7;2.1;124;3;0;46.9;77;105;107;10168;119;0;216.7
LUG;01.03.1993 00:00;4;12.9;7.9;-1;-1.2;-0.6;1;6.5;0;-0.7;0;0;23.1;982.4;-0.7;2.4;0;341.1;2.6;124;4;0;40;53;150;100;12280;107;0;133.1
LUG;01.04.1993 00:00;8;15.7;11.4;-0.9;-0.5;-1;0;9.8;0;0.4;0;0;20.6;976.8;4.2;-1.3;0;176.2;1.9;95;13;0;136.6;99;160;86;8974;82;0;40.2
LUG;01.05.1993 00:00;12.3;20.2;15.9;-0.4;-0.1;-0.6;0;13.8;3;1;0;0;27.1;978.2;7.5;-1;0;16.7;1.6;89;11;0;111.9;63;196;88;9875;82;10;0.7
LUG;01.06.1993 00:00;15.3;24.6;19.9;-0.5;-0.8;-0.3;0;15.9;14;-0.5;0;0;28.5;978.9;11.1;-0.7;0;0;2;111;9;0;263;153;243;94;13070;95;53.1;0
LUG;01.07.1993 00:00;16.2;24.9;20.4;-2.2;-1.8;-2.4;0;16.3;16;-1.8;0;0;28.5;979.8;10.6;0.4;0;0;2.1;117;8;0;121.3;77;252;95;15087;97;69.3;0
LUG;01.08.1993 00:00;17.6;27.3;22.3;0.2;-0.2;0.5;0;17.7;26;-0.7;0;3;31;980.1;12.1;0.3;3;0;1.9;112;6;0;39.9;25;232;102;15469;105;124.8;0
LUG;01.09.1993 00:00;13.5;20;16.5;-1.4;-0.7;-2.1;0;14.6;0;-0.5;0;0;23.6;977.1;7.6;-3.6;0;17.3;1.8;113;14;0;359.6;218;131;79;7596;66;5.6;1.3
LUG;01.10.1993 00:00;9.1;14.7;11.7;-1.5;-1.1;-2.2;0;12.3;0;0.2;0;0;19.4;978.8;4.9;-2.9;0;162;1.7;113;21;0;366.3;245;67;66;5202;61;0;34
LUG;01.11.1993 00:00;4.2;9.4;6.7;-1.7;-1.5;-2.2;4;7.8;0;-0.7;0;0;14.6;982.1;-1.1;1.2;0;398.6;1.5;100;6;0;67.4;40;55;89;4776;76;0;158.6
LUG;01.12.1993 00:00;1.9;7.9;4.7;0.1;-0.1;0.2;5;5.9;0;-0.3;0;0;13.2;978;-1.1;-4.9;0;475.3;1.6;107;4;0;33.9;42;55;110;7532;117;0;227.3
LUG;01.01.1994 00:00;1.8;8;4.5;0.7;0.6;0.9;3;6.2;0;0.4;0;0;16.3;979.7;-1.3;-3.5;0;482;1.6;107;8;0;241;368;60;96;7219;97;0;234
LUG;01.02.1994 00:00;1.3;7.1;3.8;-1.2;-0.6;-1.9;10;6;0;0.1;2;0;13.7;980.2;-3.5;-1.4;0;454.6;1.6;94;9;0;122.4;200;76;78;5402;63;0;230.6
LUG;01.03.1994 00:00;7;17;11.1;2.2;1.8;3.5;0;8.2;0;1;0;0;24.5;982.8;3.1;2.8;0;205.5;1.9;90;1;0;20.4;27;163;109;14404;125;0;37.5
LUG;01.04.1994 00:00;7.2;15.5;11.1;-1.2;-1.3;-1.2;0;8.5;0;-0.9;0;0;23.1;974.3;1.8;-3.8;0;224.9;2.2;110;10;0;116.3;84;176;95;10236;94;0;48.9
LUG;01.05.1994 00:00;12.7;19.6;15.8;-0.5;0.3;-1.2;0;13.5;1;0.7;0;0;25.8;977.3;8.6;-1.9;0;0;1.7;94;15;0;260.1;146;176;79;9136;76;2.1;0
LUG;01.06.1994 00:00;15.4;24.4;19.8;-0.6;-0.7;-0.5;0;15.7;14;-0.7;0;1;30.7;980.9;10.1;1.3;1;0;2.1;117;5;0;66.7;39;243;94;13375;97;60.2;0
LUG;01.07.1994 00:00;19.4;29;24.1;1.5;1.4;1.7;0;20;30;1.9;0;12;31.6;979.8;16.3;0.4;10;0;1.8;100;5;0;32.7;21;278;105;14636;94;180.1;0
LUG;01.08.1994 00:00;18.3;28.3;23.2;1.1;0.5;1.5;0;18;28;-0.4;0;6;33.3;978;15.8;-1.8;7;0;1.8;106;6;0;137.9;87;238;104;15233;104;151.1;0
LUG;01.09.1994 00:00;13.7;20.6;17;-0.9;-0.5;-1.5;0;15.9;2;0.8;0;0;25.2;979;8.2;-1.7;0;8;1.6;100;14;0;433.8;263;136;82;7833;68;11.8;0
LUG;01.10.1994 00:00;8.8;16;12;-1.2;-1.4;-0.9;0;11.4;0;-0.7;0;0;22.9;981.4;4.9;-0.3;0;156.8;1.3;87;9;0;88;59;115;114;9594;113;0;28.8
LUG;01.11.1994 00:00;7.8;12.8;10;1.6;2.1;1.2;0;10.3;0;1.8;0;0;17.5;983.8;4.2;2.9;0;249.7;1.2;80;8;0;163;98;54;88;4808;76;0;65.7
LUG;01.12.1994 00:00;2.9;8.6;5.5;0.9;0.9;0.9;3;6.8;0;0.6;0;0;18.8;985.4;-0.4;2.5;0;449;1.4;93;4;0;20.2;25;51;102;6212;96;0;201
LUG;01.01.1995 00:00;0.3;6.4;3;-0.8;-0.9;-0.7;12;4.6;0;-1.2;0;0;13.9;982;-4.2;-1.2;0;528.5;2.2;147;6;0;35.7;55;69;111;8798;118;0;280.5
LUG;01.02.1995 00:00;3.3;10.3;6.2;1.2;1.4;1.3;0;6.7;0;0.8;0;0;21.1;981.1;0.7;-0.5;0;386.1;1.6;94;8;0;60.7;99;91;93;7841;92;0;162.1
LUG;01.03.1995 00:00;3.5;11.9;7.2;-1.7;-1.7;-1.6;1;5.6;0;-1.6;0;0;20.6;978.3;-0.3;-1.7;0;388.7;2.7;129;3;0;24.1;32;168;112;13227;115;0;148.7
LUG;01.04.1995 00:00;8.3;16.9;12.3;0;-0.2;0.2;0;9.1;0;-0.3;0;0;24.5;978.2;2.9;0.1;0;123.4;2.4;120;9;0;176.8;128;189;102;11867;109;0;19.4
LUG;01.05.1995 00:00;11.9;19.6;15.6;-0.7;-0.5;-1.2;0;12.2;1;-0.6;0;0;26.3;978.5;6.1;-0.7;0;26.8;2.1;117;10;0;204;115;227;101;12800;107;2.3;2.8
LUG;01.06.1995 00:00;13.8;22.1;17.9;-2.5;-2.3;-2.8;0;14.9;9;-1.5;0;0;30.8;977.9;10;-1.7;1;0;1.9;106;8;0;102.5;60;239;92;11387;83;39.7;0
LUG;01.07.1995 00:00;19.3;28.1;23.5;0.9;1.3;0.8;0;20.2;29;2.1;0;13;31.2;978.9;13;-0.5;4;0;1.7;94;6;0;57.6;36;259;98;15206;97;161.3;0
LUG;01.08.1995 00:00;17.1;25.6;21.1;-1;-0.7;-1.2;0;17.1;18;-1.3;0;3;30.2;978.5;10.2;-1.3;1;0;2.1;124;11;0;91.5;58;230;101;14026;96;89.8;0
LUG;01.09.1995 00:00;11.7;19.2;15.3;-2.6;-2.5;-2.9;0;13.3;0;-1.8;0;0;23.7;977.2;5.8;-3.5;0;9.3;1.6;100;14;0;446.8;271;144;87;9257;80;0;1.3
LUG;01.10.1995 00:00;11.4;18.6;14.5;1.3;1.2;1.7;0;13.5;0;1.4;0;0;22.5;987.4;5.5;5.7;0;55.1;1.2;80;3;0;47.2;32;116;115;11296;133;0.3;7.1
LUG;01.11.1995 00:00;5.6;11.7;8.5;0.1;-0.1;0.1;1;7.4;0;-1.1;0;0;22.4;981.6;-0.1;0.7;0;332;2.1;140;8;0;94.6;57;72;117;8316;131;0;108
LUG;01.12.1995 00:00;2.5;6.5;4.5;-0.1;0.5;-1.2;2;6.9;0;0.7;0;0;9.3;979.5;-0.7;-3.4;0;481.6;1.2;80;9;0;70.3;88;38;76;4048;63;0;233.6
LUG;01.01.1996 00:00;2.7;6.4;4.3;0.5;1.5;-0.7;1;7.2;0;1.4;0;0;11.8;980.5;-0.2;-2.7;0;485.2;1.1;73;12;0;209.5;320;40;64;4143;56;0;237.2
LUG;01.02.1996 00:00;0.9;7.1;3.6;-1.4;-1;-1.9;8;5.4;0;-0.5;0;0;16.1;976.4;-2.4;-5.2;0;476.1;1.9;112;4;0;23;38;92;94;7107;83;0;244.1
LUG;01.03.1996 00:00;4;10.3;7;-1.9;-1.2;-3.2;5;6.6;0;-0.6;0;0;16.8;978.3;-1.1;-1.7;0;404.2;2.1;100;3;0;14.1;19;133;89;8690;76;0;156.2
LUG;01.04.1996 00:00;8.7;16.9;12.4;0.1;0.2;0.2;0;9.1;0;-0.3;0;0;22.6;978.8;3.4;0.7;0;68.2;1.8;90;9;0;61.5;45;183;98;10955;100;0;20.2
LUG;01.05.1996 00:00;12.2;19.4;15.5;-0.8;-0.2;-1.4;0;12.8;1;0;0;0;25.6;976.6;7.5;-2.6;0;16.9;1.9;106;15;0;158.8;89;196;88;10149;85;2.2;0.9
LUG;01.06.1996 00:00;16.4;25.5;20.8;0.4;0.3;0.6;0;15.7;16;-0.7;0;2;33.4;981.9;11.2;2.3;4;0;2;111;9;0;184.7;108;272;105;15695;114;86.5;0
LUG;01.07.1996 00:00;17.1;24.8;21;-1.6;-0.9;-2.5;0;17.1;16;-1;0;6;29.6;980.3;10.6;0.9;0;0;1.7;94;9;0;176.1;112;237;89;13660;87;87.1;0
LUG;01.08.1996 00:00;16.4;24.3;20.2;-1.9;-1.4;-2.5;0;17.6;14;-0.8;0;1;28.9;979;11.9;-0.8;0;0;1.5;88;14;0;321.4;203;218;95;13418;91;63.7;0
LUG;01.09.1996 00:00;11.1;19.1;15;-2.9;-3.1;-3;0;12.1;1;-3;0;0;25.7;976.9;7.9;-3.8;0;8;1.7;106;9;0;81.2;49;172;104;12415;108;1.4;0
LUG;01.10.1996 00:00;9.8;16.2;12.6;-0.6;-0.4;-0.7;0;11.7;0;-0.4;0;0;20.3;981.6;5.8;-0.1;0;80.8;1.3;87;11;0;177.9;119;88;87;6465;76;0;8.8
LUG;01.11.1996 00:00;5.6;11.8;8.4;0;-0.1;0.2;1;8.4;0;-0.1;0;0;17.8;977.5;-0.2;-3.4;0;337.3;1.9;127;13;0;210.5;126;58;94;5925;94;0;113.3
LUG;01.12.1996 00:00;2.4;6.7;4.5;-0.1;0.4;-1;6;7;0;0.8;4;0;12.8;977.9;-6.2;-5;0;481.5;1.1;73;11;0;101.8;127;41;82;4191;65;0;233.5
LUG;01.01.1997 00:00;1.7;6.4;3.6;-0.2;0.5;-0.7;4;6.9;0;1.1;0;0;10.3;985.6;-1.5;2.4;0;506.9;0.9;60;10;0;78.8;120;53;85;6232;84;0;258.9
LUG;01.02.1997 00:00;3;10.7;6.2;1.2;1.1;1.7;1;6;0;0.1;0;0;14.5;988.1;-0.9;6.5;0;386.4;1.7;100;0;0;0.7;1;104;106;10234;120;0;162.4
LUG;01.03.1997 00:00;6.6;16.8;11.1;2.2;1.4;3.3;0;6.7;0;-0.5;0;0;24.1;985.4;3.5;5.4;0;219.6;2.6;124;1;0;1.6;2;178;119;15985;139;0;43.6
LUG;01.04.1997 00:00;6.8;17.1;11.8;-0.5;-1.7;0.4;0;6.6;0;-2.8;0;0;23.2;979.7;3;1.6;0;166.8;2.8;140;3;0;96.8;70;243;131;18105;166;0;30.8
LUG;01.05.1997 00:00;11.8;20.8;15.9;-0.4;-0.6;0;0;12.2;6;-0.6;0;0;29.3;979.5;5.4;0.3;0;20.4;1.9;106;12;0;88.9;50;228;102;12847;107;5.1;4.4
LUG;01.06.1997 00:00;14.6;22.2;18.3;-2.1;-1.5;-2.7;0;16.4;8;0;0;2;26.7;975.7;9.2;-3.9;0;8.7;1.6;89;18;0;382.7;223;205;79;9474;69;32.6;0.7
LUG;01.07.1997 00:00;16;25.5;20.7;-1.9;-2;-1.8;0;15.9;23;-2.2;0;0;30.4;979.5;11.2;0.1;3;0;2;111;9;0;138.8;88;267;101;15069;96;83.4;0
LUG;01.08.1997 00:00;18.1;26.3;22.1;0;0.3;-0.5;0;18.9;28;0.5;0;2;29;980.9;12.7;1.1;0;0;1.8;106;9;0;41.2;26;240;105;15199;104;116.9;0
LUG;01.09.1997 00:00;15.8;23.7;19.4;1.5;1.6;1.6;0;16.7;10;1.6;0;0;28;984;11.9;3.3;0;0;1.5;94;2;0;26.8;16;179;108;13091;114;43;0
LUG;01.10.1997 00:00;10.2;17.9;13.7;0.5;0;1;0;10.9;4;-1.2;0;0;27.9;980.6;0.6;-1.1;0;114.6;1.8;120;2;0;14.9;10;122;121;11045;130;6.1;34.6
LUG;01.11.1997 00:00;5.4;11.1;7.8;-0.6;-0.3;-0.5;0;8.5;0;0;0;0;15.7;976.2;1.3;-4.7;0;358.9;1.3;87;11;0;218.7;131;56;91;5395;85;0;126.9
LUG;01.12.1997 00:00;2.7;8.1;5.3;0.7;0.7;0.4;1;6.2;0;0;0;0;16.1;979.1;-0.1;-3.8;0;457.1;1.7;113;8;0;137.2;172;46;92;5253;82;0;209.1
LUG;01.01.1998 00:00;1.6;7;3.9;0.1;0.4;-0.1;6;5.9;0;0.1;0;0;12.4;983.8;-1.9;0.6;0;500.2;1.7;113;8;0;55.6;85;65;105;7935;107;0;252.2
LUG;01.02.1998 00:00;3;11.8;6.6;1.6;1.1;2.8;6;6.4;0;0.5;0;0;19.4;989;-2.1;7.4;0;368.7;1.4;82;2;0;26.2;43;115;117;11571;135;0;152.7
LUG;01.03.1998 00:00;4.5;14.4;9;0.1;-0.7;0.9;0;5.8;0;-1.4;0;0;23.3;984.5;0.8;4.5;0;314.2;2.8;133;2;0;4.8;6;184;123;15623;136;0;98.2
LUG;01.04.1998 00:00;7.1;14.1;10.4;-1.9;-1.4;-2.6;0;9.2;0;-0.2;0;0;21;972.8;1.1;-5.3;0;225.1;1.9;95;17;0;302;219;143;77;7309;67;0;65.1
LUG;01.05.1998 00:00;12.1;20.9;16.2;-0.1;-0.3;0.1;0;12.5;5;-0.3;0;0;27.3;978.8;8.8;-0.4;0;9.4;1.9;106;10;0;172.6;97;237;106;13474;112;9.1;1.4
LUG;01.06.1998 00:00;15.2;24.4;19.8;-0.6;-0.9;-0.5;0;16.9;16;0.5;0;3;28.7;980.6;9.8;1;0;0;1.9;106;10;0;231.1;135;263;102;14423;105;60.3;0
LUG;01.07.1998 00:00;17.8;27;22.5;-0.1;-0.2;-0.3;0;18.8;24;0.7;0;8;31.3;977.1;14.2;-2.3;2;0;1.8;100;7;0;142.9;91;263;99;15900;102;130.1;0
LUG;01.08.1998 00:00;17.7;26.9;22.2;0.1;-0.1;0.1;0;18.6;25;0.2;0;6;32;979.9;11.9;0.1;4;0;1.8;106;8;0;112.2;71;232;102;15964;109;121.5;0
LUG;01.09.1998 00:00;13;20.8;16.8;-1.1;-1.2;-1.3;0;14.5;0;-0.6;0;0;24.7;977;8.5;-3.7;0;0;1.6;100;11;0;249.9;152;145;88;9793;85;7.6;0
LUG;01.10.1998 00:00;9;16.2;12.3;-0.9;-1.2;-0.7;0;10.9;0;-1.2;0;0;18.6;979.8;6.2;-1.9;0;97.7;1.6;107;11;0;171.9;115;101;100;9169;108;0;9.7
LUG;01.11.1998 00:00;2.7;10;6.1;-2.3;-3;-1.6;6;5.9;0;-2.6;0;0;16.6;980.8;-2.9;-0.1;0;417.4;1.9;127;1;0;4.1;2;73;118;8531;135;0;177.4
LUG;01.12.1998 00:00;0.9;7;3.6;-1;-1.1;-0.7;10;5.2;0;-1;0;0;16.1;986.1;-2.4;3.2;0;507.7;1.6;107;2;0;34.6;43;50;100;6651;103;0;259.7
LUG;01.01.1999 00:00;1.4;6.9;3.8;0;0.2;-0.2;3;6;0;0.2;0;0;11.7;982.3;-2;-0.9;0;503.2;1.7;113;4;0;62.1;95;67;108;9073;122;0;255.2
LUG;01.02.1999 00:00;0.6;8.7;4.1;-0.9;-1.3;-0.3;9;4.4;0;-1.5;0;0;17.3;978.2;-3.8;-3.4;0;446.2;2.8;165;0;0;0.5;1;114;116;10853;127;0;222.2
LUG;01.03.1999 00:00;5.1;12.9;8.4;-0.5;-0.1;-0.6;0;7.5;0;0.3;0;0;19.7;977.5;0.4;-2.5;0;352.5;2;95;8;0;112.7;149;134;89;10802;94;0;112.5
LUG;01.04.1999 00:00;8.2;16.5;12;-0.3;-0.3;-0.2;0;9.2;0;-0.2;0;0;21.5;977.9;3.9;-0.2;0;137.2;2.1;105;9;0;123;89;173;93;10048;92;0;25.2
LUG;01.05.1999 00:00;13.6;21.1;17.1;0.8;1.2;0.3;0;15;4;2.2;0;0;26.1;980.2;9.7;1;0;0;1.5;83;11;0;156.7;88;195;87;9571;80;15.8;0
LUG;01.06.1999 00:00;14.7;23.6;19.2;-1.2;-1.4;-1.3;0;15.4;7;-1;0;0;28.7;980.7;11.1;1.1;0;0;2.1;117;13;0;190.5;111;246;95;13064;95;35.6;0
LUG;01.07.1999 00:00;18.2;26.8;22.4;-0.2;0.2;-0.5;0;18.1;25;0;0;3;30.2;979;15.2;-0.4;1;0;2;111;7;0;133.9;85;252;95;15429;99;126.7;0
LUG;01.08.1999 00:00;17.8;24.8;21.2;-0.9;0;-2;0;20.1;16;1.7;0;2;27.4;978;13.9;-1.8;0;0;1.5;88;15;0;300.6;190;193;84;11135;76;88.6;0
LUG;01.09.1999 00:00;15.2;22.3;18.6;0.7;1;0.2;0;17.1;7;2;0;0;26.7;979.1;10.9;-1.6;0;0;1.7;106;11;0;233.3;141;137;83;9183;80;30.4;0
LUG;01.10.1999 00:00;10.1;16.3;13;-0.2;-0.1;-0.6;0;12.4;0;0.3;0;0;21.2;982.3;5.7;0.6;0;66.8;1.4;93;11;0;235;157;90;89;8046;95;0;18.8
LUG;01.11.1999 00:00;4.8;10.7;7.5;-0.9;-0.9;-0.9;1;7.3;0;-1.2;0;0;18;983.5;-0.2;2.6;0;326.4;1.9;127;12;0;97;58;61;99;7048;111;0;142.4
LUG;01.12.1999 00:00;0.6;6.7;3.5;-1.1;-1.4;-1;9;4.9;0;-1.3;0;0;11.8;979.7;-3.2;-3.2;0;510.7;1.8;120;7;0;53.2;67;48;96;6124;95;0;262.7
LUG;01.01.2000 00:00;0.2;7.4;3.4;-0.4;-1;0.3;14;4.9;0;-0.9;0;0;18;987;-4.7;3.8;0;510.5;1.9;127;0;0;0;0;72;116;9483;128;0;270.5
LUG;01.02.2000 00:00;2.9;10.6;6.1;1.1;1;1.6;0;5.8;0;-0.1;0;0;17.7;987;0;5.4;0;403.8;1.8;106;2;0;12.7;21;102;104;9534;112;0;171.8
LUG;01.03.2000 00:00;5.3;14.6;9.5;0.6;0.1;1.1;0;6.7;1;-0.5;0;0;25.2;981.9;1.6;1.9;0;297.2;2.5;119;6;0;79;105;158;105;13218;115;0.1;89.2
LUG;01.04.2000 00:00;8.5;15.6;11.5;-0.8;0;-1.1;0;10.3;0;0.9;0;0;24.5;974.6;4.4;-3.5;0;190.7;1.6;80;16;0;260.2;189;142;76;6857;63;0;46.7
LUG;01.05.2000 00:00;14;21.4;17.2;0.9;1.6;0.6;0;14.5;3;1.7;0;0;26;980.7;11.1;1.5;0;0;1.6;89;15;0;250.7;141;204;91;10665;89;8;0
LUG;01.06.2000 00:00;16.6;25.9;21.2;0.8;0.5;1;0;16;20;-0.4;0;0;30.7;982.9;13.4;3.3;1;0;1.8;100;9;0;74.9;44;268;104;17138;125;86.6;0
LUG;01.07.2000 00:00;16;24.9;20.5;-2.1;-2;-2.4;0;15.7;17;-2.4;0;1;29;976.7;10;-2.7;0;0;1.9;106;8;0;368;233;241;91;14960;96;74.3;0
LUG;01.08.2000 00:00;17.7;26.2;21.7;-0.4;-0.1;-0.6;0;18.7;23;0.3;0;4;31.5;981.4;14.3;1.6;1;0;1.5;88;9;0;89.4;57;212;93;14123;96;108.7;0
LUG;01.09.2000 00:00;14.4;22.6;18.3;0.4;0.2;0.5;0;15;3;-0.1;0;0;26.3;979.2;11;-1.5;0;0;1.7;106;6;0;211.1;128;173;104;12565;109;18;0
LUG;01.10.2000 00:00;10.9;16;13.3;0.1;0.7;-0.9;0;12.9;0;0.8;0;0;19.6;980.8;8.3;-0.9;0;41.5;1.5;100;15;0;331.2;221;74;73;5455;64;0;1.5
LUG;01.11.2000 00:00;5.2;10.2;7.5;-0.9;-0.5;-1.4;0;8.7;0;0.2;0;0;14.9;976.9;2.9;-4;0;376.1;1.3;87;17;0;368.2;221;48;78;4310;68;0;136.1
LUG;01.12.2000 00:00;3.6;7.8;5.6;1;1.6;0.1;4;7.5;0;1.3;0;0;11.7;980.2;-2;-2.7;0;446.7;1;67;12;0;103.9;130;41;82;4987;77;0;198.7
LUG;01.01.2001 00:00;1.6;6;3.5;-0.3;0.4;-1.1;7;6.2;0;0.4;0;0;11.6;980.6;-2.3;-2.6;0;510;1.2;80;13;0;127.9;195;47;76;4543;61;0;262
LUG;01.02.2001 00:00;3.1;10.1;6.2;1.2;1.2;1.1;2;6;0;0.1;0;0;19.6;981.8;-1;0.2;0;380.6;2;118;8;0;86.5;141;98;100;8892;104;0;164.6
LUG;01.03.2001 00:00;5.9;12.8;9;0.1;0.7;-0.7;1;8.7;0;1.5;0;0;21.1;973.4;-0.5;-6.6;0;319.3;1.6;76;16;0;202.8;269;114;76;7351;64;0;95.3
LUG;01.04.2001 00:00;7.5;15.6;11.4;-0.9;-1;-1.1;0;7.6;0;-1.8;0;0;20.9;976.6;3.1;-1.5;0;184.5;2.7;135;8;0;73.7;53;194;104;11124;102;0;32.5
LUG;01.05.2001 00:00;13.9;21.7;17.3;1;1.5;0.9;0;14.3;7;1.5;0;0;31;979.8;10.1;0.6;1;0;1.6;89;15;0;103.6;58;223;100;12448;104;26.8;0
LUG;01.06.2001 00:00;14.6;24.3;19.5;-0.9;-1.5;-0.6;0;13.9;13;-2.5;0;1;29.9;979.3;9.4;-0.3;0;0;2.2;122;11;0;243.5;142;278;107;15905;116;52.6;0
LUG;01.07.2001 00:00;17.5;26.5;21.8;-0.8;-0.5;-0.8;0;18.1;24;0;0;4;30.1;978.7;13.4;-0.7;2;0;1.7;94;10;0;229.8;146;257;97;14712;94;108.1;0
LUG;01.08.2001 00:00;18.5;27;22.4;0.3;0.7;0.2;0;19.6;24;1.2;0;8;30.5;980.2;13.5;0.4;1;0;1.7;100;12;0;245.5;155;235;103;15622;106;128.2;0
LUG;01.09.2001 00:00;12;19.9;15.8;-2.1;-2.2;-2.2;0;11.8;1;-3.3;0;0;25.2;977.6;7.5;-3.1;0;0;2;125;11;0;69;42;169;102;11885;103;1.8;0
LUG;01.10.2001 00:00;12.5;18.6;15.1;1.9;2.3;1.7;0;14.4;0;2.3;0;0;21.4;985.4;8.1;3.7;0;24.9;1.1;73;7;0;98.5;66;108;107;9627;114;0;0.9
LUG;01.11.2001 00:00;4.7;11.7;7.9;-0.5;-1;0.1;0;7.1;0;-1.4;0;0;19.8;982.8;1.6;1.9;0;349.1;2;133;3;0;17.5;11;78;126;8887;141;0;125.1
LUG;01.12.2001 00:00;-0.2;6.9;3;-1.6;-2.2;-0.8;19;4.4;0;-1.8;0;0;18.2;984.3;-4.4;1.4;0;527.6;2;133;0;0;0.8;1;70;139;10084;157;0;279.6
LUG;01.01.2002 00:00;-0.4;5.9;2.2;-1.6;-1.6;-1.2;20;4.8;0;-1;0;0;9;990.6;-3.8;7.4;0;550.4;1.2;80;2;0;19.1;29;71;114;9189;124;0;302.4
LUG;01.02.2002 00:00;3.4;10;6.2;1.2;1.5;1;0;6.5;0;0.6;0;0;15;982;0.6;0.4;0;387.6;1.6;94;5;0;112.8;184;103;105;9037;106;0;163.6
LUG;01.03.2002 00:00;6.6;14.8;10.2;1.3;1.4;1.3;0;7.4;2;0.2;0;0;26.7;981.8;3.1;1.8;0;287.3;2.1;100;5;0;66.3;88;161;107;12659;110;0;71.3
LUG;01.04.2002 00:00;8.7;16.1;12.1;-0.2;0.2;-0.6;0;9;0;-0.4;0;0;24.2;977.8;5.6;-0.3;0;157.7;1.8;90;14;0;65.5;47;177;95;9623;88;0;29.7
LUG;01.05.2002 00:00;11.3;19.6;15.2;-1.1;-1.1;-1.2;0;13.1;1;0.3;0;0;25.1;978.7;5.9;-0.5;0;41.1;1.6;89;15;0;426.4;240;194;87;10054;84;2.9;9.1
LUG;01.06.2002 00:00;17.2;25.9;21.5;1.1;1.1;1;0;18.4;18;2;0;9;31.6;980.3;11.6;0.7;7;0;1.7;94;10;0;140.7;82;267;103;14157;103;108.2;0
LUG;01.07.2002 00:00;16.9;25.5;21;-1.6;-1.1;-1.8;0;18.1;20;0;0;0;29;978.2;13.1;-1.2;0;0;1.6;89;13;0;230.6;146;237;89;13410;86;86.2;0
LUG;01.08.2002 00:00;16.5;24.8;20.6;-1.5;-1.3;-2;0;18.1;18;-0.3;0;0;29.6;977.9;12.7;-1.9;0;0;1.5;88;18;0;210.2;133;214;94;12572;86;76.3;0
LUG;01.09.2002 00:00;13.3;20.7;16.8;-1.1;-0.9;-1.4;0;14.6;1;-0.5;0;0;25.7;979.7;8;-1;0;8.2;1.6;100;9;0;187.1;113;163;98;10398;90;7.1;0.2
LUG;01.10.2002 00:00;9.6;17.2;13.1;-0.1;-0.6;0.3;0;11.4;0;-0.7;0;0;20.1;979.3;4.9;-2.4;0;77;1.3;87;5;0;65.7;44;110;109;9268;109;0;13
LUG;01.11.2002 00:00;7.2;13;9.9;1.5;1.5;1.4;0;9.4;0;0.9;0;0;18.1;976.1;2.4;-4.8;0;288.7;1.7;113;17;0;535.8;322;49;79;4415;70;0;64.7
LUG;01.12.2002 00:00;3.5;7.9;5.7;1.1;1.5;0.2;1;7.5;0;1.3;0;0;11.7;981.2;-0.8;-1.7;0;441.6;1;67;7;0;45.2;57;40;80;3782;59;0;193.6
LUG;01.01.2003 00:00;0.4;7.5;3.6;-0.2;-0.8;0.4;11;5.3;0;-0.5;0;0;18.2;978.5;-3.3;-4.7;0;508.8;1.8;120;2;0;44.7;68;72;116;8354;112;0;260.8
LUG;01.02.2003 00:00;-1.2;7.1;2.3;-2.7;-3.1;-1.9;23;4.2;0;-1.7;0;0;12.4;984.4;-4;2.8;0;495;1.9;112;2;0;10.1;16;117;119;10533;123;0;271
LUG;01.03.2003 00:00;4.7;14.9;9.3;0.4;-0.5;1.4;0;7;0;-0.2;0;0;21;986.2;1.1;6.2;0;303.1;1.9;90;2;0;2.6;3;180;120;14069;122;0;87.1
LUG;01.04.2003 00:00;7.6;16.1;11.6;-0.7;-0.9;-0.6;1;8.9;0;-0.5;0;0;22.6;979.9;-1.2;1.8;0;159.2;2.1;105;9;0;72.4;52;190;102;10085;92;0;47.2
LUG;01.05.2003 00:00;13.7;23.5;18.2;1.9;1.3;2.7;0;13;12;0.2;0;0;27.7;982;9.1;2.8;0;0;1.8;100;9;0;131.2;74;257;115;13632;114;26.1;0
LUG;01.06.2003 00:00;19.5;29.9;24.5;4.1;3.4;5;0;19.5;30;3.1;0;9;33.1;980;15.8;0.4;17;0;1.7;94;7;0;126.1;74;297;115;17395;127;187.9;0
LUG;01.07.2003 00:00;18.6;28.7;23.6;1;0.6;1.4;0;18.6;29;0.5;0;10;31.7;979.1;14.2;-0.3;10;0;1.7;94;10;0;203.9;129;265;100;16206;104;163.9;0
LUG;01.08.2003 00:00;19.7;30.9;24.8;2.7;1.9;4.1;0;19.4;31;1;0;14;35.9;980.2;15.2;0.4;20;0;1.7;100;8;1;72.8;46;243;106;17119;117;202;0
LUG;01.09.2003 00:00;13.5;23;17.9;0;-0.7;0.9;0;12.8;8;-2.3;0;0;27.5;983.8;10.3;3.1;0;0;1.8;113;6;0;44.1;27;175;106;13155;114;15.4;0
LUG;01.10.2003 00:00;8.1;15.4;11.4;-1.8;-2.1;-1.5;0;9.8;1;-2.3;0;0;26.2;977.6;0.2;-4.1;0;205.6;1.6;107;12;0;120.8;81;106;105;8819;104;0;61.6
LUG;01.11.2003 00:00;5.6;11.1;8.1;-0.3;-0.1;-0.5;0;9.1;0;0.6;0;0;14.9;983.5;2;2.6;0;355.5;1;67;12;0;179.4;108;53;86;5375;85;0;115.5
LUG;01.12.2003 00:00;1.6;7.8;4.5;-0.1;-0.4;0.1;9;6.1;0;-0.1;0;0;16.5;983.8;-3.6;0.9;0;479.4;1.6;107;9;0;158.7;199;47;94;6131;95;0;231.4
LUG;01.01.2004 00:00;0.9;6.9;3.4;-0.4;-0.3;-0.2;8;5.4;0;-0.4;0;0;14.8;975.9;-2;-7.3;0;514.9;1.6;107;4;0;14;21;62;100;6790;91;0;266.9
LUG;01.02.2004 00:00;1.6;8.6;4.5;-0.5;-0.3;-0.4;5;5.5;0;-0.4;0;0;16.8;982.1;-2.1;0.5;0;448.6;2;118;6;0;98.3;160;91;93;7773;91;0;216.6
LUG;01.03.2004 00:00;4.2;11.6;7.6;-1.3;-1;-1.9;2;6.8;0;-0.4;0;0;20.8;983.9;-1.2;3.9;0;375.8;2.1;100;4;0;41.8;55;139;93;9305;81;0;135.8
LUG;01.04.2004 00:00;7.7;16.1;11.5;-0.8;-0.8;-0.6;0;9.2;1;-0.2;0;0;25.9;977.1;2.7;-1;0;182.7;1.8;90;13;0;204.2;148;176;95;9868;90;0;38.7
LUG;01.05.2004 00:00;10.3;19.1;14.5;-1.8;-2.1;-1.7;0;11.4;2;-1.4;0;0;26.1;977.6;4.3;-1.6;0;68.7;1.9;106;9;0;173.1;97;237;106;12703;106;2.2;12.7
LUG;01.06.2004 00:00;16.5;25.7;21;0.6;0.4;0.8;0;14.9;19;-1.5;0;2;30.7;980.1;11.6;0.5;1;0;2.1;117;4;0;17.3;10;285;110;14872;108;87;0
LUG;01.07.2004 00:00;17.7;26.6;22.1;-0.5;-0.3;-0.7;0;17.3;25;-0.8;0;4;32.4;979.8;13.2;0.4;3;0;1.7;94;5;0;106.1;67;262;99;14662;94;119.7;0
LUG;01.08.2004 00:00;17.4;25.9;21.4;-0.7;-0.4;-0.9;0;18.1;21;-0.3;0;3;30.4;978.5;14.1;-1.3;2;0;1.7;100;16;0;205.5;130;215;94;12716;87;97;0
LUG;01.09.2004 00:00;15.2;23;18.9;1;1;0.9;0;15.2;8;0.1;0;0;28.4;983.3;9.5;2.6;0;0;1.6;100;5;0;57;35;176;106;12473;108;37.9;0
LUG;01.10.2004 00:00;12;16.8;14.1;0.9;1.8;-0.1;0;14.1;0;2;0;0;22.1;979.8;5.1;-1.9;0;85.9;1.1;73;18;0;226.3;151;71;70;3792;45;0;13.9
LUG;01.11.2004 00:00;5.4;12;8.2;-0.2;-0.3;0.4;0;7.7;0;-0.8;0;0;17.4;982.2;1.4;1.3;0;316.4;1.8;120;7;0;174;104;71;115;7261;115;0;124.4
LUG;01.12.2004 00:00;2;7.6;4.4;-0.2;0;-0.1;5;6.2;0;0;0;0;10.3;983.6;-2.3;0.7;0;482.2;1.3;87;5;0;55.3;69;53;106;6865;107;0;234.2
LUG;01.01.2005 00:00;0.3;7.2;3.4;-0.4;-0.9;0.1;12;4.7;0;-1.1;0;0;14.3;985.1;-4.6;1.9;0;513.5;2.3;153;1;0;5.3;8;79;127;10576;142;0;265.5
LUG;01.02.2005 00:00;0.5;7.3;3.5;-1.5;-1.4;-1.7;12;4.3;0;-1.6;0;0;14.3;978.9;-3.3;-2.7;0;460.6;2.6;153;2;0;7;11;105;107;8582;100;0;236.6
LUG;01.03.2005 00:00;4.5;12.9;8.3;-0.6;-0.7;-0.6;7;7;1;-0.2;1;0;27.3;980.3;-5.3;0.3;0;333;2.1;100;7;0;74.4;99;154;103;11647;101;0;125
LUG;01.04.2005 00:00;8.1;15.6;11.4;-0.9;-0.4;-1.1;0;9.5;0;0.1;0;0;23.5;979;5.2;0.9;0;223;1.8;90;8;0;139.4;101;174;94;9760;89;0;39
LUG;01.05.2005 00:00;12.9;21.9;17.2;0.9;0.5;1.1;0;12.4;7;-0.4;0;0;28.8;980.2;8.8;1;0;0;1.9;106;9;0;86.6;49;244;109;13880;116;25.5;0
LUG;01.06.2005 00:00;17;26.1;21.5;1.1;0.9;1.2;0;16.9;18;0.5;0;6;32.6;981.2;10.3;1.6;7;0;1.8;100;7;0;60.8;35;283;109;16142;118;104.3;0
LUG;01.07.2005 00:00;18.2;27.4;23;0.4;0.2;0.1;0;17;25;-1.1;0;10;31.4;978.4;11.5;-1;4;0;2;111;6;0;90.4;57;264;100;14836;95;145.6;0
LUG;01.08.2005 00:00;16.9;25.3;21;-1.1;-0.9;-1.5;0;15.6;20;-2.8;0;2;28.8;978.9;14.6;-0.9;0;0;2;118;7;0;115.3;73;225;98;13956;95;84.4;0
LUG;01.09.2005 00:00;15.4;22.2;18.5;0.6;1.2;0.1;0;16.7;4;1.6;0;1;28.8;981.9;12.2;1.2;0;0;1.4;88;13;0;191.9;116;160;97;10374;90;25.3;0
LUG;01.10.2005 00:00;10.6;16.2;13.1;-0.1;0.4;-0.7;0;12.6;0;0.5;0;0;19.9;986.1;8.4;4.4;0;42.6;1.1;73;9;0;72.3;48;85;84;6638;78;0;2.6
LUG;01.11.2005 00:00;5;10.8;7.7;-0.7;-0.7;-0.8;7;8.2;0;-0.3;0;0;17;981.8;-1.6;0.9;0;333.2;1.5;100;7;0;31;19;66;107;7531;119;0;133.2
LUG;01.12.2005 00:00;-0.1;5.7;2.4;-2.2;-2.1;-2;16;5.1;0;-1.1;0;0;12;980.4;-5.5;-2.5;0;545.3;1.5;100;6;0;77.8;97;54;108;7155;111;0;297.3
LUG;01.01.2006 00:00;-0.5;5.3;2.1;-1.7;-1.7;-1.8;19;5;0;-0.8;1;0;12.3;987.2;-3.4;4;0;556.4;1.3;87;3;0;60;92;66;106;8114;109;0;308.4
LUG;01.02.2006 00:00;1;6.7;3.5;-1.5;-0.9;-2.3;8;5.8;0;-0.1;0;0;10.7;977.5;-2.4;-4.1;0;461.5;1.3;76;6;0;92.1;150;89;91;7117;83;0;237.5
LUG;01.03.2006 00:00;3.9;11.1;7.1;-1.8;-1.3;-2.4;3;6.4;0;-0.8;0;0;19.4;975.7;-1.1;-4.3;0;393.5;2.2;105;7;0;40.3;53;154;103;11833;103;0;153.5
LUG;01.04.2006 00:00;9;17;12.4;0.1;0.5;0.3;0;9.6;0;0.2;0;0;21.9;977.8;4.8;-0.3;0;128.3;2;100;8;0;98.9;72;199;107;11580;106;0;24.3
LUG;01.05.2006 00:00;12.8;20.9;16.7;0.4;0.4;0.1;0;12.8;3;0;0;0;28.2;980.7;9.1;1.5;0;0;1.8;100;8;0;91.1;51;223;100;10937;91;8.8;0
LUG;01.06.2006 00:00;17.2;26.5;21.6;1.2;1.1;1.6;0;14.7;18;-1.7;0;3;31;982.9;11.5;3.3;5;0;2.2;122;5;0;93.4;54;279;108;15321;112;104.1;0
LUG;01.07.2006 00:00;19.8;29.9;24.4;1.8;1.8;2.6;0;19.4;29;1.3;0;15;34.4;982.5;16.4;3.1;17;0;1.6;89;6;0;104.7;66;280;106;17182;110;187.9;0
LUG;01.08.2006 00:00;15.6;24.5;20;-2.1;-2.2;-2.3;0;14.8;12;-3.6;0;2;29.9;975.4;11;-4.4;0;0;2.1;124;13;0;275.2;174;225;98;13504;92;59.9;0
LUG;01.09.2006 00:00;15.4;23.7;19.2;1.3;1.2;1.6;0;16.9;7;1.8;0;0;28.9;980.9;12.2;0.2;0;0;1.2;75;7;0;169.4;103;162;98;11814;103;37.8;0
LUG;01.10.2006 00:00;11.7;18.4;14.8;1.6;1.5;1.5;0;13.6;0;1.5;0;0;22.9;982.8;9.1;1.1;0;8.6;1.3;87;6;0;67.6;45;102;101;9130;108;0.9;0.6
LUG;01.11.2006 00:00;6.9;13.1;9.7;1.3;1.2;1.5;0;8.7;0;0.2;0;0;20.2;985.3;1.9;4.4;0;285.6;1.5;100;5;0;46.7;28;65;105;7070;112;0;69.6
LUG;01.12.2006 00:00;2.9;8.5;5.4;0.8;0.9;0.8;4;7.2;0;1;0;0;11.9;990.7;-1.1;7.8;0;452.4;1.2;80;6;0;158.9;199;51;102;7464;116;0;204.4
LUG;01.01.2007 00:00;3.4;9.6;6.3;2.5;2.2;2.5;2;6.9;0;1.1;0;0;23.1;984.8;-2;1.6;0;408.6;1.5;100;4;0;60.6;93;60;96;7544;102;0;176.6
LUG;01.02.2007 00:00;3.8;11.3;7.1;2.1;1.9;2.3;0;7.1;0;1.2;0;0;19.5;978.2;1.3;-3.4;0;361.2;1.4;82;3;0;17.9;29;87;89;7258;85;0;137.2
LUG;01.03.2007 00:00;6.5;14.3;9.9;1;1.3;0.8;0;7.1;0;-0.1;0;0;18.9;978.5;3.6;-1.5;0;290.8;2.4;114;7;0;43.8;58;149;99;11354;99;0;66.8
LUG;01.04.2007 00:00;11.5;20.4;15.6;3.3;3;3.7;0;11.7;1;2.3;0;0;25.8;982.7;7.2;4.6;0;47.5;1.8;90;2;0;8.6;6;223;120;15151;139;2.8;7.5
LUG;01.05.2007 00:00;13.5;22.1;17.6;1.3;1.1;1.3;0;12.8;9;0;0;0;29;976.2;9.4;-3;0;16.4;1.8;100;11;0;170;96;222;99;12402;103;30.9;0.4
LUG;01.06.2007 00:00;16;24.1;19.9;-0.5;-0.1;-0.8;0;17.5;12;1.1;0;0;28.8;977.8;11.1;-1.8;0;0;1.6;89;13;0;224.4;131;243;94;11232;82;58.1;0
LUG;01.07.2007 00:00;17.5;27.6;22.6;0;-0.5;0.3;0;15.4;25;-2.7;0;6;31.8;978.8;12.6;-0.6;10;0;1.8;100;5;0;75.5;48;288;109;18232;117;135;0
LUG;01.08.2007 00:00;16.6;25.1;20.6;-1.5;-1.2;-1.7;0;17.3;18;-1.1;0;2;29.9;978.8;11.3;-1;0;0;1.5;88;13;0;306.7;194;211;92;12780;87;83.5;0
LUG;01.09.2007 00:00;13;21.5;17.1;-0.8;-1.2;-0.6;0;12.7;3;-2.4;0;0;27.8;981.9;8.7;1.2;0;28.9;2;125;7;0;123.1;75;187;113;14003;122;17.9;4.9
LUG;01.10.2007 00:00;10.2;17.4;13.5;0.3;0;0.5;0;11.7;0;-0.4;0;0;22.8;984.6;4;2.9;0;88.9;1.5;100;3;0;15.5;10;125;124;11599;137;0;16.9
LUG;01.11.2007 00:00;4.6;11.6;7.9;-0.5;-1.1;0;3;6.6;0;-1.9;0;0;19.1;981.7;-1;0.8;0;348.9;1.9;127;4;0;89.3;54;75;122;8938;141;0;124.9
LUG;01.12.2007 00:00;1.5;7.8;4.3;-0.3;-0.5;0.1;11;5.5;0;-0.7;0;0;13.7;986.8;-2.6;3.9;0;485.4;1.5;100;1;0;7.8;10;60;120;8532;132;0;237.4
LUG;01.01.2008 00:00;2;7.9;4.5;0.7;0.8;0.8;2;6.6;0;0.8;0;0;21;986.8;-1.3;3.6;0;479.2;1.2;80;8;0;136;208;59;95;6963;94;0;231.2
LUG;01.02.2008 00:00;2.4;10;5.7;0.7;0.5;1;3;6.7;0;0.8;0;0;16.2;991.1;-2.2;9.5;0;415.8;1.3;76;3;0;36.6;60;106;108;10202;119;0;183.8
LUG;01.03.2008 00:00;5.2;13.9;9.1;0.2;0;0.4;0;6.4;0;-0.8;0;0;24.9;971.7;0.4;-8.3;0;311.3;2.5;119;6;0;78.9;105;167;111;12648;110;0;95.3
LUG;01.04.2008 00:00;7.8;15.3;11.4;-0.9;-0.7;-1.4;0;8.7;0;-0.7;0;0;23.4;975.1;3.9;-3;0;194.1;2;100;14;0;223.1;162;169;91;9327;85;0;42.1
LUG;01.05.2008 00:00;12.5;20;16;-0.3;0.1;-0.8;0;13.8;1;1;0;0;25.5;979.4;7.5;0.2;0;0;1.4;78;15;0;267.3;151;209;93;10156;85;3.1;0
LUG;01.06.2008 00:00;16.2;24.1;19.9;-0.5;0.1;-0.8;0;18;13;1.6;0;6;31.7;979.7;12.4;0.1;2;0;1.3;72;13;0;182;106;234;90;11206;82;69.6;0
LUG;01.07.2008 00:00;17;25.8;21.4;-1.2;-1;-1.5;0;17.8;23;-0.3;0;0;28.9;979.2;12.9;-0.2;0;0;1.7;94;13;0;359;227;254;96;14719;94;96.5;0
LUG;01.08.2008 00:00;17.6;26.3;21.8;-0.3;-0.2;-0.5;0;18.2;24;-0.2;0;2;30.4;978.9;15.1;-0.9;1;0;1.5;88;8;0;110;70;232;102;15106;103;107.6;0
LUG;01.09.2008 00:00;13;20.5;16.6;-1.3;-1.2;-1.6;0;14.8;3;-0.3;0;0;26;980.7;8.4;0;0;0;1.6;100;8;0;188.7;114;156;94;10043;87;18.7;0
LUG;01.10.2008 00:00;10.3;17.6;13.5;0.3;0.1;0.7;0;12.4;0;0.3;0;0;22.5;982.8;6.1;1.1;0;48.4;1.4;93;9;0;201.1;134;102;101;8819;104;0;8.4
LUG;01.11.2008 00:00;5.2;11.1;7.9;-0.5;-0.5;-0.5;3;8.8;0;0.3;0;0;18.8;980.1;-0.3;-0.8;0;341.1;1.4;93;12;0;246.1;148;57;92;5014;79;0;125.1
LUG;01.12.2008 00:00;1.5;6.9;4;-0.6;-0.5;-0.8;7;6.5;0;0.3;0;0;19.5;981.4;-4;-1.5;0;496.9;1.3;87;14;0;159.8;200;42;84;5115;79;0;248.9
LUG;01.01.2009 00:00;0.3;5.3;2.6;-1.2;-0.9;-1.8;12;5.9;0;0.1;0;0;8.2;978.1;-2.6;-5.1;0;539.3;1;67;6;0;48.7;74;53;85;5642;76;0;291.3
LUG;01.02.2009 00:00;1.9;8.8;4.9;-0.1;0;-0.2;2;5.3;0;-0.6;0;0;14.6;976.5;-1.7;-5.1;0;421.6;2.2;129;7;0;155.2;253;106;108;9536;112;0;197.6
LUG;01.03.2009 00:00;5.2;13.7;9;0.1;0;0.2;0;6.5;0;-0.7;0;0;22.2;976.5;0.7;-3.5;0;327.2;2.3;110;8;0;109.9;146;155;103;12076;105;0;95.2
LUG;01.04.2009 00:00;8.9;17.2;12.6;0.3;0.4;0.5;0;10.5;1;1.1;0;0;25.2;978.7;5.9;0.6;0;123.8;1.5;75;12;0;257.3;186;175;94;9510;87;0;19.8
LUG;01.05.2009 00:00;14;23.7;18.7;2.4;1.6;2.9;0;13.3;11;0.5;0;0;30.9;982.5;8.3;3.3;2;0;1.8;100;6;0;67;38;260;116;15208;127;40.7;0
LUG;01.06.2009 00:00;16.1;25.3;20.6;0.2;0;0.4;0;15.4;18;-1;0;1;29;978;11.4;-1.6;0;0;2.2;122;8;0;107.5;63;274;106;14786;108;76.5;0
LUG;01.07.2009 00:00;17.3;26.9;22.2;-0.4;-0.7;-0.4;0;17.9;24;-0.2;0;3;30.1;980.3;11.1;0.9;2;0;1.6;89;11;0;396.8;251;279;105;16565;106;121.2;0
LUG;01.08.2009 00:00;18.9;27.7;23.1;1;1.1;0.9;0;19.8;27;1.4;0;10;31.2;981.6;14.6;1.8;6;0;1.4;82;7;0;75.8;48;241;105;16558;113;148.1;0
LUG;01.09.2009 00:00;15.2;23.1;18.8;0.9;1;1;0;16.4;4;1.3;0;0;27.8;983.1;12.4;2.4;0;0;1.4;88;8;0;121.4;74;176;106;13299;115;26.9;0
LUG;01.10.2009 00:00;9.8;17.2;13.2;0;-0.4;0.3;0;11;0;-1.1;0;0;23;981;3.6;-0.7;0;144.4;1.7;113;3;0;61.4;41;118;117;11034;130;1.5;24.4
LUG;01.11.2009 00:00;6.3;11.6;8.8;0.4;0.6;0;0;9.5;0;1;0;0;16.1;978.8;2.8;-2.1;0;334.6;1.1;73;7;0;151.1;91;56;91;5520;87;0;94.6
LUG;01.12.2009 00:00;1.1;6.6;3.5;-1.1;-0.9;-1.1;11;5.6;0;-0.6;0;0;14.9;973.4;-5.2;-9.5;0;510.1;1.5;100;13;0;127.6;160;48;96;5248;81;0;262.1
LUG;01.01.2010 00:00;-0.1;4.7;2.1;-1.7;-1.3;-2.4;16;5.2;0;-0.6;0;0;12.1;976.8;-2.7;-6.4;0;555.6;1.5;100;3;0;34.3;52;53;85;4862;65;0;307.6
LUG;01.02.2010 00:00;1.5;7.2;4.1;-0.9;-0.4;-1.8;6;6.1;0;0.2;0;0;12.3;970.8;-2.5;-10.8;0;444.7;1.4;82;10;0;92.3;151;88;90;6598;77;0;220.7
LUG;01.03.2010 00:00;4.2;11.2;7.4;-1.5;-1;-2.3;3;7.3;0;0.1;0;0;18.6;980.9;-1;0.9;0;383.2;1.9;90;10;0;109.1;145;130;87;8796;76;0;143.2
LUG;01.04.2010 00:00;8;16.8;11.9;-0.4;-0.5;0.1;0;9.4;0;0;0;0;23.5;981.6;2.7;3.5;0;163;1.9;95;10;0;65.4;47;200;108;12498;114;0;43
LUG;01.05.2010 00:00;11.7;18.8;15;-1.3;-0.7;-2;0;11.7;3;-1.1;0;0;25.5;976;6.4;-3.2;0;53.3;2.3;128;17;0;344.9;194;202;90;10486;87;5.4;5.3
LUG;01.06.2010 00:00;16.4;24.2;20.2;-0.2;0.3;-0.7;0;16.6;13;0.2;0;2;28.8;977.5;12.4;-2.1;0;0;1.8;100;12;0;122.3;71;248;96;11930;87;67.1;0
LUG;01.07.2010 00:00;19.8;28.8;24.4;1.8;1.8;1.5;0;19;30;0.9;0;16;31.8;980.3;15;0.9;11;0;1.9;106;6;0;160.8;102;291;110;17868;114;188.8;0
LUG;01.08.2010 00:00;16.7;25.2;21;-1.1;-1.1;-1.6;0;17.6;19;-0.8;0;3;29.4;979;11.8;-0.8;0;0;1.7;100;7;0;191.3;121;221;97;13940;95;91.4;0
LUG;01.09.2010 00:00;13;21.4;17.1;-0.8;-1.2;-0.7;0;14.3;0;-0.8;0;0;24.8;979.1;7.9;-1.6;0;0;1.5;94;8;0;190.7;116;175;106;12708;110;9.7;0
LUG;01.10.2010 00:00;9;15.3;11.8;-1.4;-1.2;-1.6;0;11.1;0;-1;0;0;21.4;979.6;3.4;-2.1;0;178.6;1.3;87;7;0;193.6;129;94;93;7487;88;0;42.6
LUG;01.11.2010 00:00;5.6;10.4;7.8;-0.6;-0.1;-1.2;2;9;0;0.5;0;0;16.3;972.9;-0.4;-8;0;365.1;1.3;87;17;0;211.4;127;49;79;4339;69;0;125.1
LUG;01.12.2010 00:00;0.4;5.2;2.6;-2;-1.6;-2.5;14;5.1;0;-1.1;1;0;13;976.1;-5;-6.8;0;538.4;1.9;127;9;0;138.1;173;43;86;5425;84;0;290.4
LUG;01.01.2011 00:00;0.9;6.3;3.2;-0.6;-0.3;-0.8;10;5.9;0;0.1;0;0;12.5;983.7;-2.6;0.5;0;522.2;1.1;73;4;0;44;67;59;95;7121;96;0;274.2
LUG;01.02.2011 00:00;2.5;9.3;5.4;0.4;0.6;0.3;0;6.5;0;0.6;0;0;13;981.4;0;-0.2;0;408.7;1.1;65;3;0;44.6;73;97;99;8856;104;0;184.7
LUG;01.03.2011 00:00;5.3;13.4;8.6;-0.3;0.1;-0.1;1;8;0;0.8;0;0;20.3;985.2;-0.2;5.2;0;339.5;1.7;81;7;0;88.7;117;141;94;10690;93;0;107.5
LUG;01.04.2011 00:00;11.1;20.8;15.4;3.1;2.6;4.1;0;9.7;4;0.3;0;0;31.6;981.2;8.7;3.1;2;16.5;2.1;105;4;0;23.9;17;226;122;15299;140;9.5;0.5
LUG;01.05.2011 00:00;13.6;23.9;18.5;2.2;1.2;3.1;0;12.6;12;-0.2;0;0;28.9;982.3;9.6;3.1;0;0;1.8;100;7;0;106.8;60;267;119;15929;133;31.1;0
LUG;01.06.2011 00:00;15.8;23.7;19.6;-0.8;-0.3;-1.2;0;17;12;0.6;0;0;30.5;980.3;12.3;0.7;1;0;1.5;83;16;0;185.9;108;219;85;10789;79;52.8;0
LUG;01.07.2011 00:00;16.5;25.5;20.8;-1.8;-1.5;-1.8;0;16.8;19;-1.3;0;1;29.6;976.4;12.8;-3;0;0;1.7;94;15;0;261.3;165;238;90;13806;88;79.4;0
LUG;01.08.2011 00:00;18.6;28.1;23;0.9;0.8;1.3;0;18.4;29;0;0;10;32.7;980.1;14.4;0.3;9;0;1.5;88;4;0;70.3;44;236;103;16844;115;146.9;0
LUG;01.09.2011 00:00;16.3;25.2;20.3;2.4;2.1;3.1;0;17.3;17;2.2;0;0;28.3;982;11.6;1.3;0;0;1.6;100;5;0;82.5;50;174;105;13723;119;64.1;0
LUG;01.10.2011 00:00;9.7;17.9;13.5;0.3;-0.5;1;0;10.7;5;-1.4;0;0;25.8;985.4;4.5;3.7;0;154.1;1.7;113;4;0;52.5;35;127;126;12157;143;6.9;26.1
LUG;01.11.2011 00:00;5.6;12;8.3;-0.1;-0.1;0.4;0;9.1;0;0.6;0;0;15.6;987.6;2.4;6.7;0;335.4;1.1;73;6;0;205.2;123;68;110;8001;127;0;111.4
LUG;01.12.2011 00:00;2.8;9.5;5.9;1.3;0.8;1.8;1;5.8;0;-0.4;0;0;16.4;982.3;-0.4;-0.6;0;438;1.5;100;3;0;13.6;17;53;106;6949;108;0;190
LUG;01.01.2012 00:00;1.3;8.5;4.5;0.7;0.1;1.4;8;5.3;0;-0.5;0;0;17.7;984.7;-1.9;1.5;0;481.5;1.7;113;5;0;55.4;85;69;111;8471;114;0;233.5
LUG;01.02.2012 00:00;-0.8;7;2.6;-2.4;-2.7;-2;15;4.8;0;-1.1;4;0;22.9;983.9;-8.5;2.3;0;489;1.9;112;2;0;5.6;9;109;111;9637;113;0;273
LUG;01.03.2012 00:00;6.9;16.9;11.3;2.4;1.7;3.4;0;7.8;2;0.6;0;0;25.5;987.6;2.7;7.6;0;211;2;95;5;0;70.8;94;169;113;14253;124;1.1;51
LUG;01.04.2012 00:00;7.6;14.6;10.8;-1.5;-0.9;-2.1;0;9.7;1;0.3;0;0;25.3;972;2.5;-6.1;0;229.1;1.8;90;19;0;293.7;213;157;84;7472;68;0;53.1
LUG;01.05.2012 00:00;12;21;16.2;-0.1;-0.4;0.2;0;12.6;7;-0.2;0;0;28.8;979.8;7.6;0.6;0;8.4;1.8;100;10;0;163.9;92;247;110;13522;113;17.1;0.4
LUG;01.06.2012 00:00;17.2;25.7;21.3;0.9;1.1;0.8;0;17.7;18;1.3;0;4;31.9;979;10.9;-0.6;3;0;1.5;83;8;0;185.5;108;253;98;13716;100;98.1;0
LUG;01.07.2012 00:00;18.1;28;23;0.4;0.1;0.7;0;17.9;31;-0.2;0;3;30.9;979;14.4;-0.4;1;0;1.7;94;8;0;78.5;50;269;102;15745;101;144.8;0
LUG;01.08.2012 00:00;19.2;28.7;23.8;1.7;1.4;1.9;0;18.8;29;0.4;0;13;33.4;981.1;13.1;1.3;9;0;1.7;100;7;0;82.2;52;237;104;15621;106;171.9;0
LUG;01.09.2012 00:00;14.7;22.7;18.5;0.6;0.5;0.6;0;14.8;7;-0.3;0;0;27.3;980.6;11.9;-0.1;0;0;1.9;119;11;0;83.9;51;157;95;10867;94;25.6;0
LUG;01.10.2012 00:00;10.4;17.6;13.7;0.5;0.2;0.7;0;12.7;0;0.6;0;0;22.4;978.4;2.1;-3.3;0;78.7;1.5;100;8;0;114.5;76;103;102;7911;93;0;22.7
LUG;01.11.2012 00:00;6.8;12.5;9.4;1;1.1;0.9;0;9.3;0;0.8;0;0;18.7;979.5;2.8;-1.4;0;310.7;1.3;87;10;0;234.6;141;65;105;6502;103;0;78.7
LUG;01.12.2012 00:00;0.9;7;3.7;-0.9;-1.1;-0.7;8;5.3;0;-0.9;0;0;14.5;980.2;-2.3;-2.7;0;505.5;1.6;107;6;0;43.1;54;54;108;7073;110;0;257.5
LUG;01.01.2013 00:00;1.9;8.3;4.8;1;0.7;1.2;3;5.8;0;0;0;0;22.3;976.9;-1.2;-6.3;0;462.3;1.6;107;5;0;38.3;58;61;98;7037;95;0;230.3
LUG;01.02.2013 00:00;0.7;7.2;3.7;-1.3;-1.2;-1.8;10;5;0;-0.9;0;0;11.4;975.8;-2.4;-5.8;0;456.7;2.1;124;8;0;36.4;59;99;101;7784;91;0;232.7
LUG;01.03.2013 00:00;3.5;9.6;6.3;-2.6;-1.7;-3.9;1;7.1;0;-0.1;0;0;16.9;971.9;-0.4;-8.1;0;424.7;1.9;90;11;0;118.4;157;118;79;7909;69;0;176.7
LUG;01.04.2013 00:00;8.4;15.5;11.6;-0.7;-0.1;-1.2;0;10.7;0;1.3;0;0;22.6;979.2;3.4;1.1;0;174.5;1.8;90;14;0;289.4;210;162;87;9013;82;0;46.5
LUG;01.05.2013 00:00;10.8;18.7;14.4;-1.9;-1.6;-2.1;0;11.3;0;-1.5;0;0;24.1;975.3;6.6;-3.9;0;36.6;1.9;106;18;0;301.7;170;197;88;9005;75;0;4.6
LUG;01.06.2013 00:00;15.7;25;20.2;-0.2;-0.4;0.1;0;15;18;-1.4;0;3;31;980.4;11.3;0.8;1;0;2.2;122;7;0;63.6;37;282;109;15058;110;69.7;0
LUG;01.07.2013 00:00;18.5;28.6;23.7;1.1;0.5;1.3;0;19.1;30;1;0;8;32.5;982.6;14.3;3.2;7;0;1.6;89;7;0;139.4;88;283;107;17329;111;166.8;0
LUG;01.08.2013 00:00;18.2;27.8;22.7;0.6;0.4;1;0;17.5;25;-0.9;0;7;32.4;981.4;14.4;1.6;8;0;1.8;106;5;0;74.3;47;245;107;16523;113;137.5;0
LUG;01.09.2013 00:00;14.7;23.3;18.8;0.9;0.5;1.2;0;15.1;9;0;0;0;27.5;979.9;10;-0.8;0;0;1.5;94;8;0;123.2;75;179;108;12970;113;36.5;0
LUG;01.10.2013 00:00;11.5;16.4;13.8;0.6;1.3;-0.5;0;13.6;0;1.5;0;0;20.7;983.9;5.5;2.2;0;46.6;1.2;80;15;0;214.6;143;65;64;3292;39;0;6.6
LUG;01.11.2013 00:00;5.9;11.8;8.7;0.3;0.2;0.2;2;8.4;0;-0.1;0;0;16.8;978.3;-0.7;-2.6;0;278.4;1.9;127;13;0;115.8;70;61;99;5919;94;0;102.4
LUG;01.12.2013 00:00;2.5;9.1;5.3;0.7;0.5;1.4;2;6.4;0;0.2;0;0;17;988.1;-0.3;5.2;0;456.3;1.3;87;9;0;198.2;248;54;108;8035;125;0;208.3
LUG;01.01.2014 00:00;2.4;7.6;4.8;1;1.2;0.5;2;6.9;0;1.1;0;0;14.9;977.4;-0.7;-5.8;0;472.2;1.1;73;14;0;222.7;340;50;80;5218;70;0;224.2
LUG;01.02.2014 00:00;3.4;8.6;5.8;0.8;1.5;-0.4;0;7.6;0;1.7;0;0;14.4;977.5;1;-4.1;0;398.5;1.1;65;15;0;277.4;453;70;71;4944;58;0;174.5
LUG;01.03.2014 00:00;6.1;15.7;10.5;1.6;0.9;2.2;0;7.7;0;0.5;0;0;24.9;980.2;0.6;0.2;0;240.6;1.9;90;5;0;86.1;114;163;109;13113;114;0;64.6
LUG;01.04.2014 00:00;9.6;18;13.5;1.2;1.1;1.3;0;10.1;0;0.7;0;0;23.2;977.4;4.4;-0.7;0;73.9;2;100;9;0;107.8;78;200;108;11906;109;0;9.9
LUG;01.05.2014 00:00;11.6;20.8;16.1;-0.2;-0.8;0;0;11.3;1;-1.5;0;0;26.4;979.2;8.1;0;0;8.7;2.2;122;6;0;135.5;76;245;110;12994;108;1.2;0.7
LUG;01.06.2014 00:00;15.6;25.2;20.3;-0.1;-0.5;0.3;0;16.4;15;0;0;1;31.4;980.3;11.9;0.7;6;0;1.7;94;13;0;161.4;94;264;102;13514;98;68.2;0
LUG;01.07.2014 00:00;16.4;24.7;20.4;-2.2;-1.6;-2.6;0;18.3;16;0.2;0;2;29.3;978.4;11.9;-1;0;0;1.6;89;14;0;361.3;229;222;84;11160;71;72.3;0
LUG;01.08.2014 00:00;16.1;23.9;19.8;-2.3;-1.7;-2.9;0;18.2;11;-0.2;0;0;29;978.8;12.5;-1;0;0;1.5;88;16;0;259.2;164;194;85;10407;71;48.5;0
LUG;01.09.2014 00:00;14.5;22.4;18.3;0.4;0.3;0.3;0;15.5;4;0.4;0;0;25.9;981.7;10.1;1;0;0;1.6;100;6;0;23.8;14;173;104;12025;104;19.3;0
LUG;01.10.2014 00:00;12.3;18.3;15.1;1.9;2.1;1.4;0;14;0;1.9;0;0;22.6;983.4;6.5;1.7;0;46.3;1.6;107;8;0;157.1;105;98;97;7624;90;0;6.3
LUG;01.11.2014 00:00;7.9;12.8;10;1.6;2.2;1.2;0;11;0;2.5;0;0;17.2;979;3.9;-1.9;0;278.2;1.3;87;19;0;586.7;352;47;76;4072;64;0;62.2
LUG;01.12.2014 00:00;4.3;9.5;6.9;2.3;2.3;1.8;4;7.5;0;1.3;0;0;13.1;983;-1.7;0.1;0;407.2;1.6;107;6;0;50.6;63;48;96;5518;86;0;159.2
LUG;01.01.2015 00:00;1.9;8.9;5.1;1.3;0.7;1.8;4;5.7;0;-0.1;0;0;15.5;981.7;-1.4;-1.5;0;462;1.8;120;6;0;130.7;200;64;103;7385;99;0;214
LUG;01.02.2015 00:00;1.7;8.8;4.9;-0.1;-0.2;-0.2;2;5.9;0;0;0;0;13.9;978.9;-0.8;-2.7;0;422.1;1.6;94;6;0;116.8;191;87;89;6930;81;0;198.1
LUG;01.03.2015 00:00;6;13.5;9.4;0.5;0.8;0;0;7.3;0;0.1;0;0;24.7;983.1;2.1;3.1;0;301.9;2.1;100;6;0;30;40;141;94;10057;87;0;85.9
LUG;01.04.2015 00:00;9;18.2;13.3;1;0.5;1.5;0;8.6;2;-0.8;0;0;26;983.2;3;5.1;0;76.3;2.4;120;7;0;114.1;83;223;120;14174;130;1.6;12.3
LUG;01.05.2015 00:00;12.9;21.5;17;0.7;0.5;0.7;0;13.5;2;0.7;0;0;26.3;979.6;8.5;0.4;0;8.1;2;111;11;0;213.2;120;227;101;11814;98;10.9;0.1
LUG;01.06.2015 00:00;16.9;25.9;21.2;0.8;0.8;1;0;17.1;16;0.7;0;1;29.9;982.2;13.1;2.6;0;0;1.6;89;10;0;84.8;49;277;107;14742;107;89.9;0
LUG;01.07.2015 00:00;21;30.6;25.8;3.2;3;3.3;0;20.4;30;2.3;0;21;33.9;979.8;17.3;0.4;20;0;1.6;89;4;0;63.2;40;284;107;17225;110;233;0
LUG;01.08.2015 00:00;18;26.9;22.4;0.3;0.2;0.1;0;18.9;22;0.5;0;6;32.8;981.2;14.2;1.4;7;0;1.5;88;9;0;110.5;70;219;96;13957;95;126.4;0
LUG;01.09.2015 00:00;13.8;21.3;17.4;-0.5;-0.4;-0.8;0;14.2;3;-0.9;0;0;25.7;981.1;9.6;0.4;0;0;1.7;106;14;0;191.6;116;147;89;9050;79;11.6;0
LUG;01.10.2015 00:00;9.9;16.6;12.8;-0.4;-0.3;-0.3;0;12.2;0;0.1;0;0;21.4;981.9;6;0.2;0;117.1;1.2;80;10;0;176.7;118;111;110;9481;112;0;13.1
LUG;01.11.2015 00:00;6.3;13.8;9.5;1.1;0.6;2.2;0;8.7;0;0.2;0;0;17.8;985.1;0.1;4.2;0;261.6;1.4;93;0;0;0.2;0;90;146;10459;165;0;77.6
LUG;01.12.2015 00:00;3.2;9.9;6.2;1.6;1.2;2.2;0;7.2;0;1;0;0;13.8;995;1.1;12.1;0;428.8;1.1;73;0;0;0.6;1;62;124;8899;138;0;180.8
LUG;01.01.2016 00:00;1.5;7.4;4.1;0.3;0.3;0.3;7;5.8;0;0;0;0;12;981;-2.6;-2.2;0;492.2;1.4;93;5;0;29.9;46;63;101;7424;100;0;244.2
LUG;01.02.2016 00:00;3.8;9.8;6.5;1.5;1.9;0.8;0;7.1;0;1.2;0;0;14.2;977.9;0.2;-3.7;0;392.2;1.4;82;12;0;146.2;238;76;78;5849;68;0;160.2
LUG;01.03.2016 00:00;5;13.2;8.7;-0.2;-0.2;-0.3;2;7.2;0;0;0;0;17.3;976.9;-0.2;-3.1;0;334.5;1.9;90;7;0;108.9;144;163;109;12073;105;0;102.5
LUG;01.04.2016 00:00;9.7;17.6;13.4;1.1;1.2;0.9;0;10.1;0;0.7;0;0;23.6;976.9;5.4;-1.2;0;44.2;2;100;9;0;71;51;185;100;9140;84;0;4.2
LUG;01.05.2016 00:00;11.4;20;15.5;-0.8;-1;-0.8;0;11.7;2;-1.1;0;0;25.7;977.8;7;-1.4;0;10.2;1.8;100;14;0;267.7;151;209;93;10806;90;4.2;2.2
LUG;01.06.2016 00:00;15.4;24.6;19.8;-0.6;-0.7;-0.3;0;16.5;15;0.1;0;1;30.4;978.7;11.6;-0.9;2;0;1.8;100;14;0;226.8;132;260;100;12125;88;57.8;0
LUG;01.07.2016 00:00;18.4;28;23;0.4;0.4;0.7;0;19.1;28;1;0;5;31.6;981.3;13.9;1.9;6;0;1.8;100;13;0;225.6;143;274;103;15956;102;146.8;0
LUG;01.08.2016 00:00;17.8;26.8;22.1;0;0;0;0;18.2;26;-0.2;0;3;29.2;983.3;14.3;3.5;0;0;1.8;106;9;0;211.5;134;246;108;16146;110;118.4;0
LUG;01.09.2016 00:00;16.3;25;20.3;2.4;2.1;2.9;0;16.6;15;1.5;0;2;30.6;983.1;12.8;2.4;1;0;1.6;100;7;0;89.6;54;188;114;13632;118;67.2;0
LUG;01.10.2016 00:00;9.1;16.2;12.3;-0.9;-1.1;-0.7;0;11.6;0;-0.5;0;0;23;984.1;4.2;2.4;0;125.1;1.3;87;12;0;126.8;85;103;102;8394;99;0;21.1
LUG;01.11.2016 00:00;6;11.3;8.6;0.2;0.3;-0.3;0;8.8;0;0.3;0;0;16;981.5;0.2;0.6;0;335.7;1.3;87;12;0;175.1;105;54;88;4395;69;0;103.7
LUG;01.12.2016 00:00;2.6;9.7;5.6;1;0.6;2;1;6.4;0;0.2;0;0;18.4;992.9;-0.3;10;0;442.5;1.3;87;1;0;1.4;2;61;122;8677;135;0;202.5
LUG;01.01.2017 00:00;-0.8;6.1;2.2;-1.6;-2;-1;22;4.2;0;-1.6;0;0;11.9;985.6;-3.7;2.4;0;551.7;1.9;127;1;0;7.1;11;73;117;9033;122;0;303.7
LUG;01.02.2017 00:00;3.4;9.4;6.2;1.2;1.5;0.4;0;7.3;0;1.4;0;0;14.2;983.7;0.8;2.1;0;387;1.3;76;8;0;99.8;163;80;82;5712;67;0;163
LUG;01.03.2017 00:00;7.1;16.1;11;2.1;1.9;2.6;0;8.4;0;1.2;0;0;24.7;981.8;3.6;1.8;0;229.8;1.9;90;7;0;71.4;95;153;102;12094;105;0;45.8
LUG;01.04.2017 00:00;8.7;18;13.3;1;0.2;1.3;0;9;0;-0.4;0;0;24.1;980.9;3.3;2.8;0;95;2.3;115;5;0;129;93;220;118;14820;136;0;15
LUG;01.05.2017 00:00;12.8;21.9;17.1;0.8;0.4;1.1;0;13.1;8;0.3;0;1;30.6;981.1;3.9;1.9;1;49.7;1.6;89;9;0;119.6;67;250;112;14297;119;40.2;9.7
LUG;01.06.2017 00:00;17.8;27.1;22.3;1.9;1.7;2.2;0;18;22;1.6;0;11;32.4;979.7;10.9;0.1;6;0;1.9;106;11;0;493.3;288;282;109;15778;115;126.8;0
LUG;01.07.2017 00:00;18.7;28.1;23.2;0.6;0.7;0.8;0;17.6;30;-0.5;0;7;31.9;980.1;12.3;0.7;4;0;1.7;94;5;0;55.9;35;285;108;16656;107;153.7;0
LUG;01.08.2017 00:00;18.4;28;23;0.9;0.6;1.2;0;18.7;28;0.3;0;7;33;981.9;12.9;2.1;5;0;1.5;88;6;0;164.4;104;228;100;14502;99;149.8;0
LUG;01.09.2017 00:00;12.8;20.9;16.7;-1.2;-1.4;-1.2;0;13.2;1;-1.9;0;0;25.6;980.1;8.6;-0.6;0;0;1.8;113;10;0;141.3;86;164;99;10977;95;7.6;0
LUG;01.10.2017 00:00;10.4;19.6;14.4;1.2;0.2;2.7;0;10.9;0;-1.2;0;0;23.9;985.2;8.4;3.5;0;8.4;1.7;113;1;0;4.5;3;135;134;13144;155;0;0.4
LUG;01.11.2017 00:00;5;11.8;8.2;-0.2;-0.7;0.2;0;7.3;0;-1.2;0;0;16.4;980.6;0.8;-0.3;0;354.9;1.9;127;6;0;99.9;60;69;112;6933;110;0;114.9
LUG;01.12.2017 00:00;0.8;6.7;3.3;-1.3;-1.2;-1;10;5.2;0;-1;0;0;10.3;981.9;-1.5;-1;0;517.2;1.5;100;6;0;123.2;154;54;108;6886;107;0;269.2
LUG;01.01.2018 00:00;3.1;8.8;5.6;1.8;1.9;1.7;0;7.3;0;1.5;0;0;13.9;982.4;0.1;-0.8;0;446.5;1.2;80;9;0;76.4;117;57;92;6025;81;0;198.5
LUG;01.02.2018 00:00;1;7.2;3.8;-1.2;-0.9;-1.8;7;5.5;0;-0.4;0;0;11.4;977.1;-6.1;-4.5;0;454.4;1.7;100;6;0;14.1;23;93;95;7142;84;0;230.4
LUG;01.03.2018 00:00;4.2;10.6;7.1;-1.8;-1;-2.9;2;7.3;0;0.1;0;0;17;969.9;-3.3;-10.1;0;401.4;1.7;81;15;0;140.6;186;116;77;7188;62;0;153.4
LUG;01.04.2018 00:00;10.1;18.7;14.1;1.8;1.6;2;0;11;2;1.6;0;0;25.7;980.3;5.4;2.2;0;100.7;1.7;85;8;0;158.7;115;190;102;11353;104;1.7;20.7
LUG;01.05.2018 00:00;13.2;21.4;16.8;0.5;0.8;0.6;0;15.1;4;2.3;0;0;27.3;979.4;9.6;0.2;0;8.2;1.5;83;21;0;251.4;142;211;94;9746;81;11.6;0.2
LUG;01.06.2018 00:00;16.8;26.3;21.7;1.3;0.7;1.4;0;16.9;23;0.5;0;2;30.5;979;14;-0.6;1;0;1.7;94;5;0;56.5;33;294;114;16413;120;102.3;0
LUG;01.07.2018 00:00;18.7;29;23.9;1.3;0.7;1.7;0;19;30;0.9;0;6;32.6;979.1;15.9;-0.3;10;0;1.9;106;9;0;96.9;61;293;111;17909;115;173.8;0
LUG;01.08.2018 00:00;18.5;28.5;23.3;1.2;0.7;1.7;0;19.7;28;1.3;0;6;32.8;981.1;14;1.3;11;0;1.7;100;10;0;201.8;128;244;107;16603;113;155.5;0
LUG;01.09.2018 00:00;15.6;24.8;19.8;1.9;1.4;2.7;0;16.9;17;1.8;0;0;28.1;984.6;10;3.9;0;0;1.5;94;5;0;32.7;20;192;116;14490;126;60;0
LUG;01.10.2018 00:00;11.8;19.7;15.3;2.1;1.6;2.8;0;13.1;1;1;0;0;28.9;982.2;7.7;0.5;0;19.3;1.8;120;9;0;240.3;161;108;107;9745;115;1.5;3.3
LUG;01.11.2018 00:00;7.7;11.8;9.7;1.3;2;0.2;0;10.4;0;1.9;0;0;16.3;983;2.1;2.1;0;244.8;1.2;80;14;0;193.9;116;43;70;2494;39;0;76.8
LUG;01.12.2018 00:00;2.2;9.5;5.5;0.9;0.2;1.8;3;5.8;0;-0.4;0;0;18.4;985.5;-1.6;2.6;0;450.2;1.7;113;2;0;8.9;11;63;125;7473;116;0;202.2
LUG;01.01.2019 00:00;1.4;8.9;5.1;1.3;0.2;1.8;9;4.4;0;-1.4;0;0;15.6;977.2;-2.1;-6;0;455.8;2.5;167;4;0;6.9;11;74;119;8672;117;0;215.8
LUG;01.02.2019 00:00;2.5;11.5;6.4;1.4;0.6;2.5;1;5.9;0;0;0;0;23;987.2;-0.1;5.6;0;373.8;1.5;88;3;0;50.2;82;119;121;10739;126;0;157.8
LUG;01.03.2019 00:00;5.5;15.4;10;1.1;0.3;1.9;0;6.4;0;-0.8;0;0;21.7;983.6;2.8;3.6;0;260.5;2.1;100;4;0;52.6;70;182;121;15255;133;0;68.5
LUG;01.04.2019 00:00;8.9;16.6;12.3;0;0.4;-0.1;0;9.5;0;0.1;0;0;23.7;977.9;5.1;-0.2;0;142.3;2.2;110;12;0;170.2;123;171;92;9157;84;0;22.3
LUG;01.05.2019 00:00;10.8;18.8;14.5;-1.8;-1.6;-2;0;10.7;1;-2.1;0;0;25.9;976.9;6.2;-2.3;0;34.2;2.4;133;9;0;74.7;42;224;100;12106;101;0.6;2.2
LUG;01.06.2019 00:00;18.1;27.4;22.6;2.2;2;2.5;0;18.1;24;1.7;0;6;34.8;981.3;13.6;1.7;6;0;1.4;78;8;0;120.1;70;284;110;16056;117;128.3;0
LUG;01.07.2019 00:00;19.7;29.6;24.5;1.9;1.7;2.3;0;19.2;30;1.1;0;14;33.7;978.5;13.5;-0.9;16;0;1.8;100;5;0;56.9;36;278;105;16719;107;192.4;0
LUG;01.08.2019 00:00;18.2;27;22.4;0.3;0.4;0.2;0;19.9;27;1.5;0;5;29.6;981.6;15.2;1.8;0;0;1.4;82;17;0;282.5;179;215;94;13325;91;126.4;0
LUG;01.09.2019 00:00;15;23.2;18.9;1;0.8;1.1;0;16;10;0.9;0;1;28.1;982.9;10.9;2.2;0;0;1.4;88;7;0;64.5;39;174;105;11833;103;37.4;0
LUG;01.10.2019 00:00;11.8;18.7;14.9;1.7;1.6;1.8;0;13.8;0;1.7;0;0;22.4;982.3;8.6;0.6;0;0;1.5;100;10;0;235.9;158;106;105;9111;107;0;0
LUG;01.11.2019 00:00;6.1;11;8.3;-0.1;0.4;-0.6;0;9.5;0;1;0;0;15.5;972.4;2.5;-8.5;0;341.9;1.2;80;20;0;361.6;217;46;75;3826;60;0;109.9
LUG;01.12.2019 00:00;3.7;9.4;6.3;1.7;1.7;1.7;0;7.3;0;1.1;0;0;16.7;981.4;0.3;-1.5;0;425.3;1.3;87;10;0;199.1;249;48;96;6778;105;0;177.3
LUG;01.01.2020 00:00;1.8;9.3;5;1.2;0.6;2.2;2;5.8;0;0;0;0;15.6;990.6;-0.5;7.4;0;466.5;1.2;80;2;0;5.6;9;76;122;10372;140;0;218.5
LUG;01.02.2020 00:00;4;12.7;7.8;2.8;2.1;3.7;0;6;0;0.1;0;0;20.2;984.3;0.7;2.7;0;347.1;2;118;0;0;0.9;1;113;115;10898;128;0;123.1
LUG;01.03.2020 00:00;5.2;12.7;8.6;-0.3;0;-0.8;0;7.4;0;0.2;0;0;18.5;981.1;0;1.1;0;337.9;1.8;86;6;0;93.7;124;137;91;9687;84;0;105.9
LUG;01.04.2020 00:00;8.8;18.3;13.4;1.1;0.3;1.6;0;9.4;0;0;0;0;23.1;981.9;1.2;3.8;0;72.2;1.8;90;7;0;100.8;73;224;121;15264;140;0;16.2
LUG;01.05.2020 00:00;13;22;17.6;1.3;0.6;1.2;0;13.3;2;0.5;0;0;29.2;981.5;8.3;2.3;0;0;1.8;100;9;0;220;124;258;115;14622;122;14.1;0
LUG;01.06.2020 00:00;15.4;24.3;19.7;-0.7;-0.7;-0.6;0;16.1;15;-0.3;0;3;31.1;977.3;10.6;-2.3;1;0;1.7;94;12;0;293.7;171;256;99;13028;95;66.1;0
LUG;01.07.2020 00:00;18.5;27.8;23.1;0.5;0.5;0.5;0;18.7;27;0.6;0;6;32.6;980.7;15.3;1.3;4;0;1.8;100;7;0;47.4;30;287;108;17571;112;149.1;0
LUG;01.08.2020 00:00;18.6;27.9;23.1;1;0.8;1.1;0;18.9;27;0.5;0;8;33.3;978.5;13.1;-1.3;8;0;2;118;9;0;200.3;127;234;102;15433;105;150.6;0
LUG;01.09.2020 00:00;14.9;23.5;18.9;1;0.7;1.4;0;16.5;13;1.4;0;1;28;981.3;6.7;0.6;0;8.7;1.5;94;6;0;125;76;180;109;13542;118;50.5;0.7
LUG;01.10.2020 00:00;9.1;16.2;12.3;-0.9;-1.1;-0.7;0;11;0;-1.1;0;0;21.2;979.4;5.7;-2.3;0;130.7;1.8;120;11;0;287.8;192;99;98;8009;94;0;18.7
LUG;01.11.2020 00:00;6.4;13.4;9.5;1.1;0.7;1.8;0;9;0;0.5;0;0;17.7;989.5;1.9;8.6;0;275.8;1.5;100;1;0;2.8;2;81;131;9716;154;0;83.8
LUG;01.12.2020 00:00;2.8;7.1;4.9;0.3;0.8;-0.6;5;7.2;0;1;0;0;10.1;976;-1.5;-6.9;0;466.9;1.4;93;13;0;164;205;31;62;2247;35;0;218.9
LUG;01.01.2021 00:00;0.7;7;3.5;-0.3;-0.5;-0.1;11;5.6;0;-0.2;0;0;14.4;976.2;-3;-7;0;511;1.4;93;9;0;111.9;171;63;101;6789;91;0;263
LUG;01.02.2021 00:00;4.1;10.5;7;2;2.2;1.5;5;7.3;0;1.4;0;0;18.4;984.8;-3.2;3.2;0;364.5;1.3;76;5;0;67;109;97;99;7981;93;0;140.5
LUG;01.03.2021 00:00;4.9;14.1;9.2;0.3;-0.3;0.6;0;6.5;0;-0.7;0;0;21.8;984.9;0.4;4.9;0;317;2.3;110;2;0;6.5;9;182;121;15488;135;0;93
LUG;01.04.2021 00:00;7;15.1;11;-1.3;-1.5;-1.6;0;8.1;0;-1.3;0;0;24;981;1.7;2.9;0;221.8;2.4;120;8;0;76.9;56;200;108;12440;114;0;53.8
LUG;01.05.2021 00:00;10.7;19.9;15.1;-1.2;-1.7;-0.9;0;10.7;0;-2.1;0;0;23.3;978.3;8.2;-0.9;0;8;2;111;9;0;155;87;242;108;12964;108;1.2;0
LUG;01.06.2021 00:00;17.5;27.1;22.2;1.8;1.4;2.2;0;17.2;25;0.8;0;3;33.3;981.7;14;2.1;2;0;1.7;94;5;0;47.6;28;280;108;14105;103;115.5;0
LUG;01.07.2021 00:00;17.5;27.1;22.2;-0.4;-0.5;-0.2;0;18.3;24;0.2;0;5;33;978.9;12.8;-0.5;3;0;1.8;100;13;0;297.3;188;238;90;13172;84;119.5;0
LUG;01.08.2021 00:00;17.5;26.6;21.8;-0.3;-0.3;-0.2;0;17.8;22;-0.6;0;3;31.3;979.5;13.7;-0.3;4;0;1.7;100;6;0;192.1;121;250;109;17458;119;110.3;0
LUG;01.09.2021 00:00;15.6;23.3;19.2;1.3;1.4;1.2;0;16.7;10;1.6;0;0;26.9;983.7;11;3;0;0;1.3;81;7;0;188.2;114;168;101;11881;103;39.6;0
LUG;01.10.2021 00:00;9.4;17.1;12.7;-0.5;-0.8;0.2;0;11.3;0;-0.8;0;0;21.4;985.2;5.8;3.5;0;128.2;1.5;100;7;0;133.9;89;113;112;10300;121;0;16.2
LUG;01.11.2021 00:00;5.6;11.9;8.5;0.1;-0.1;0.3;0;9.1;0;0.6;0;0;15.8;979.7;0.5;-1.2;0;346.2;1.3;87;10;0;147.3;88;68;110;7188;114;0;106.2
LUG;01.12.2021 00:00;2.2;8.8;5.1;0.5;0.2;1.1;1;6.1;0;-0.1;0;0;15.5;980.1;-0.2;-2.8;0;462.7;1.5;100;2;0;19.9;25;56;112;7996;124;0;214.7
LUG;01.01.2022 00:00;1.7;10.6;5.4;1.6;0.5;3.5;7;5.2;0;-0.6;0;0;21.4;987;-0.8;3.8;0;444.1;1.9;127;1;0;9.1;14;81;130;11260;152;0;204.1
LUG;01.02.2022 00:00;3.3;12;7.1;2.1;1.4;3;0;5.6;0;-0.3;0;0;17.5;984.8;0.2;3.2;0;353.5;2.2;129;1;0;16.6;27;126;129;11958;140;0;137.5
LUG;01.03.2022 00:00;4.7;12.8;8.4;-0.5;-0.5;-0.7;1;6.1;0;-1.1;0;0;20.3;988.3;-0.7;8.3;0;336;1.7;81;2;0;12.4;16;160;107;12634;110;0;112
LUG;01.04.2022 00:00;8;16.6;12.3;0;-0.5;-0.1;0;8.7;1;-0.7;0;0;25.5;977.2;3.2;-0.9;0;127.7;2.3;115;6;0;68.1;49;217;117;13397;123;0;23.7
LUG;01.05.2022 00:00;14.5;23;18.6;2.3;2.1;2.2;0;15.3;15;2.5;0;0;29.6;982.1;9;2.9;0;0;1.6;89;12;0;69.6;39;243;109;13651;114;49;0
LUG;01.06.2022 00:00;17.6;27.6;22.5;2.1;1.5;2.7;0;17.9;24;1.5;0;7;31.1;980.6;12.6;1;7;0;1.5;83;10;0;162.3;95;272;105;15900;116;125.6;0
LUG;01.07.2022 00:00;20;31;25.4;2.8;2;3.7;0;18.4;31;0.3;0;13;34.2;982.3;16.4;2.9;21;0;1.6;89;7;0;90.3;57;301;114;19348;124;219.1;0
LUG;01.08.2022 00:00;19.1;29.3;24;1.9;1.3;2.5;0;18.1;29;-0.3;0;9;34.1;979.6;15.6;-0.2;10;0;1.7;100;8;0;85.9;54;253;111;16988;116;175.3;0
LUG;01.09.2022 00:00;14.1;22.5;18.1;0.2;-0.1;0.4;0;14.4;12;-0.7;0;0;27.4;978.1;9.4;-2.6;0;8.8;1.7;106;10;0;250.6;152;179;108;12501;108;38;0.8
LUG;01.10.2022 00:00;12.8;19.7;15.7;2.5;2.6;2.8;0;15.1;0;3;0;0;23.7;987.2;10.4;5.5;0;0;1.1;73;6;0;194.5;130;114;113;10756;127;0;0
LUG;01.11.2022 00:00;6.7;13.5;9.7;1.3;1;1.9;0;8.9;0;0.4;0;0;18.3;981.1;3.2;0.2;0;273.2;1.4;93;8;0;63.5;38;69;112;7443;118;0;73.2
LUG;01.12.2022 00:00;2.9;8.2;5.4;0.8;0.9;0.5;3;7.1;0;0.9;0;0;11.2;981.4;-1.7;-1.5;0;453.5;1.2;80;6;0;73.5;92;48;96;4981;77;0;205.5
LUG;01.01.2023 00:00;2.9;8.4;5.4;1.6;1.7;1.3;3;6.4;0;0.6;0;0;13.1;981.7;-1.1;-1.5;0;451.3;1.6;107;4;0;25;38;60;96;6746;91;0;203.3
LUG;01.02.2023 00:00;3.3;11.1;6.8;1.8;1.4;2.1;5;6.4;0;0.5;0;0;18.3;989.5;-2.1;7.9;0;356.9;1.6;94;1;0;1.9;3;108;110;9720;114;0;148.9
LUG;01.03.2023 00:00;6.5;14.4;10.1;1.2;1.3;0.9;0;7.8;0;0.6;0;0;20;977.9;0.6;-2.1;0;279.9;2;95;5;0;56.6;75;155;103;12604;110;0;63.9
LUG;01.04.2023 00:00;8;17.1;12.4;0.1;-0.5;0.4;0;8.4;0;-1;0;0;21.7;977.8;2.9;-0.3;0;116.3;2.2;110;6;0;105.8;77;209;112;12882;118;0;20.3
LUG;01.05.2023 00:00;13;20.8;16.5;0.2;0.6;0;0;14.1;2;1.3;0;0;26;980.5;9.8;1.3;0;0;1.6;89;15;0;167.7;94;215;96;10070;84;5.5;0
LUG;01.06.2023 00:00;17.2;26.1;21.6;1.2;1.1;1.2;0;17.5;19;1.1;0;4;31;980.2;14.2;0.6;4;0;1.7;94;11;0;160.8;94;282;109;15258;111;99.5;0
LUG;01.07.2023 00:00;18.9;27.9;23.4;0.8;0.9;0.6;0;20.3;28;2.2;0;9;31.8;979.8;15.3;0.4;8;0;1.6;89;11;0;203.8;129;275;104;16608;106;157.3;0
LUG;01.08.2023 00:00;18.9;28.3;23.3;1.2;1.1;1.5;0;19.1;26;0.7;0;11;33.9;979.1;13.9;-0.7;12;0;1.9;112;6;0;182.5;115;244;107;16401;112;156.7;0
LUG;01.09.2023 00:00;15.9;24.4;19.8;1.9;1.7;2.3;0;17.9;13;2.8;0;0;28;983.8;10.8;3.1;0;0;1.4;88;10;0;185.4;112;178;107;13264;115;52.5;0
LUG;01.10.2023 00:00;12.9;19.8;15.9;2.7;2.7;2.9;0;14.7;0;2.6;0;0;24.9;979.6;8.5;-2.1;0;8;1.4;93;10;0;216.8;145;105;104;8804;104;9.3;0
LUG;01.11.2023 00:00;5;13;8.5;0.1;-0.7;1.4;0;7.2;0;-1.3;0;0;18.7;975;1.3;-5.9;0;336.3;1.8;120;5;0;73.6;44;80;130;9104;144;0;104.3
LUG;01.12.2023 00:00;4.2;10.7;7;2.4;2.2;3;0;6.9;0;0.7;0;0;21.3;981.8;0.1;-1.1;0;396.2;1.5;100;5;0;81.9;103;55;110;7080;110;0;156.2
LUG;01.01.2024 00:00;2.2;9;5.2;1.4;1;1.9;5;6.1;0;0.3;0;0;16.6;983.6;-1.9;0.4;0;459.8;1.5;100;3;0;47.2;72;68;109;8285;112;0;211.8
LUG;01.02.2024 00:00;5.2;11.8;8;3;3.3;2.8;0;8.2;0;2.3;0;0;20.4;980.4;2;-1.2;0;331.7;1;59;12;0;193.1;315;83;85;6658;78;0;115.7
LUG;01.03.2024 00:00;6.9;13.8;10;1.1;1.7;0.3;0;8.9;0;1.7;0;0;23.3;976.2;4.1;-3.8;0;261.6;1.6;76;13;0;231.9;307;119;79;8469;74;0;69.6
LUG;01.04.2024 00:00;8.6;17.5;12.8;0.5;0.1;0.8;0;9.5;2;0.1;0;0;25.3;980.6;4.6;2.5;0;128.3;2.2;110;9;0;72.1;52;191;103;11511;105;0;24.3
LUG;01.05.2024 00:00;12.3;19.5;15.5;-0.8;-0.1;-1.3;0;14.2;0;1.4;0;0;24.1;978.5;9.7;-0.7;0;0;1.4;78;18;0;314.9;177;188;84;8087;67;1.3;0
LUG;01.06.2024 00:00;15.9;24.3;19.8;-0.6;-0.2;-0.6;0;18;12;1.6;0;2;30.5;979.2;12;-0.4;1;0;1.5;83;14;0;133.5;78;231;89;10589;77;55.3;0
LUG;01.07.2024 00:00;19.9;28.6;24.1;1.5;1.9;1.3;0;21.6;28;3.5;0;17;32.1;979.3;14.5;-0.1;11;0;1.3;72;7;0;164.7;104;273;103;16609;106;178.8;0
LUG;01.08.2024 00:00;20.4;30;24.8;2.7;2.6;3.2;0;21.2;30;2.8;0;22;33.3;979.8;16.8;0;17;0;1.4;82;7;0;113.7;72;242;106;17205;117;200.7;0
LUG;01.09.2024 00:00;14.7;22;18.1;0.2;0.5;-0.1;0;14.5;8;-0.6;0;1;29.6;979.2;10.5;-1.5;0;0;2;125;10;0;243.7;148;146;88;8408;73;30.6;0
LUG;01.10.2024 00:00;12;17.4;14.4;1.2;1.8;0.5;0;14.7;0;2.6;0;0;20.7;983.4;9.6;1.7;0;0;0.9;60;16;0;242.9;162;86;85;6161;73;0;0
LUG;01.11.2024 00:00;5.2;13;8.4;0;-0.5;1.4;1;8.4;0;-0.1;0;0;17.6;986.4;-0.1;5.5;0;327.1;1.3;87;2;0;14.7;9;86;139;10380;164;0;111.1
LUG;01.12.2024 00:00;2.7;9.7;5.5;0.9;0.7;2;0;5.7;0;-0.5;0;0;13.6;986.1;0.3;3.2;0;448.6;1.7;113;2;0;13.9;17;63;125;8790;136;0;200.6
LUG;01.01.2025 00:00;2.3;8.2;4.9;1.1;1.1;1.1;7;6.7;0;0.9;0;0;12.6;984;-1.2;0.8;0;466.8;1.2;80;11;0;147.8;226;55;88;5857;79;0;218.8
LUG;01.02.2025 00:00;3.8;9.5;6.3;1.3;1.9;0.5;0;7.4;0;1.5;0;0;15.9;987.8;0.4;6.2;0;383.2;1.4;82;6;0;55.3;90;88;90;6977;82;0;159.2
LUG;01.03.2025 00:00;6.4;14.3;9.9;1;1.2;0.8;0;8.2;0;1;0;0;23;979.9;2.7;-0.1;0;288.1;1.8;86;12;0;123.1;163;146;97;10680;93;0;80.1
LUG;01.04.2025 00:00;9.9;18.4;13.7;1.4;1.4;1.7;0;10.8;1;1.4;0;0;25.1;980;5.7;1.9;0;44.2;1.9;95;12;0;177.4;129;200;108;12326;113;0;4.2
LUG;01.05.2025 00:00;12.8;21.6;16.9;0.6;0.4;0.8;0;13.4;6;0.6;0;0;28.3;979;9.4;-0.2;0;0;1.8;100;12;0;327;184;252;113;13984;117;15.4;0
LUG;01.06.2025 00:00;19.2;28.7;23.6;3.2;3.1;3.8;0;19.7;24;3.3;0;11;34.2;983;16;3.4;14;0;1.4;78;6;0;73.8;43;270;104;15482;113;159.2;0
LUG;01.07.2025 00:00;17.8;28.3;22.7;0.1;-0.2;1;0;17.5;28;-0.6;0;6;33.8;978.3;14.3;-1.1;9;0;1.7;94;11;0;171.2;108;269;102;15364;98;137;0
LUG;01.08.2025 00:00;18.4;27.6;22.7;0.6;0.6;0.8;0;19.7;24;1.3;0;10;32.6;980.1;13.3;0.3;8;0;1.5;88;9;0;258.3;163;237;104;15804;108;139.3;0
LUG;01.09.2025 00:00;14.3;22.7;18;0.1;0.1;0.6;0;16.5;11;1.4;0;0;27.8;982.3;7.9;1.6;0;9.1;1.3;81;12;0;344.9;209;168;101;11887;103;29.9;1.1
LUG;01.10.2025 00:00;10.3;17.9;13.7;0.5;0.1;1;0;11.8;0;-0.3;0;0;21.9;981.6;5.9;-0.1;0;60.7;1.3;87;4;0;55.7;37;119;118;10345;122;0;4.7
LUG;01.11.2025 00:00;5.4;12.4;8.4;0;-0.3;0.8;1;7.9;0;-0.6;0;0;18;979.9;-0.5;-1;0;327.1;1.6;107;6;0;95.8;58;73;118;8406;133;0;111.1
LUG;01.12.2025 00:00;4.5;9.5;6.6;2;2.5;1.8;0;8.2;0;2;0;0;11.8;984.3;0.8;1.4;0;414.9;1;67;5;0;46.5;58;51;102;6010;93;0;166.9
LUG;01.01.2026 00:00;1.5;7.3;4.1;0.3;0.3;0.2;9;6.1;0;0.3;0;0;10.9;974.8;-3.1;-8.4;0;494.1;1.2;80;7;0;49.6;76;61;98;6378;86;0;246.1
LUG;01.02.2026 00:00;4.6;11.5;7.7;2.7;2.7;2.5;0;8;0;2.1;0;0;18.8;973.2;0.2;-8.4;0;344.7;1.4;82;9;0;51.6;84;95;97;7784;91;0;120.7
LUG;01.03.2026 00:00;6.5;14.3;10.1;1.2;1.3;0.8;0;7.5;0;0.3;0;0;19.3;982.5;3.6;2.5;0;298.8;2.5;119;6;0;82.5;109;163;109;12662;110;0;58.8
LUG;01.04.2026 00:00;10.8;20.1;15.1;2.8;2.3;3.4;0;11.1;0;1.7;0;0;23.3;981.3;5;3.2;0;16.6;1.8;90;9;0;46.5;34;226;122;14807;135;0;0.6
LUG;01.05.2026 00:00;12.8;22.3;17.5;1.2;0.4;1.5;0;12.9;11;0.1;0;2;31.1;981.2;7.1;2;3;18.8;1.6;89;7;0;104.4;59;261;117;15721;131;51.4;2.8
LUG;01.06.2026 00:00;18.6;28.8;23.5;3.1;2.5;3.9;0;18.6;25;2.2;0;13;34.1;982.1;12.3;2.5;14;0;1.6;89;8;0;127.5;74;293;113;17336;126;155.5;0
LUG;01.07.2026 00:00;20.6;31.2;25.9;3.3;2.6;3.9;0;18.2;31;0.1;0;19;35.2;980.8;17.5;1.4;23;0;1.8;100;7;1;41.6;26;298;112;19241;123;234.6;0
LUG;01.08.2026 00:00;20.5;30.4;25.1;3;2.7;3.6;0;20;29;1.6;0;18;35;980.4;14.3;0.6;17;0;1.6;94;7;1;283.5;179;232;102;15623;106;210.4;0
