station_abbr;reference_timestamp;ths2dymn;ths2dymx;ths200m0;th9120mv;th91dnmv;th91dxmv;ths00nm0;pva2hsm0;ths25xm0;pv9120mv;ths00xm0;ths20nm0;thl200mx;phsstam0;thl200mn;ph9120mv;ths30xm0;xhs000m0;fhs010m0;fh9120mv;rhs001m0;ths35xm0;rhs150m0;rh9120mv;ghs000m0;gh9120mv;shs000m0;sh9120mv;xhs00om0;xhs012m0
LUZ;01.01.1864 00:00;;;;;;;;;;;;;;;;;;;;;;;37.9;68;;;;;;
LUZ;01.02.1864 00:00;;;;;;;;;;;;;;;;;;;;;;;22.7;37;;;;;;
LUZ;01.03.1864 00:00;;;;;;;;;;;;;;;;;;;;;;;62.7;83;;;;;;
LUZ;01.04.1864 00:00;;;;;;;;;;;;;;;;;;;;;;;138.4;143;;;;;;
LUZ;01.05.1864 00:00;;;;;;;;;;;;;;;;;;;;;;;144.6;97;;;;;;
LUZ;01.06.1864 00:00;;;;;;;;;;;;;;;;;;;;;;;193.7;118;;;;;;
LUZ;01.07.1864 00:00;;;;;;;;;;;;;;;;;;;;;;;145.9;88;;;;;;
LUZ;01.08.1864 00:00;;;;;;;;;;;;;;;;;;;;;;;68.9;41;;;;;;
LUZ;01.09.1864 00:00;;;;;;;;;;;;;;;;;;;;;;;99.8;91;;;;;;
LUZ;01.10.1864 00:00;;;;;;;;;;;;;;;;;;;;;;;31.2;35;;;;;;
LUZ;01.11.1864 00:00;;;;;;;;;;;;;;;;;;;;;;;68.9;88;;;;;;
LUZ;01.12.1864 00:00;;;;;;;;;;;;;;;;;;;;;;;4.2;5;;;;;;
LUZ;01.01.1865 00:00;;;;;;;;;;;;;;;;;;;;;;;66.5;119;;;;;;
LUZ;01.02.1865 00:00;;;;;;;;;;;;;;;;;;;;;;;73.1;119;;;;;;
LUZ;01.03.1865 00:00;;;;;;;;;;;;;;;;;;;;;;;71;94;;;;;;
LUZ;01.04.1865 00:00;;;;;;;;;;;;;;;;;;;;;;;1;1;;;;;;
LUZ;01.05.1865 00:00;;;;;;;;;;;;;;;;;;;;;;;86.4;58;;;;;;
LUZ;01.06.1865 00:00;;;;;;;;;;;;;;;;;;;;;;;55.2;34;;;;;;
LUZ;01.07.1865 00:00;;;;;;;;;;;;;;;;;;;;;;;163.5;99;;;;;;
LUZ;01.08.1865 00:00;;;;;;;;;;;;;;;;;;;;;;;212.4;125;;;;;;
LUZ;01.09.1865 00:00;;;;;;;;;;;;;;;;;;;;;;;0;0;;;;;;
LUZ;01.10.1865 00:00;;;;;;;;;;;;;;;;;;;;;;;75.6;86;;;;;;
LUZ;01.11.1865 00:00;;;;;;;;;;;;;;;;;;;;;;;90.8;117;;;;;;
LUZ;01.12.1865 00:00;;;;;;;;;;;;;;;;;;;;;;;10.5;13;;;;;;
LUZ;01.01.1866 00:00;;;;;;;;;;;;;;;;;;;;;;;28.7;51;;;;;;
LUZ;01.02.1866 00:00;;;;;;;;;;;;;;;;;;;;;;;126.6;207;;;;;;
LUZ;01.03.1866 00:00;;;;;;;;;;;;;;;;;;;;;;;145.2;193;;;;;;
LUZ;01.04.1866 00:00;;;;;;;;;;;;;;;;;;;;;;;99.7;103;;;;;;
LUZ;01.05.1866 00:00;;;;;;;;;;;;;;;;;;;;;;;117.5;79;;;;;;
LUZ;01.06.1866 00:00;;;;;;;;;;;;;;;;;;;;;;;77.7;47;;;;;;
LUZ;01.07.1866 00:00;;;;;;;;;;;;;;;;;;;;;;;81.8;49;;;;;;
LUZ;01.08.1866 00:00;;;;;;;;;;;;;;;;;;;;;;;278.3;164;;;;;;
LUZ;01.09.1866 00:00;;;;;;;;;;;;;;;;;;;;;;;102.8;94;;;;;;
LUZ;01.10.1866 00:00;;;;;;;;;;;;;;;;;;;;;;;29.2;33;;;;;;
LUZ;01.11.1866 00:00;;;;;;;;;;;;;;;;;;;;;;;90.8;117;;;;;;
LUZ;01.12.1866 00:00;;;;;;;;;;;;;;;;;;;;;;;80.5;103;;;;;;
LUZ;01.01.1867 00:00;;;;;;;;;;;;;;;;;;;;;;;173;310;;;;;;
LUZ;01.02.1867 00:00;;;;;;;;;;;;;;;;;;;;;;;66.9;109;;;;;;
LUZ;01.03.1867 00:00;;;;;;;;;;;;;;;;;;;;;;;119;158;;;;;;
LUZ;01.04.1867 00:00;;;;;;;;;;;;;;;;;;;;;;;121.1;125;;;;;;
LUZ;01.05.1867 00:00;;;;;;;;;;;;;;;;;;;;;;;179.6;121;;;;;;
LUZ;01.06.1867 00:00;;;;;;;;;;;;;;;;;;;;;;;157.2;96;;;;;;
LUZ;01.07.1867 00:00;;;;;;;;;;;;;;;;;;;;;;;68.8;42;;;;;;
LUZ;01.08.1867 00:00;;;;;;;;;;;;;;;;;;;;;;;128;75;;;;;;
LUZ;01.09.1867 00:00;;;;;;;;;;;;;;;;;;;;;;;131.8;121;;;;;;
LUZ;01.10.1867 00:00;;;;;;;;;;;;;;;;;;;;;;;187.5;213;;;;;;
LUZ;01.11.1867 00:00;;;;;;;;;;;;;;;;;;;;;;;31.3;40;;;;;;
LUZ;01.12.1867 00:00;;;;;;;;;;;;;;;;;;;;;;;66.9;85;;;;;;
LUZ;01.01.1868 00:00;;;;;;;;;;;;;;;;;;;;;;;42;75;;;;;;
LUZ;01.02.1868 00:00;;;;;;;;;;;;;;;;;;;;;;;15.4;25;;;;;;
LUZ;01.03.1868 00:00;;;;;;;;;;;;;;;;;;;;;;;91.9;122;;;;;;
LUZ;01.04.1868 00:00;;;;;;;;;;;;;;;;;;;;;;;86.5;90;;;;;;
LUZ;01.05.1868 00:00;;;;;;;;;;;;;;;;;;;;;;;30.1;20;;;;;;
LUZ;01.06.1868 00:00;;;;;;;;;;;;;;;;;;;;;;;117.9;72;;;;;;
LUZ;01.07.1868 00:00;;;;;;;;;;;;;;;;;;;;;;;167.2;101;;;;;;
LUZ;01.08.1868 00:00;;;;;;;;;;;;;;;;;;;;;;;96;56;;;;;;
LUZ;01.09.1868 00:00;;;;;;;;;;;;;;;;;;;;;;;91.9;84;;;;;;
LUZ;01.10.1868 00:00;;;;;;;;;;;;;;;;;;;;;;;176.4;200;;;;;;
LUZ;01.11.1868 00:00;;;;;;;;;;;;;;;;;;;;;;;29.2;37;;;;;;
LUZ;01.12.1868 00:00;;;;;;;;;;;;;;;;;;;;;;;161.1;205;;;;;;
LUZ;01.01.1869 00:00;;;;;;;;;;;;;;;;;;;;;;;47.1;84;;;;;;
LUZ;01.02.1869 00:00;;;;;;;;;;;;;;;;;;;;;;;38.1;62;;;;;;
LUZ;01.03.1869 00:00;;;;;;;;;;;;;;;;;;;;;;;75.2;100;;;;;;
LUZ;01.04.1869 00:00;;;;;;;;;;;;;;;;;;;;;;;68.2;71;;;;;;
LUZ;01.05.1869 00:00;;;;;;;;;;;;;;;;;;;;;;;120.4;81;;;;;;
LUZ;01.06.1869 00:00;;;;;;;;;;;;;;;;;;;;;;;80.5;49;;;;;;
LUZ;01.07.1869 00:00;;;;;;;;;;;;;;;;;;;;;;;105.9;64;;;;;;
LUZ;01.08.1869 00:00;;;;;;;;;;;;;;;;;;;;;;;236.6;139;;;;;;
LUZ;01.09.1869 00:00;;;;;;;;;;;;;;;;;;;;;;;93.9;86;;;;;;
LUZ;01.10.1869 00:00;;;;;;;;;;;;;;;;;;;;;;;83.7;95;;;;;;
LUZ;01.11.1869 00:00;;;;;;;;;;;;;;;;;;;;;;;88.7;114;;;;;;
LUZ;01.12.1869 00:00;;;;;;;;;;;;;;;;;;;;;;;43.9;56;;;;;;
LUZ;01.01.1870 00:00;;;;;;;;;;;;;;;;;;;;;;;19.5;35;;;;;;
LUZ;01.02.1870 00:00;;;;;;;;;;;;;;;;;;;;;;;29.9;49;;;;;;
LUZ;01.03.1870 00:00;;;;;;;;;;;;;;;;;;;;;;;57.4;76;;;;;;
LUZ;01.04.1870 00:00;;;;;;;;;;;;;;;;;;;;;;;49.9;52;;;;;;
LUZ;01.05.1870 00:00;;;;;;;;;;;;;;;;;;;;;;;61.2;41;;;;;;
LUZ;01.06.1870 00:00;;;;;;;;;;;;;;;;;;;;;;;61.8;38;;;;;;
LUZ;01.07.1870 00:00;;;;;;;;;;;;;;;;;;;;;;;70.6;43;;;;;;
LUZ;01.08.1870 00:00;;;;;;;;;;;;;;;;;;;;;;;138.7;82;;;;;;
LUZ;01.09.1870 00:00;;;;;;;;;;;;;;;;;;;;;;;69.9;64;;;;;;
LUZ;01.10.1870 00:00;;;;;;;;;;;;;;;;;;;;;;;194.5;221;;;;;;
LUZ;01.11.1870 00:00;;;;;;;;;;;;;;;;;;;;;;;49;63;;;;;;
LUZ;01.12.1870 00:00;;;;;;;;;;;;;;;;;;;;;;;84.7;108;;;;;;
LUZ;01.01.1871 00:00;;;-5;-6.1;;;;;;;;;;;;;;;;;;;44;79;;;;;;
LUZ;01.02.1871 00:00;;;1.6;-0.3;;;;;;;;;;;;;;;;;;;34;55;;;;;;
LUZ;01.03.1871 00:00;;;4.2;-1.8;;;;;;;;;;;;;;;;;;;68.9;91;;;;;;
LUZ;01.04.1871 00:00;;;9.2;-0.7;;;;;;;;;;;;;;;;;;;106.9;111;;;;;;
LUZ;01.05.1871 00:00;;;12.2;-1.9;;;;;;;;;;;;;;;;;;;45.6;31;;;;;;
LUZ;01.06.1871 00:00;;;13;-4.6;;;;;;;;;;;;;;;;;;;151.6;92;;;;;;
LUZ;01.07.1871 00:00;;;18.5;-1;;;;;;;;;;;;;;;;;;;129.1;78;;;;;;
LUZ;01.08.1871 00:00;;;17;-1.9;;;;;;;;;;;;;;;;;;;107.7;63;;;;;;
LUZ;01.09.1871 00:00;;;15.5;0.7;;;;;;;;;;;;;;;;;;;54.9;50;;;;;;
LUZ;01.10.1871 00:00;;;6.4;-3.9;;;;;;;;;;;;;;;;;;;109.9;125;;;;;;
LUZ;01.11.1871 00:00;;;-0.4;-5.5;;;;;;;;;;;;;;;;;;;64.7;83;;;;;;
LUZ;01.12.1871 00:00;;;-6.7;-8.6;;;;;;;;;;;;;;;;;;;20.9;27;;;;;;
LUZ;01.01.1872 00:00;;;0.2;-0.9;;;;;;;;;;;;;;;;;;;46.1;83;;;;;;
LUZ;01.02.1872 00:00;;;0.8;-1.1;;;;;;;;;;;;;;;;;;;43.2;70;;;;;;
LUZ;01.03.1872 00:00;;;5.5;-0.5;;;;;;;;;;;;;;;;;;;47;62;;;;;;
LUZ;01.04.1872 00:00;;;9.2;-0.7;;;;;;;;;;;;;;;;;;;58;60;;;;;;
LUZ;01.05.1872 00:00;;;11.5;-2.6;;;;;;;;;;;;;;;;;;;155.3;104;;;;;;
LUZ;01.06.1872 00:00;;;15.1;-2.5;;;;;;;;;;;;;;;;;;;181.5;110;;;;;;
LUZ;01.07.1872 00:00;;;18.3;-1.2;;;;;;;;;;;;;;;;;;;151.4;91;;;;;;
LUZ;01.08.1872 00:00;;;15;-3.9;;;;;;;;;;;;;;;;;;;239.6;141;;;;;;
LUZ;01.09.1872 00:00;;;13.7;-1.1;;;;;;;;;;;;;;;;;;;71.9;66;;;;;;
LUZ;01.10.1872 00:00;;;9.3;-1;;;;;;;;;;;;;;;;;;;105.8;120;;;;;;
LUZ;01.11.1872 00:00;;;5.4;0.3;;;;;;;;;;;;;;;;;;;72;92;;;;;;
LUZ;01.12.1872 00:00;;;2.4;0.5;;;;;;;;;;;;;;;;;;;101.5;129;;;;;;
LUZ;01.01.1873 00:00;;;1.3;0.2;;;;;;;;;;;;;;;;;;;38.9;70;;;;;;
LUZ;01.02.1873 00:00;;;-0.1;-2;;;;;;;;;;;;;;;;;;;31.9;52;;;;;;
LUZ;01.03.1873 00:00;;;5.9;-0.1;;;;;;;;;;;;;;;;;;;98.2;130;;;;;;
LUZ;01.04.1873 00:00;;;6.6;-3.3;;;;;;;;;;;;;;;;;;;172;178;;;;;;
LUZ;01.05.1873 00:00;;;10.2;-3.9;;;;;;;;;;;;;;;;;;;134.9;91;;;;;;
LUZ;01.06.1873 00:00;;;16;-1.6;;;;;;;;;;;;;;;;;;;141.3;86;;;;;;
LUZ;01.07.1873 00:00;;;19.5;0;;;;;;;;;;;;;;;;;;;133.8;81;;;;;;
LUZ;01.08.1873 00:00;;;18;-0.9;;;;;;;;;;;;;;;;;;;195.9;115;;;;;;
LUZ;01.09.1873 00:00;;;12.9;-1.9;;;;;;;;;;;;;;;;;;;84.9;78;;;;;;
LUZ;01.10.1873 00:00;;;8.8;-1.5;;;;;;;;;;;;;;;;;;;138.1;157;;;;;;
LUZ;01.11.1873 00:00;;;3.7;-1.4;;;;;;;;;;;;;;;;;;;45.9;59;;;;;;
LUZ;01.12.1873 00:00;;;-1.2;-3.1;;;;;;;;;;;;;;;;;;;20.9;27;;;;;;
LUZ;01.01.1874 00:00;;;-0.5;-1.6;;;;;;;;;;;;;;;;;;;16.4;29;;;;;;
LUZ;01.02.1874 00:00;;;-0.2;-2.1;;;;;;;;;;;;;;;;;;;31.9;52;;;;;;
LUZ;01.03.1874 00:00;;;3.2;-2.8;;;;;;;;;;;;;;;;;;;45.9;61;;;;;;
LUZ;01.04.1874 00:00;;;10.1;0.2;;;;;;;;;;;;;;;;;;;76.3;79;;;;;;
LUZ;01.05.1874 00:00;;;8.9;-5.2;;;;;;;;;;;;;;;;;;;164.1;110;;;;;;
LUZ;01.06.1874 00:00;;;16.6;-1;;;;;;;;;;;;;;;;;;;132.9;81;;;;;;
LUZ;01.07.1874 00:00;;;19.6;0.1;;;;;;;;;;;;;;;;;;;228.6;138;;;;;;
LUZ;01.08.1874 00:00;;;15.2;-3.7;;;;;;;;;;;;;;;;;;;120.3;71;;;;;;
LUZ;01.09.1874 00:00;;;14.8;0;;;;;;;;;;;;;;;;;;;42.9;39;;;;;;
LUZ;01.10.1874 00:00;;;8.9;-1.4;;;;;;;;;;;;;;;;;;;30.2;34;;;;;;
LUZ;01.11.1874 00:00;;;1.1;-4;;;;;;;;;;;;;;;;;;;96;123;;;;;;
LUZ;01.12.1874 00:00;;;-2.6;-4.5;;;;;;;;;;;;;;;;;;;91;116;;;;;;
LUZ;01.01.1875 00:00;;;1.8;0.7;;;;;;;;;;;;;;;;;;;94.2;169;;;;;;
LUZ;01.02.1875 00:00;;;-3.4;-5.3;;;;;;;;;;;;;;;;;;;32.9;54;;;;;;
LUZ;01.03.1875 00:00;;;1.8;-4.2;;;;;;;;;;;;;;;;;;;48;64;;;;;;
LUZ;01.04.1875 00:00;;;8.3;-1.6;;;;;;;;;;;;;;;;;;;14.2;15;;;;;;
LUZ;01.05.1875 00:00;;;14.5;0.4;;;;;;;;;;;;;;;;;;;101;68;;;;;;
LUZ;01.06.1875 00:00;;;16.5;-1.1;;;;;;;;;;;;;;;;;;;256.4;156;;;;;;
LUZ;01.07.1875 00:00;;;16.5;-3;;;;;;;;;;;;;;;;;;;128.2;77;;;;;;
LUZ;01.08.1875 00:00;;;18.3;-0.6;;;;;;;;;;;;;;;;;;;79.5;47;;;;;;
LUZ;01.09.1875 00:00;;;14.7;-0.1;;;;;;;;;;;;;;;;;;;94.8;87;;;;;;
LUZ;01.10.1875 00:00;;;7.1;-3.2;;;;;;;;;;;;;;;;;;;160.3;182;;;;;;
LUZ;01.11.1875 00:00;;;3.2;-1.9;;;;;;;;;;;;;;;;;;;113.7;146;;;;;;
LUZ;01.12.1875 00:00;;;-2.7;-4.6;;;;;;;;;;;;;;;;;;;28.2;36;;;;;;
LUZ;01.01.1876 00:00;;;-2.8;-3.9;;;;;;;;;;;;;;;;;;;37.9;68;;;;;;
LUZ;01.02.1876 00:00;;;1.2;-0.7;;;;;;;;;;;;;;;;;;;78.2;128;;;;;;
LUZ;01.03.1876 00:00;;;3.7;-2.3;;;;;;;;;;;;;;;;;;;216.2;287;;;;;;
LUZ;01.04.1876 00:00;;;7.8;-2.1;;;;;;;;;;;;;;;;;;;145.5;151;;;;;;
LUZ;01.05.1876 00:00;;;8.9;-5.2;;;;;;;;;;;;;;;;;;;129.1;87;;;;;;
LUZ;01.06.1876 00:00;;;15.4;-2.2;;;;;;;;;;;;;;;;;;;223.6;136;;;;;;
LUZ;01.07.1876 00:00;;;18.2;-1.3;;;;;;;;;;;;;;;;;;;118.9;72;;;;;;
LUZ;01.08.1876 00:00;;;17.1;-1.8;;;;;;;;;;;;;;;;;;;132.9;78;;;;;;
LUZ;01.09.1876 00:00;;;12.1;-2.7;;;;;;;;;;;;;;;;;;;141.8;130;;;;;;
LUZ;01.10.1876 00:00;;;10.5;0.2;;;;;;;;;;;;;;;;;;;23.2;26;;;;;;
LUZ;01.11.1876 00:00;;;3;-2.1;;;;;;;;;;;;;;;;;;;86.6;111;;;;;;
LUZ;01.12.1876 00:00;;;3.4;1.5;;;;;;;;;;;;;;;;;;;65.9;84;;;;;;
LUZ;01.01.1877 00:00;;;3.1;2;;;;;;;;;;;;;;;;;;;49.1;88;;;;;;
LUZ;01.02.1877 00:00;;;3.2;1.3;;;;;;;;;;;;;;;;;;;87.5;143;;;;;;
LUZ;01.03.1877 00:00;;;2.3;-3.7;;;;;;;;;;;;;;;;;;;108.6;144;;;;;;
LUZ;01.04.1877 00:00;;;7.7;-2.2;;;;;;;;;;;;;;;;;;;131.3;136;;;;;;
LUZ;01.05.1877 00:00;;;9.9;-4.2;;;;;;;;;;;;;;;;;;;140.8;95;;;;;;
LUZ;01.06.1877 00:00;;;18.4;0.8;;;;;;;;;;;;;;;;;;;91.7;56;;;;;;
LUZ;01.07.1877 00:00;;;16.8;-2.7;;;;;;;;;;;;;;;;;;;195.1;118;;;;;;
LUZ;01.08.1877 00:00;;;17.6;-1.3;;;;;;;;;;;;;;;;;;;163.9;96;;;;;;
LUZ;01.09.1877 00:00;;;11;-3.8;;;;;;;;;;;;;;;;;;;78.9;72;;;;;;
LUZ;01.10.1877 00:00;;;6.5;-3.8;;;;;;;;;;;;;;;;;;;66.5;75;;;;;;
LUZ;01.11.1877 00:00;;;5.1;0;;;;;;;;;;;;;;;;;;;97;125;;;;;;
LUZ;01.12.1877 00:00;;;0.6;-1.3;;;;;;;;;;;;;;;;;;;94.1;120;;;;;;
LUZ;01.01.1878 00:00;;;-2.2;-3.3;;;;;;;;;;;;;;;;;;;78.8;141;;;;;;
LUZ;01.02.1878 00:00;;;1;-0.9;;;;;;;;;;;;;;;;;;;19.6;32;;;;;;
LUZ;01.03.1878 00:00;;;2.8;-3.2;;;;;;;;;;;;;;;;;;;78.3;104;;;;;;
LUZ;01.04.1878 00:00;;;8.5;-1.4;;;;;;;;;;;;;;;;;;;92.6;96;;;;;;
LUZ;01.05.1878 00:00;;;14;-0.1;;;;;;;;;;;;;;;;;;;106.8;72;;;;;;
LUZ;01.06.1878 00:00;;;15.2;-2.4;;;;;;;;;;;;;;;;;;;197.4;120;;;;;;
LUZ;01.07.1878 00:00;;;16.6;-2.9;;;;;;;;;;;;;;;;;;;158.9;96;;;;;;
LUZ;01.08.1878 00:00;;;16.3;-2.6;;;;;;;;;;;;;;;;;;;150.3;88;;;;;;
LUZ;01.09.1878 00:00;;;13.1;-1.7;;;;;;;;;;;;;;;;;;;134.8;123;;;;;;
LUZ;01.10.1878 00:00;;;9.2;-1.1;;;;;;;;;;;;;;;;;;;95.7;109;;;;;;
LUZ;01.11.1878 00:00;;;1.9;-3.2;;;;;;;;;;;;;;;;;;;50.1;64;;;;;;
LUZ;01.12.1878 00:00;;;-2.4;-4.3;;;;;;;;;;;;;;;;;;;126.6;161;;;;;;
LUZ;01.01.1879 00:00;;;-1.2;-2.3;;;;;;;;;;;;;;;;;;;61.4;110;;;;;;
LUZ;01.02.1879 00:00;;;1.5;-0.4;;;;;;;;;;;;;;;;;;;111.2;181;;;;;;
LUZ;01.03.1879 00:00;;;3.7;-2.3;;;;;;;;;;;;;;;;;;;16.7;22;;;;;;
LUZ;01.04.1879 00:00;;;6;-3.9;;;;;;;;;;;;;;;;;;;142.5;148;;;;;;
LUZ;01.05.1879 00:00;;;8.3;-5.8;;;;;;;;;;;;;;;;;;;138.8;93;;;;;;
LUZ;01.06.1879 00:00;;;15.9;-1.7;;;;;;;;;;;;;;;;;;;139.4;85;;;;;;
LUZ;01.07.1879 00:00;;;14.9;-4.6;;;;;;;;;;;;;;;;;;;159.8;97;;;;;;
LUZ;01.08.1879 00:00;;;17.7;-1.2;;;;;;;;;;;;;;;;;;;193;114;;;;;;
LUZ;01.09.1879 00:00;;;13;-1.8;;;;;;;;;;;;;;;;;;;124.8;114;;;;;;
LUZ;01.10.1879 00:00;;;6.5;-3.8;;;;;;;;;;;;;;;;;;;83.7;95;;;;;;
LUZ;01.11.1879 00:00;;;-0.1;-5.2;;;;;;;;;;;;;;;;;;;108.5;139;;;;;;
LUZ;01.12.1879 00:00;;;-7.5;-9.4;;;;;;;;;;;;;;;;;;;35.6;45;;;;;;
LUZ;01.01.1880 00:00;;;-5.1;-6.2;;;;;;;;;;;;;;;;;;;23.5;42;;;;;;
LUZ;01.02.1880 00:00;;;0.8;-1.1;;;;;;;;;;;;;;;;;;;42.2;69;;;;;;
LUZ;01.03.1880 00:00;;;6.5;0.5;;;;;;;;;;;;;;;;;;;25.1;33;;;;;;
LUZ;01.04.1880 00:00;;;8.4;-1.5;;;;;;;;;;;;;;;;;;;149.6;155;;;;;;
LUZ;01.05.1880 00:00;;;11.1;-3;;;;;;;;;;;;;;;;;;;72.8;49;;;;;;
LUZ;01.06.1880 00:00;;;14.7;-2.9;;;;;;;;;;;;;;;;;;;118.8;72;;;;;;
LUZ;01.07.1880 00:00;;;18.8;-0.7;;;;;;;;;;;;;;;;;;;171;103;;;;;;
LUZ;01.08.1880 00:00;;;15.6;-3.3;;;;;;;;;;;;;;;;;;;211.6;124;;;;;;
LUZ;01.09.1880 00:00;;;13.7;-1.1;;;;;;;;;;;;;;;;;;;89.1;82;;;;;;
LUZ;01.10.1880 00:00;;;8.2;-2.1;;;;;;;;;;;;;;;;;;;214.1;243;;;;;;
LUZ;01.11.1880 00:00;;;4.3;-0.8;;;;;;;;;;;;;;;;;;;36.4;47;;;;;;
LUZ;01.12.1880 00:00;;;4.4;2.5;;;;;;;;;;;;;;;;;;;63;80;;;;;;
LUZ;01.01.1881 00:00;;;-3.3;-4.4;;;;;;;;;;;;;;;;;;;37.3;67;;;;;;
LUZ;01.02.1881 00:00;;;1.7;-0.2;;;;;;;;;;;;;;;;;;;35.5;58;;;;;;
LUZ;01.03.1881 00:00;;;4.8;-1.2;;;;;;;;;;;;;;;;;;;71.2;94;;;;;;
LUZ;01.04.1881 00:00;;;7.1;-2.8;;;;;;;;;;;;;;;;;;;110.9;115;;;;;;
LUZ;01.05.1881 00:00;;;11.4;-2.7;;;;;;;;;;;;;;;;;;;90.9;61;;;;;;
LUZ;01.06.1881 00:00;;;14.8;-2.8;;;;;;;;;;;;;;;;;;;205.2;125;;;;;;
LUZ;01.07.1881 00:00;;;19.8;0.3;;;;;;;;;;;;;;;;;;;124.1;75;;;;;;
LUZ;01.08.1881 00:00;;;16.7;-2.2;;;;;;;;;;;;;;;;;;;209.4;123;;;;;;
LUZ;01.09.1881 00:00;;;11.8;-3;;;;;;;;;;;;;;;;;;;187.4;172;;;;;;
LUZ;01.10.1881 00:00;;;5.1;-5.2;;;;;;;;;;;;;;;;;;;76.5;87;;;;;;
LUZ;01.11.1881 00:00;;;4.2;-0.9;;;;;;;;;;;;;;;;;;;13.7;18;;;;;;
LUZ;01.12.1881 00:00;;;-0.2;-2.1;;;;;;;;;;;;;;;;;;;35;45;;;;;;
LUZ;01.01.1882 00:00;;;-1.3;-2.4;;;;;;;;;;;;;;;;;;;17.1;31;;;;;;
LUZ;01.02.1882 00:00;;;0.1;-1.8;;;;;;;;;;;;;;;;;;;22;36;;;;;;
LUZ;01.03.1882 00:00;;;5.4;-0.6;;;;;;;;;;;;;;;;;;;34.4;46;;;;;;
LUZ;01.04.1882 00:00;;;8;-1.9;;;;;;;;;;;;;;;;;;;72.6;75;;;;;;
LUZ;01.05.1882 00:00;;;12.7;-1.4;;;;;;;;;;;;;;;;;;;113.7;76;;;;;;
LUZ;01.06.1882 00:00;;;14.6;-3;;;;;;;;;;;;;;;;;;;249;151;;;;;;
LUZ;01.07.1882 00:00;;;15.7;-3.8;;;;;;;;;;;;;;;;;;;144.8;87;;;;;;
LUZ;01.08.1882 00:00;;;14.7;-4.2;;;;;;;;;;;;;;;;;;;98.6;58;;;;;;
LUZ;01.09.1882 00:00;;;11.5;-3.3;;;;;;;;;;;;;;;;;;;247.6;227;;;;;;
LUZ;01.10.1882 00:00;;;9;-1.3;;;;;;;;;;;;;;;;;;;157.1;178;;;;;;
LUZ;01.11.1882 00:00;;;4.7;-0.4;;;;;;;;;;;;;;;;;;;136.2;175;;;;;;
LUZ;01.12.1882 00:00;;;0.8;-1.1;;;;;;;;;;;;;;;;;;;81.5;104;;;;;;
LUZ;01.01.1883 00:00;;;0.5;-0.6;;;;;;;;;;;;;;;;;;;31.4;56;;;;;;
LUZ;01.02.1883 00:00;;;2.7;0.8;;;;;;;;;;;;;;;;;;;52.8;86;;;;;;
LUZ;01.03.1883 00:00;;;0.2;-5.8;;;;;;;;;;;;;;;;;;;47.6;63;;;;;;
LUZ;01.04.1883 00:00;;;7.6;-2.3;;;;;;;;;;;;;;;;;;;47.3;49;;;;;;
LUZ;01.05.1883 00:00;;;12.6;-1.5;;;;;;;;;;;;;;;;;;;126.6;85;;;;;;
LUZ;01.06.1883 00:00;;;14.9;-2.7;;;;;;;;;;;;;;;;;;;175.8;107;;;;;;
LUZ;01.07.1883 00:00;;;16.1;-3.4;;;;;;;;;;;;;;;;;;;229.7;139;;;;;;
LUZ;01.08.1883 00:00;;;15.7;-3.2;;;;;;;;;;;;;;;;;;;86.2;51;;;;;;
LUZ;01.09.1883 00:00;;;12.8;-2;;;;;;;;;;;;;;;;;;;116.8;107;;;;;;
LUZ;01.10.1883 00:00;;;7.1;-3.2;;;;;;;;;;;;;;;;;;;79;90;;;;;;
LUZ;01.11.1883 00:00;;;4.1;-1;;;;;;;;;;;;;;;;;;;101.1;130;;;;;;
LUZ;01.12.1883 00:00;;;0.2;-1.7;;;;;;;;;;;;;;;;;;;44.3;57;;;;;;
LUZ;01.01.1884 00:00;;;1.9;0.8;;;;;;;;;;;;;;;;;;;24.7;44;;;;;;
LUZ;01.02.1884 00:00;;;2.1;0.2;;;;;;;;;;;;;;;;;;;81.2;132;;;;;;
LUZ;01.03.1884 00:00;;;5.1;-0.9;;;;;;;;;;;;;;;;;;;22.6;30;;;;;;
LUZ;01.04.1884 00:00;;;7.4;-2.5;;;;;;;;;;;;;;;;;;;74;77;;;;;;
LUZ;01.05.1884 00:00;;;13.4;-0.7;;;;;;;;;;;;;;;;;;;88.8;60;;;;;;
LUZ;01.06.1884 00:00;;;12.8;-4.8;;;;;;;;;;;;;;;;;;;159.2;97;;;;;;
LUZ;01.07.1884 00:00;;;17.9;-1.6;;;;;;;;;;;;;;;;;;;157.2;95;;;;;;
LUZ;01.08.1884 00:00;;;17.2;-1.7;;;;;;;;;;;;;;;;;;;115;68;;;;;;
LUZ;01.09.1884 00:00;;;13.4;-1.4;;;;;;;;;;;;;;;;;;;76.7;70;;;;;;
LUZ;01.10.1884 00:00;;;7.8;-2.5;;;;;;;;;;;;;;;;;;;52.9;60;;;;;;
LUZ;01.11.1884 00:00;;;1.9;-3.2;;;;;;;;;;;;;;;;;;;27.3;35;;;;;;
LUZ;01.12.1884 00:00;;;0.5;-1.4;;;;;;;;;;;;;;;;;;;84.8;108;;;;;;
LUZ;01.01.1885 00:00;;;-4;-5.1;;;;;;;;;;;;;;;;;;;10.4;19;;;;;;
LUZ;01.02.1885 00:00;;;3.1;1.2;;;;;;;;;;;;;;;;;;;92;150;;;;;;
LUZ;01.03.1885 00:00;;;3.6;-2.4;;;;;;;;;;;;;;;;;;;66.3;88;;;;;;
LUZ;01.04.1885 00:00;;;9.1;-0.8;;;;;;;;;;;;;;;;;;;61.4;64;;;;;;
LUZ;01.05.1885 00:00;;;10;-4.1;;;;;;;;;;;;;;;;;;;156.3;105;;;;;;
LUZ;01.06.1885 00:00;;;17.3;-0.3;;;;;;;;;;;;;;;;;;;26.7;16;;;;;;
LUZ;01.07.1885 00:00;;;18.5;-1;;;;;;;;;;;;;;;;;;;67.5;41;;;;;;
LUZ;01.08.1885 00:00;;;16.1;-2.8;;;;;;;;;;;;;;;;;;;108;64;;;;;;
LUZ;01.09.1885 00:00;;;12.4;-2.4;;;;;;;;;;;;;;;;;;;152.7;140;;;;;;
LUZ;01.10.1885 00:00;;;6.8;-3.5;;;;;;;;;;;;;;;;;;;148.5;168;;;;;;
LUZ;01.11.1885 00:00;;;4;-1.1;;;;;;;;;;;;;;;;;;;55.4;71;;;;;;
LUZ;01.12.1885 00:00;;;0.1;-1.8;;;;;;;;;;;;;;;;;;;110.3;141;;;;;;
LUZ;01.01.1886 00:00;-5.9;0.8;-1.7;-2.8;-4.3;-3.2;;;;;;;;;;;;;;;;;47;84;;;;;;
LUZ;01.02.1886 00:00;-5.7;0.3;-2.1;-4;-4;-5.5;;;;;;;;;;;;;;;;;52.9;86;;;;;;
LUZ;01.03.1886 00:00;-2.9;7;2;-4;-4.4;-3.9;;;;;;;;;;;;;;;;;59.2;79;;;;;;
LUZ;01.04.1886 00:00;3.8;14.4;9;-0.9;-1;-0.9;;;;;;;;;;;;;;;;;130.9;136;;;;;;
LUZ;01.05.1886 00:00;6.2;19;12.7;-1.4;-2.9;-0.4;;;;;;;;;;;;;;;;;71.4;48;;;;;;
LUZ;01.06.1886 00:00;10.2;18.7;14.1;-3.5;-2.6;-4.2;;;;;;;;;;;;;;;;;202.2;123;;;;;;
LUZ;01.07.1886 00:00;12.4;23.7;17.7;-1.8;-2.2;-1.2;;;;;;;;;;;;;;;;;144.8;87;;;;;;
LUZ;01.08.1886 00:00;12.5;21.8;16.4;-2.5;-1.9;-2.5;;;;;;;;;;;;;;;;;230.3;135;;;;;;
LUZ;01.09.1886 00:00;11.1;19.9;14.8;0;0.3;0.3;;;;;;;;;;;;;;;;;104.6;96;;;;;;
LUZ;01.10.1886 00:00;5.7;12.7;9.2;-1.1;-1.2;-1.6;;;;;;;;;;;;;;;;;90.7;103;;;;;;
LUZ;01.11.1886 00:00;0.5;6.8;4.1;-1;-1.7;-1.4;;;;;;;;;;;;;;;;;95.3;122;;;;;;
LUZ;01.12.1886 00:00;-3.2;3.5;0.7;-1.2;-2.4;-1;;;;;;;;;;;;;;;;;99.4;127;;;;;;
LUZ;01.01.1887 00:00;-7.4;-1.6;-3.8;-4.9;-5.8;-5.6;;;;;;;;;;;;;;;;;4.7;8;;;;;;
LUZ;01.02.1887 00:00;-6.5;1.9;-1.8;-3.7;-4.8;-3.9;;;;;;;;;;;;;;;;;7.7;13;;;;;;
LUZ;01.03.1887 00:00;-3.7;4.8;0.4;-5.6;-5.2;-6.1;;;;;;;;;;;;;;;;;134;178;;;;;;
LUZ;01.04.1887 00:00;1.7;13.7;7.4;-2.5;-3.1;-1.6;;;;;;;;;;;;;;;;;69.4;72;;;;;;
LUZ;01.05.1887 00:00;5.9;15.2;10;-4.1;-3.2;-4.2;;;;;;;;;;;;;;;;;171.1;115;;;;;;
LUZ;01.06.1887 00:00;10.8;23.7;16.9;-0.7;-2;0.8;;;;;;;;;;;;;;;;;62.9;38;;;;;;
LUZ;01.07.1887 00:00;14;25.7;19.2;-0.3;-0.6;0.8;;;;;;;;;;;;;;;;;86.8;52;;;;;;
LUZ;01.08.1887 00:00;11.6;22.2;16.1;-2.8;-2.8;-2.1;;;;;;;;;;;;;;;;;156.1;92;;;;;;
LUZ;01.09.1887 00:00;8.2;17.2;11.8;-3;-2.6;-2.4;;;;;;;;;;;;;;;;;120.8;111;;;;;;
LUZ;01.10.1887 00:00;1.2;8.7;4.8;-5.5;-5.7;-5.6;;;;;;;;;;;;;;;;;47.9;54;;;;;;
LUZ;01.11.1887 00:00;-1.3;4.9;2.3;-2.8;-3.5;-3.3;;;;;;;;;;;;;;;;;35.2;45;;;;;;
LUZ;01.12.1887 00:00;-4.2;1.8;-0.8;-2.7;-3.4;-2.7;;;;;;;;;;;;;;;;;107.1;137;;;;;;
LUZ;01.01.1888 00:00;-6.1;0.1;-2.4;-3.5;-4.5;-3.9;;;;;;;;;;;;;;;;;14;25;;;;;;
LUZ;01.02.1888 00:00;-5;1.8;-1.1;-3;-3.3;-4;;;;;;;;;;;;;;;;;67.3;110;;;;;;
LUZ;01.03.1888 00:00;-1.8;7;2.5;-3.5;-3.3;-3.9;;;;;;;;;;;;;;;;;72.3;96;;;;;;
LUZ;01.04.1888 00:00;1.8;10.8;6.3;-3.6;-3;-4.5;;;;;;;;;;;;;;;;;142.2;147;;;;;;
LUZ;01.05.1888 00:00;7.9;19.3;13.6;-0.5;-1.2;-0.1;;;;;;;;;;;;;;;;;74.1;50;;;;;;
LUZ;01.06.1888 00:00;11.1;21.9;16;-1.6;-1.7;-1;;;;;;;;;;;;;;;;;133.1;81;;;;;;
LUZ;01.07.1888 00:00;11;20.9;15.2;-4.3;-3.6;-4;;;;;;;;;;;;;;;;;228.8;138;;;;;;
LUZ;01.08.1888 00:00;11.3;20.7;15.1;-3.8;-3.1;-3.6;;;;;;;;;;;;;;;;;197.4;116;;;;;;
LUZ;01.09.1888 00:00;10;17.3;13;-1.8;-0.8;-2.3;;;;;;;;;;;;;;;;;224.3;205;;;;;;
LUZ;01.10.1888 00:00;1.2;9.2;5.1;-5.2;-5.7;-5.1;;;;;;;;;;;;;;;;;85.9;97;;;;;;
LUZ;01.11.1888 00:00;0.2;6.3;3.9;-1.2;-2;-1.9;;;;;;;;;;;;;;;;;32.9;42;;;;;;
LUZ;01.12.1888 00:00;-4.2;1.3;-0.9;-2.8;-3.4;-3.2;;;;;;;;;;;;;;;;;15.1;19;;;;;;
LUZ;01.01.1889 00:00;-5.6;-0.3;-2.3;-3.4;-4;-4.3;;;;;;;;;;;;;;;;;14;25;;;;;;
LUZ;01.02.1889 00:00;-5.7;2.3;-1.3;-3.2;-4;-3.5;;;;;;;;;;;;;;;;;74.2;121;;;;;;
LUZ;01.03.1889 00:00;-3.6;5.3;0.8;-5.2;-5.1;-5.6;;;;;;;;;;;;;;;;;61.8;82;;;;;;
LUZ;01.04.1889 00:00;2.1;12.2;7;-2.9;-2.7;-3.1;;;;;;;;;;;;;;;;;66.9;69;;;;;;
LUZ;01.05.1889 00:00;9.3;19;13.9;-0.2;0.2;-0.4;;;;;;;;;;;;;;;;;91;61;;;;;;
LUZ;01.06.1889 00:00;12.8;22.3;17;-0.6;0;-0.6;;;;;;;;;;;;;;;;;164.1;100;;;;;;
LUZ;01.07.1889 00:00;12.2;22.9;16.6;-2.9;-2.4;-2;;;;;;;;;;;;;;;;;166.8;101;;;;;;
LUZ;01.08.1889 00:00;11.6;20.9;15.4;-3.5;-2.8;-3.4;;;;;;;;;;;;;;;;;106.9;63;;;;;;
LUZ;01.09.1889 00:00;7.6;16.6;11.4;-3.4;-3.2;-3;;;;;;;;;;;;;;;;;106.9;98;;;;;;
LUZ;01.10.1889 00:00;4.3;10.8;7.4;-2.9;-2.6;-3.5;;;;;;;;;;;;;;;;;142.2;161;;;;;;
LUZ;01.11.1889 00:00;-0.3;4.8;2.8;-2.3;-2.5;-3.4;;;;;;;;;;;;;;;;;71.3;92;;;;;;
LUZ;01.12.1889 00:00;-6;-0.6;-2.8;-4.7;-5.2;-5.1;;;;;;;;;;;;;;;;;25.9;33;;;;;;
LUZ;01.01.1890 00:00;-3.5;3.7;0.4;-0.7;-1.9;-0.3;;;;;;;;;;;;;;;;;53.6;96;;;;;;
LUZ;01.02.1890 00:00;-6.5;0;-2.8;-4.7;-4.8;-5.8;;;;;;;;;;;;;;;;;4.8;8;;;;;;
LUZ;01.03.1890 00:00;-1.4;8.7;3.4;-2.6;-2.9;-2.2;;;;;;;;;;;;;;;;;30.6;41;;;;;;
LUZ;01.04.1890 00:00;2.5;12.7;7.4;-2.5;-2.3;-2.6;;;;;;;;;;;;;;;;;96.4;100;;;;;;
LUZ;01.05.1890 00:00;8.4;19.3;13.7;-0.4;-0.7;-0.1;;;;;;;;;;;;;;;;;111.2;75;;;;;;
LUZ;01.06.1890 00:00;10;20.2;14.8;-2.8;-2.8;-2.7;;;;;;;;;;;;;;;;;125.4;76;;;;;;
LUZ;01.07.1890 00:00;11.4;21.3;15.6;-3.9;-3.2;-3.6;;;;;;;;;;;;;;;;;137.7;83;;;;;;
LUZ;01.08.1890 00:00;12.2;21;15.9;-3;-2.2;-3.3;;;;;;;;;;;;;;;;;283.2;167;;;;;;
LUZ;01.09.1890 00:00;8;16.8;11.8;-3;-2.8;-2.8;;;;;;;;;;;;;;;;;37.2;34;;;;;;
LUZ;01.10.1890 00:00;2.2;10.1;6.2;-4.1;-4.7;-4.2;;;;;;;;;;;;;;;;;88.9;101;;;;;;
LUZ;01.11.1890 00:00;-0.6;6.1;3.2;-1.9;-2.8;-2.1;;;;;;;;;;;;;;;;;50.7;65;;;;;;
LUZ;01.12.1890 00:00;-7.4;-3;-4.7;-6.6;-6.6;-7.5;;;;;;;;;;;;;;;;;17.3;22;;;;;;
LUZ;01.01.1891 00:00;-10.2;-2.4;-5.8;-6.9;-8.6;-6.4;;;;;;;;;;;;;;;;;24.7;44;;;;;;
LUZ;01.02.1891 00:00;-8;1.4;-3.1;-5;-6.3;-4.4;;;;;;;;;;;;;;;;;10.6;17;;;;;;
LUZ;01.03.1891 00:00;-1.8;7.6;2.5;-3.5;-3.3;-3.3;;;;;;;;;;;;;;;;;112;149;;;;;;
LUZ;01.04.1891 00:00;0.9;10.4;5.5;-4.4;-3.9;-4.9;;;;;;;;;;;;;;;;;103.2;107;;;;;;
LUZ;01.05.1891 00:00;7.7;17.4;12.1;-2;-1.4;-2;;;;;;;;;;;;;;;;;151;102;;;;;;
LUZ;01.06.1891 00:00;11;22;15.8;-1.8;-1.8;-0.9;;;;;;;;;;;;;;;;;98.8;60;;;;;;
LUZ;01.07.1891 00:00;12.1;21.5;16;-3.5;-2.5;-3.4;;;;;;;;;;;;;;;;;240.6;145;;;;;;
LUZ;01.08.1891 00:00;11.2;20.4;14.9;-4;-3.2;-3.9;;;;;;;;;;;;;;;;;124.9;73;;;;;;
LUZ;01.09.1891 00:00;9.3;18.2;12.9;-1.9;-1.5;-1.4;;;;;;;;;;;;;;;;;118.8;109;;;;;;
LUZ;01.10.1891 00:00;4.6;12.8;8.5;-1.8;-2.3;-1.5;;;;;;;;;;;;;;;;;85;96;;;;;;
LUZ;01.11.1891 00:00;-1.2;4.9;2.4;-2.7;-3.4;-3.3;;;;;;;;;;;;;;;;;88.5;114;;;;;;
LUZ;01.12.1891 00:00;-3.3;3.4;0.5;-1.4;-2.5;-1.1;;;;;;;;;;;;;;;;;65.8;84;;;;;;
LUZ;01.01.1892 00:00;-5.1;1.2;-1.6;-2.7;-3.5;-2.8;;;;;;;;;;;;;;;;;80.4;144;;;;;;
LUZ;01.02.1892 00:00;-3;5.1;1.3;-0.6;-1.3;-0.7;;;;;;;;;;;;;;;;;48.9;80;;;;;;
LUZ;01.03.1892 00:00;-4.1;5.8;0.6;-5.4;-5.6;-5.1;;;;;;;;;;;;;;;;;38.1;51;;;;;;
LUZ;01.04.1892 00:00;2.6;13.4;7.6;-2.3;-2.2;-1.9;;;;;;;;;;;;;;;;;97.4;101;;;;;;
LUZ;01.05.1892 00:00;6.9;18;12.3;-1.8;-2.2;-1.4;;;;;;;;;;;;;;;;;61.3;41;;;;;;
LUZ;01.06.1892 00:00;11.5;21.2;15.8;-1.8;-1.3;-1.7;;;;;;;;;;;;;;;;;176.6;107;;;;;;
LUZ;01.07.1892 00:00;11.8;22.5;16.4;-3.1;-2.8;-2.4;;;;;;;;;;;;;;;;;201.7;122;;;;;;
LUZ;01.08.1892 00:00;12.7;23.4;17.3;-1.6;-1.7;-0.9;;;;;;;;;;;;;;;;;109.7;65;;;;;;
LUZ;01.09.1892 00:00;10.2;18.1;13.2;-1.6;-0.6;-1.5;;;;;;;;;;;;;;;;;187.1;171;;;;;;
LUZ;01.10.1892 00:00;4;11.4;7.5;-2.8;-2.9;-2.9;;;;;;;;;;;;;;;;;124.1;141;;;;;;
LUZ;01.11.1892 00:00;2.6;7.9;5.7;0.6;0.4;-0.3;;;;;;;;;;;;;;;;;60.2;77;;;;;;
LUZ;01.12.1892 00:00;-4.7;0.9;-1.5;-3.4;-3.9;-3.6;;;;;;;;;;;;;;;;;34.5;44;;;;;;
LUZ;01.01.1893 00:00;-9.1;-2.2;-5.2;-6.3;-7.5;-6.2;;;;;;;;;;;;;;;;;41.7;75;;;;;;
LUZ;01.02.1893 00:00;-2.5;5.8;2;0.1;-0.8;0;;;;;;;;;;;;;;;;;42.2;69;;;;;;
LUZ;01.03.1893 00:00;-0.4;10.9;4.8;-1.2;-1.9;0;;;;;;;;;;;;;;;;;31.1;41;;;;;;
LUZ;01.04.1893 00:00;3.9;18.6;11.2;1.3;-0.9;3.3;;;;;;;;;;;;;;;;;0.2;0;;;;;;
LUZ;01.05.1893 00:00;7;18.1;12.2;-1.9;-2.1;-1.3;;;;;;;;;;;;;;;;;159.3;107;;;;;;
LUZ;01.06.1893 00:00;10.3;22.1;15.8;-1.8;-2.5;-0.8;;;;;;;;;;;;;;;;;130.2;79;;;;;;
LUZ;01.07.1893 00:00;12.7;22.8;16.9;-2.6;-1.9;-2.1;;;;;;;;;;;;;;;;;173.1;105;;;;;;
LUZ;01.08.1893 00:00;12.5;23.8;17.2;-1.7;-1.9;-0.5;;;;;;;;;;;;;;;;;33;19;;;;;;
LUZ;01.09.1893 00:00;9.7;18.3;13.1;-1.7;-1.1;-1.3;;;;;;;;;;;;;;;;;107.7;99;;;;;;
LUZ;01.10.1893 00:00;5.1;13.6;9.3;-1;-1.8;-0.7;;;;;;;;;;;;;;;;;89.8;102;;;;;;
LUZ;01.11.1893 00:00;-0.5;4.7;2.6;-2.5;-2.7;-3.5;;;;;;;;;;;;;;;;;110.7;142;;;;;;
LUZ;01.12.1893 00:00;-3.7;1;-0.9;-2.8;-2.9;-3.5;;;;;;;;;;;;;;;;;34.9;45;;;;;;
LUZ;01.01.1894 00:00;-6.5;0.5;-2.4;-3.5;-4.9;-3.5;;;;;;;;;;;;;;;;;26.6;48;;;;;;
LUZ;01.02.1894 00:00;-3.7;4.5;0.7;-1.2;-2;-1.3;;;;;;;;;;;;;;;;;59.6;97;;;;;;
LUZ;01.03.1894 00:00;-0.6;9.9;4.3;-1.7;-2.1;-1;;;;;;;;;;;;;;;;;49.9;66;;;;;;
LUZ;01.04.1894 00:00;4.6;15.9;9.9;0;-0.2;0.6;;;;;;;;;;;;;;;;;76.4;79;;;;;;
LUZ;01.05.1894 00:00;7.5;16.5;11.6;-2.5;-1.6;-2.9;;;;;;;;;;;;;;;;;124.6;84;;;;;;
LUZ;01.06.1894 00:00;10;21;15.1;-2.5;-2.8;-1.9;;;;;;;;;;;;;;;;;79.3;48;;;;;;
LUZ;01.07.1894 00:00;12.3;24.1;17.5;-2;-2.3;-0.8;;;;;;;;;;;;;;;;;155.2;94;;;;;;
LUZ;01.08.1894 00:00;11.8;21.5;15.7;-3.2;-2.6;-2.8;;;;;;;;;;;;;;;;;143.5;84;;;;;;
LUZ;01.09.1894 00:00;8.8;16.1;11.7;-3.1;-2;-3.5;;;;;;;;;;;;;;;;;161.8;148;;;;;;
LUZ;01.10.1894 00:00;4.8;12.1;8.4;-1.9;-2.1;-2.2;;;;;;;;;;;;;;;;;93.4;106;;;;;;
LUZ;01.11.1894 00:00;0.5;6.2;3.9;-1.2;-1.7;-2;;;;;;;;;;;;;;;;;34.5;44;;;;;;
LUZ;01.12.1894 00:00;-4.3;1.7;-0.8;-2.7;-3.5;-2.8;;;;;;;;;;;;;;;;;30.2;39;;;;;;
LUZ;01.01.1895 00:00;-8.1;-1.2;-4.3;-5.4;-6.5;-5.2;;;;;;;;;;;;;;;;;66.1;118;;;;;;
LUZ;01.02.1895 00:00;-11.8;-2.7;-6.8;-8.7;-10.1;-8.5;;;;;;;;;;;;;;;;;36.7;60;;;;;;
LUZ;01.03.1895 00:00;-2.8;6.4;1.6;-4.4;-4.3;-4.5;;;;;;;;;;;;;;;;;98.1;130;;;;;;
LUZ;01.04.1895 00:00;4;14.6;9;-0.9;-0.8;-0.7;;;;;;;;;;;;;;;;;81.9;85;;;;;;
LUZ;01.05.1895 00:00;7.2;17.8;12;-2.1;-1.9;-1.6;;;;;;;;;;;;;;;;;110.6;74;;;;;;
LUZ;01.06.1895 00:00;11;21.6;15.7;-1.9;-1.8;-1.3;;;;;;;;;;;;;;;;;127.4;77;;;;;;
LUZ;01.07.1895 00:00;12.7;24.3;17.7;-1.8;-1.9;-0.6;;;;;;;;;;;;;;;;;93;56;;;;;;
LUZ;01.08.1895 00:00;11.9;22.1;16.1;-2.8;-2.5;-2.2;;;;;;;;;;;;;;;;;188.5;111;;;;;;
LUZ;01.09.1895 00:00;10.7;21.9;15.4;0.6;-0.1;2.3;;;;;;;;;;;;;;;;;18.1;17;;;;;;
LUZ;01.10.1895 00:00;3.6;11.9;7.5;-2.8;-3.3;-2.4;;;;;;;;;;;;;;;;;102.8;117;;;;;;
LUZ;01.11.1895 00:00;2.3;8.6;5.9;0.8;0.1;0.4;;;;;;;;;;;;;;;;;68;87;;;;;;
LUZ;01.12.1895 00:00;-1.2;4.4;1.9;0;-0.4;-0.1;;;;;;;;;;;;;;;;;93;119;;;;;;
LUZ;01.01.1896 00:00;-4.6;1;-1.3;-2.4;-3;-3;;;;;;;;;;;;;;;;;15.3;27;;;;;;
LUZ;01.02.1896 00:00;-4.9;1.8;-1.3;-3.2;-3.2;-4;;;;;;;;;;;;;;;;;12.1;20;;;;;;
LUZ;01.03.1896 00:00;1.9;11;6.2;0.2;0.4;0.1;;;;;;;;;;;;;;;;;137.6;182;;;;;;
LUZ;01.04.1896 00:00;1.7;10.6;5.9;-4;-3.1;-4.7;;;;;;;;;;;;;;;;;168.3;174;;;;;;
LUZ;01.05.1896 00:00;5.6;15.9;10.6;-3.5;-3.5;-3.5;;;;;;;;;;;;;;;;;145.1;98;;;;;;
LUZ;01.06.1896 00:00;11.4;21.3;15.7;-1.9;-1.4;-1.6;;;;;;;;;;;;;;;;;119.5;73;;;;;;
LUZ;01.07.1896 00:00;13.1;23.6;17.5;-2;-1.5;-1.3;;;;;;;;;;;;;;;;;177.4;107;;;;;;
LUZ;01.08.1896 00:00;11;18.8;13.9;-5;-3.4;-5.5;;;;;;;;;;;;;;;;;164.3;97;;;;;;
LUZ;01.09.1896 00:00;9.5;17.2;12.5;-2.3;-1.3;-2.4;;;;;;;;;;;;;;;;;198.7;182;;;;;;
LUZ;01.10.1896 00:00;3.5;11;7;-3.3;-3.4;-3.3;;;;;;;;;;;;;;;;;123.5;140;;;;;;
LUZ;01.11.1896 00:00;-0.8;3.9;2;-3.1;-3;-4.3;;;;;;;;;;;;;;;;;62.8;81;;;;;;
LUZ;01.12.1896 00:00;-2.8;2.2;0.3;-1.6;-2;-2.3;;;;;;;;;;;;;;;;;38.1;49;;;;;;
LUZ;01.01.1897 00:00;-4.8;0.6;-1.6;-2.7;-3.2;-3.4;;;;;;;;;;;;;;;;;41;73;;;;;;
LUZ;01.02.1897 00:00;-0.5;7.5;3.7;1.8;1.2;1.7;;;;;;;;;;;;;;;;;134.7;220;;;;;;
LUZ;01.03.1897 00:00;2.5;11.3;6.5;0.5;1;0.4;;;;;;;;;;;;;;;;;76;101;;;;;;
LUZ;01.04.1897 00:00;3.4;13.2;8;-1.9;-1.4;-2.1;;;;;;;;;;;;;;;;;143.1;148;;;;;;
LUZ;01.05.1897 00:00;6.2;15.9;10.4;-3.7;-2.9;-3.5;;;;;;;;;;;;;;;;;128.5;86;;;;;;
LUZ;01.06.1897 00:00;12;23.5;17.3;-0.3;-0.8;0.6;;;;;;;;;;;;;;;;;134.7;82;;;;;;
LUZ;01.07.1897 00:00;13.3;23.4;17.6;-1.9;-1.3;-1.5;;;;;;;;;;;;;;;;;137.6;83;;;;;;
LUZ;01.08.1897 00:00;12.7;22.2;16.5;-2.4;-1.7;-2.1;;;;;;;;;;;;;;;;;206.7;122;;;;;;
LUZ;01.09.1897 00:00;8.7;16;11.7;-3.1;-2.1;-3.6;;;;;;;;;;;;;;;;;258.7;237;;;;;;
LUZ;01.10.1897 00:00;3.6;10.2;6.8;-3.5;-3.3;-4.1;;;;;;;;;;;;;;;;;19.6;22;;;;;;
LUZ;01.11.1897 00:00;-0.5;5.6;2.8;-2.3;-2.7;-2.6;;;;;;;;;;;;;;;;;15.7;20;;;;;;
LUZ;01.12.1897 00:00;-3.5;2.1;-0.3;-2.2;-2.7;-2.4;;;;;;;;;;;;;;;;;29.8;38;;;;;;
LUZ;01.01.1898 00:00;-2.8;3.1;0.7;-0.4;-1.2;-0.9;;;;;;;;;;;;;;;;;12.2;22;;;;;;
LUZ;01.02.1898 00:00;-2.8;4.5;1;-0.9;-1.1;-1.3;;;;;;;;;;;;;;;;;85.6;140;;;;;;
LUZ;01.03.1898 00:00;-0.3;7.4;3.3;-2.7;-1.8;-3.5;;;;;;;;;;;;;;;;;45.3;60;;;;;;
LUZ;01.04.1898 00:00;3.9;13.2;8.5;-1.4;-0.9;-2.1;;;;;;;;;;;;;;;;;92.9;96;;;;;;
LUZ;01.05.1898 00:00;7.4;16.5;11.6;-2.5;-1.7;-2.9;;;;;;;;;;;;;;;;;187.8;126;;;;;;
LUZ;01.06.1898 00:00;10;20;14.5;-3.1;-2.8;-2.9;;;;;;;;;;;;;;;;;192.7;117;;;;;;
LUZ;01.07.1898 00:00;11.6;22.1;16.2;-3.3;-3;-2.8;;;;;;;;;;;;;;;;;115.4;70;;;;;;
LUZ;01.08.1898 00:00;12.9;24.5;17.8;-1.1;-1.5;0.2;;;;;;;;;;;;;;;;;87.4;51;;;;;;
LUZ;01.09.1898 00:00;10.3;19.6;14;-0.8;-0.5;0;;;;;;;;;;;;;;;;;60.5;55;;;;;;
LUZ;01.10.1898 00:00;6.5;13;9.7;-0.6;-0.4;-1.3;;;;;;;;;;;;;;;;;132.2;150;;;;;;
LUZ;01.11.1898 00:00;2.1;6.9;5;-0.1;-0.1;-1.3;;;;;;;;;;;;;;;;;104.3;134;;;;;;
LUZ;01.12.1898 00:00;-3.2;2.9;0.3;-1.6;-2.4;-1.6;;;;;;;;;;;;;;;;;47.1;60;;;;;;
LUZ;01.01.1899 00:00;-1.7;4.8;1.8;0.7;-0.1;0.8;;;;;;;;;;;;;;;;;76.3;137;;;;;;
LUZ;01.02.1899 00:00;-3.2;7.3;2.1;0.2;-1.5;1.5;;;;;;;;;;;;;;;;;28.4;46;;;;;;
LUZ;01.03.1899 00:00;-1.3;10.5;4;-2;-2.8;-0.4;;;;;;;;;;;;;;;;;38.2;51;;;;;;
LUZ;01.04.1899 00:00;3.2;13.1;7.9;-2;-1.6;-2.2;;;;;;;;;;;;;;;;;139.9;145;;;;;;
LUZ;01.05.1899 00:00;7.2;17.7;11.9;-2.2;-1.9;-1.7;;;;;;;;;;;;;;;;;136.2;92;;;;;;
LUZ;01.06.1899 00:00;10.3;22.4;15.8;-1.8;-2.5;-0.5;;;;;;;;;;;;;;;;;77.3;47;;;;;;
LUZ;01.07.1899 00:00;12.8;23.8;17.4;-2.1;-1.8;-1.1;;;;;;;;;;;;;;;;;100.3;61;;;;;;
LUZ;01.08.1899 00:00;12.9;25;18;-0.9;-1.5;0.7;;;;;;;;;;;;;;;;;63.9;38;;;;;;
LUZ;01.09.1899 00:00;9.5;18.7;13;-1.8;-1.3;-0.9;;;;;;;;;;;;;;;;;125.7;115;;;;;;
LUZ;01.10.1899 00:00;4.4;12.8;8.5;-1.8;-2.5;-1.5;;;;;;;;;;;;;;;;;102.2;116;;;;;;
LUZ;01.11.1899 00:00;0.1;7.3;3.9;-1.2;-2.1;-0.9;;;;;;;;;;;;;;;;;18.5;24;;;;;;
LUZ;01.12.1899 00:00;-5.5;0.2;-2.2;-4.1;-4.7;-4.3;;;;;;;;;;;;;;;;;82.8;106;;;;;;
LUZ;01.01.1900 00:00;-2.2;4.1;1.2;0.1;-0.6;0.1;;;;;;;;;;;;;;;;;113.2;203;;;;;;
LUZ;01.02.1900 00:00;-1.5;6.8;2.9;1;0.2;1;;;;;;;;;;;;;;;;;69.4;113;;;;;;
LUZ;01.03.1900 00:00;-3.8;5.8;0.6;-5.4;-5.3;-5.1;;;;;;;;;;;;;;;;;65.3;87;;;;;;
LUZ;01.04.1900 00:00;2.3;12.6;7.1;-2.8;-2.5;-2.7;;;;;;;;;;;;;;;;;77.7;81;;;;;;
LUZ;01.05.1900 00:00;6.7;16.4;11.1;-3;-2.4;-3;;;;;;;;;;;;;;;;;147.8;99;;;;;;
LUZ;01.06.1900 00:00;11.5;23.6;17;-0.6;-1.3;0.7;;;;;;;;;;;;;;;;;70.2;43;;;;;;
LUZ;01.07.1900 00:00;13.6;24.8;18.3;-1.2;-1;-0.1;;;;;;;;;;;;;;;;;267.1;161;;;;;;
LUZ;01.08.1900 00:00;11.7;22;15.7;-3.2;-2.7;-2.3;;;;;;;;;;;;;;;;;141.6;83;;;;;;
LUZ;01.09.1900 00:00;10.9;20.8;14.9;0.1;0.1;1.2;;;;;;;;;;;;;;;;;55.3;51;;;;;;
LUZ;01.10.1900 00:00;5.2;13.6;8.9;-1.4;-1.7;-0.7;;;;;;;;;;;;;;;;;71.4;81;;;;;;
LUZ;01.11.1900 00:00;1.4;7.2;4.8;-0.3;-0.8;-1;;;;;;;;;;;;;;;;;75.5;97;;;;;;
LUZ;01.12.1900 00:00;-1.5;4.8;2;0.1;-0.7;0.3;;;;;;;;;;;;;;;;;49.1;63;;;;;;
LUZ;01.01.1901 00:00;-5;1.4;-1.5;-2.6;-3.4;-2.6;;;;;;;;;;;;;;;;;33.3;60;;;2611;86;;
LUZ;01.02.1901 00:00;-9.5;0.2;-4.1;-6;-7.8;-5.6;;;;;;;;;;;;;;;;;29.7;48;;;5842;122;;
LUZ;01.03.1901 00:00;-1.7;7;2.5;-3.5;-3.2;-3.9;;;;;;;;;;;;;;;;;89.1;118;;;5790;72;;
LUZ;01.04.1901 00:00;3.3;14.1;8.2;-1.7;-1.5;-1.2;;;;;;;;;;;;;;;;;204.7;212;;;9787;101;;
LUZ;01.05.1901 00:00;7.2;19.7;13;-1.1;-1.9;0.3;;;;;;;;;;;;;;;;;34;23;;;14325;138;;
LUZ;01.06.1901 00:00;11.2;22.6;16.3;-1.3;-1.6;-0.3;;;;;;;;;;;;;;;;;160.7;98;;;9558;85;;
LUZ;01.07.1901 00:00;12.9;24.5;17.9;-1.6;-1.7;-0.4;;;;;;;;;;;;;;;;;145;88;;;13982;112;;
LUZ;01.08.1901 00:00;12.2;22.2;16.1;-2.8;-2.2;-2.1;;;;;;;;;;;;;;;;;155.4;91;;;12460;105;;
LUZ;01.09.1901 00:00;10.3;18.4;13.5;-1.3;-0.5;-1.2;;;;;;;;;;;;;;;;;171;157;;;6178;71;;
LUZ;01.10.1901 00:00;4.8;12;8.1;-2.2;-2.1;-2.3;;;;;;;;;;;;;;;;;53.1;60;;;3575;60;;
LUZ;01.11.1901 00:00;-1.9;4;1.4;-3.7;-4.1;-4.2;;;;;;;;;;;;;;;;;39.4;51;;;2493;78;;
LUZ;01.12.1901 00:00;-3.1;3.3;0.5;-1.4;-2.3;-1.2;;;;;;;;;;;;;;;;;55.4;71;;;3824;163;;
LUZ;01.01.1902 00:00;-3.3;3.7;0.6;-0.5;-1.7;-0.3;;;;;;;;;;;;;;;;;33.6;60;;;3236;106;;
LUZ;01.02.1902 00:00;-3.8;2.9;-0.3;-2.2;-2.1;-2.9;;;;;;;;;;;;;;;;;88.9;145;;;2709;56;;
LUZ;01.03.1902 00:00;-0.6;9;3.7;-2.3;-2.1;-1.9;;;;;;;;;;;;;;;;;101.2;134;;;8784;110;;
LUZ;01.04.1902 00:00;5.8;16;10.2;0.3;1;0.7;;;;;;;;;;;;;;;;;74.5;77;;;7920;82;;
LUZ;01.05.1902 00:00;4.2;13;8.2;-5.9;-4.9;-6.4;;;;;;;;;;;;;;;;;175.9;118;;;6397;62;;
LUZ;01.06.1902 00:00;9.9;20.9;14.8;-2.8;-2.9;-2;;;;;;;;;;;;;;;;;102;62;;;10568;94;;
LUZ;01.07.1902 00:00;12.7;24.7;17.6;-1.9;-1.9;-0.2;;;;;;;;;;;;;;;;;126.5;76;;;13451;107;;
LUZ;01.08.1902 00:00;12.2;21.9;15.9;-3;-2.2;-2.4;;;;;;;;;;;;;;;;;140;82;;;9666;81;;
LUZ;01.09.1902 00:00;9.5;18.2;12.9;-1.9;-1.3;-1.4;;;;;;;;;;;;;;;;;121.9;112;;;7621;87;;
LUZ;01.10.1902 00:00;4.7;11.2;7.7;-2.6;-2.2;-3.1;;;;;;;;;;;;;;;;;163;185;;;3575;60;;
LUZ;01.11.1902 00:00;-0.7;5.1;2.6;-2.5;-2.9;-3.1;;;;;;;;;;;;;;;;;25.6;33;;;3272;102;;
LUZ;01.12.1902 00:00;-4.1;1.9;-0.8;-2.7;-3.3;-2.6;;;;;;;;;;;;;;;;;82;105;;;2110;90;;
LUZ;01.01.1903 00:00;-4.8;2.7;-0.8;-1.9;-3.2;-1.3;;;;;;;;;;;;;;;;;44.2;79;;;4227;139;;
LUZ;01.02.1903 00:00;-3.4;5.8;1.6;-0.3;-1.7;0;;;;;;;;;;;;;;;;;46.7;76;;;6267;131;;
LUZ;01.03.1903 00:00;0.4;11.1;5.4;-0.6;-1.1;0.2;;;;;;;;;;;;;;;;;60.3;80;;;10386;130;;
LUZ;01.04.1903 00:00;1;10;5.2;-4.7;-3.8;-5.3;;;;;;;;;;;;;;;;;61.7;64;;;5590;58;;
LUZ;01.05.1903 00:00;7.2;18.9;12.7;-1.4;-1.9;-0.5;;;;;;;;;;;;;;;;;60.7;41;;;13048;126;;
LUZ;01.06.1903 00:00;9.7;19.8;14.1;-3.5;-3.1;-3.1;;;;;;;;;;;;;;;;;176.9;108;;;7297;65;;
LUZ;01.07.1903 00:00;11.7;22.3;15.9;-3.6;-2.9;-2.6;;;;;;;;;;;;;;;;;196.3;119;;;9494;76;;
LUZ;01.08.1903 00:00;11.8;22.6;16.2;-2.7;-2.6;-1.7;;;;;;;;;;;;;;;;;138.3;81;;;12460;105;;
LUZ;01.09.1903 00:00;9.5;19.2;13.1;-1.7;-1.3;-0.4;;;;;;;;;;;;;;;;;73.3;67;;;10502;120;;
LUZ;01.10.1903 00:00;4.9;13.8;9;-1.3;-2;-0.5;;;;;;;;;;;;;;;;;128.4;146;;;7156;120;;
LUZ;01.11.1903 00:00;1;6.3;4.1;-1;-1.2;-1.9;;;;;;;;;;;;;;;;;114.4;147;;;1713;53;;
LUZ;01.12.1903 00:00;-3.7;0.8;-1;-2.9;-2.9;-3.7;;;;;;;;;;;;;;;;;35.4;45;;;1714;73;;
LUZ;01.01.1904 00:00;-5.4;0.6;-1.8;-2.9;-3.8;-3.4;;;;;;;;;;;;;;;;;32.2;58;;;1743;57;;
LUZ;01.02.1904 00:00;-2.1;5.5;1.7;-0.2;-0.4;-0.3;;;;;;;;;;;;;;;;;115.2;188;;;3400;71;;
LUZ;01.03.1904 00:00;-0.4;8.7;3.8;-2.2;-1.9;-2.2;;;;;;;;;;;;;;;;;39;52;;;5205;65;;
LUZ;01.04.1904 00:00;4.9;15.1;9.7;-0.2;0.1;-0.2;;;;;;;;;;;;;;;;;109.9;114;;;7483;77;;
LUZ;01.05.1904 00:00;8.4;19.6;13.4;-0.7;-0.7;0.2;;;;;;;;;;;;;;;;;139.4;94;;;12297;119;;
LUZ;01.06.1904 00:00;11.5;22.6;16.5;-1.1;-1.3;-0.3;;;;;;;;;;;;;;;;;168;102;;;11826;105;;
LUZ;01.07.1904 00:00;14.1;26.8;19.6;0.1;-0.5;1.9;;;;;;;;;;;;;;;;;34.4;21;;;17396;139;;
LUZ;01.08.1904 00:00;12.8;24;17.4;-1.5;-1.6;-0.3;;;;;;;;;;;;;;;;;103;61;;;14226;120;;
LUZ;01.09.1904 00:00;8.6;16.4;11.6;-3.2;-2.2;-3.2;;;;;;;;;;;;;;;;;124.9;114;;;5144;59;;
LUZ;01.10.1904 00:00;4.9;12.5;8.6;-1.7;-2;-1.8;;;;;;;;;;;;;;;;;69.1;78;;;5002;84;;
LUZ;01.11.1904 00:00;-1.3;5.6;2.4;-2.7;-3.5;-2.6;;;;;;;;;;;;;;;;;48.4;62;;;4509;141;;
LUZ;01.12.1904 00:00;-2.8;3.4;1;-0.9;-2;-1.1;;;;;;;;;;;;;;;;;48.8;62;;;2237;96;;
LUZ;01.01.1905 00:00;-7.3;0.5;-2.9;-4;-5.7;-3.5;;;;;;;;;;;;;;;;;35.6;64;;;4105;135;;
LUZ;01.02.1905 00:00;-3.9;4.8;0.7;-1.2;-2.2;-1;;;;;;;;;;;;;;;;;40.8;67;;;5984;125;;
LUZ;01.03.1905 00:00;0.4;9.4;4.7;-1.3;-1.1;-1.5;;;;;;;;;;;;;;;;;100.9;134;;;5988;75;;
LUZ;01.04.1905 00:00;3.5;13.6;8.3;-1.6;-1.3;-1.7;;;;;;;;;;;;;;;;;125.6;130;;;7223;75;;
LUZ;01.05.1905 00:00;6.3;16.3;10.9;-3.2;-2.8;-3.1;;;;;;;;;;;;;;;;;137.5;92;;;10488;101;;
LUZ;01.06.1905 00:00;11.3;22.8;16.4;-1.2;-1.5;-0.1;;;;;;;;;;;;;;;;;156.1;95;;;10568;94;;
LUZ;01.07.1905 00:00;14;26.5;19.6;0.1;-0.6;1.6;;;;;;;;;;;;;;;;;125.4;76;;;15823;126;;
LUZ;01.08.1905 00:00;13;22.6;16.6;-2.3;-1.4;-1.7;;;;;;;;;;;;;;;;;271.6;160;;;11952;100;;
LUZ;01.09.1905 00:00;10.5;18.2;13.5;-1.3;-0.3;-1.4;;;;;;;;;;;;;;;;;161.9;148;;;5352;61;;
LUZ;01.10.1905 00:00;0.5;8.2;4.2;-6.1;-6.4;-6.1;;;;;;;;;;;;;;;;;133.4;151;;;4115;69;;
LUZ;01.11.1905 00:00;-0.6;6.2;3.1;-2;-2.8;-2;;;;;;;;;;;;;;;;;72;92;;;3427;107;;
LUZ;01.12.1905 00:00;-3;1.9;0;-1.9;-2.2;-2.6;;;;;;;;;;;;;;;;;48.1;61;;;1976;84;;
LUZ;01.01.1906 00:00;-4.3;3.4;0;-1.1;-2.7;-0.6;;;;;;;;;;;;;;;;;52;93;;;4354;143;;
LUZ;01.02.1906 00:00;-4.5;3.5;-0.2;-2.1;-2.8;-2.3;;;;;;;;;;;;;;;;;48.3;79;;;3987;83;;
LUZ;01.03.1906 00:00;-1.6;7.9;2.7;-3.3;-3.1;-3;;;;;;;;;;;;;;;;;77.7;103;;;8187;102;;
LUZ;01.04.1906 00:00;2.7;13;7.5;-2.4;-2.1;-2.3;;;;;;;;;;;;;;;;;60.7;63;;;9319;96;;
LUZ;01.05.1906 00:00;7.8;18.1;12.6;-1.5;-1.3;-1.3;;;;;;;;;;;;;;;;;127;85;;;9465;91;;
LUZ;01.06.1906 00:00;10.3;21.6;15.1;-2.5;-2.5;-1.3;;;;;;;;;;;;;;;;;168.7;103;;;9558;85;;
LUZ;01.07.1906 00:00;12.9;23.8;17.5;-2;-1.7;-1.1;;;;;;;;;;;;;;;;;169.4;102;;;11872;95;;
LUZ;01.08.1906 00:00;12.7;24.3;17.4;-1.5;-1.7;0;;;;;;;;;;;;;;;;;91.3;54;;;15001;126;;
LUZ;01.09.1906 00:00;8.1;18.3;12.2;-2.6;-2.7;-1.3;;;;;;;;;;;;;;;;;51.5;47;;;10918;125;;
LUZ;01.10.1906 00:00;5.9;15;10;-0.3;-1;0.7;;;;;;;;;;;;;;;;;47.8;54;;;8229;138;;
LUZ;01.11.1906 00:00;0.7;7.1;4.4;-0.7;-1.5;-1.1;;;;;;;;;;;;;;;;;63.4;81;;;3427;107;;
LUZ;01.12.1906 00:00;-5.4;0.7;-1.9;-3.8;-4.6;-3.8;;;;;;;;;;;;;;;;;109.3;139;;;2633;112;;
LUZ;01.01.1907 00:00;-5.7;1.9;-1.8;-2.9;-4.1;-2.1;;;;;;;;;;;;;;;;;71.6;128;;;2489;82;;
LUZ;01.02.1907 00:00;-6.2;0.9;-2.3;-4.2;-4.5;-4.9;;;;;;;;;;;;;;;;;50;82;;;2562;53;;
LUZ;01.03.1907 00:00;-2.5;7.6;2.2;-3.8;-4;-3.3;;;;;;;;;;;;;;;;;70.9;94;;;8989;112;;
LUZ;01.04.1907 00:00;2.4;11.8;6.5;-3.4;-2.4;-3.5;;;;;;;;;;;;;;;;;128.1;133;;;6755;70;;
LUZ;01.05.1907 00:00;7.3;19.1;12.9;-1.2;-1.8;-0.3;;;;;;;;;;;;;;;;;76.5;51;;;10742;104;;
LUZ;01.06.1907 00:00;10.6;21.1;15.4;-2.2;-2.2;-1.8;;;;;;;;;;;;;;;;;185.1;113;;;9310;83;;
LUZ;01.07.1907 00:00;10.7;21.4;15.3;-4.2;-3.9;-3.5;;;;;;;;;;;;;;;;;134.9;82;;;12134;97;;
LUZ;01.08.1907 00:00;12.5;23.7;17.1;-1.8;-1.9;-0.6;;;;;;;;;;;;;;;;;117.6;69;;;13222;111;;
LUZ;01.09.1907 00:00;9.7;18.8;13.2;-1.6;-1.1;-0.8;;;;;;;;;;;;;;;;;75.4;69;;;8031;92;;
LUZ;01.10.1907 00:00;5.3;13.9;9.2;-1.1;-1.6;-0.4;;;;;;;;;;;;;;;;;89.7;102;;;6436;108;;
LUZ;01.11.1907 00:00;0.8;7.1;4.3;-0.8;-1.4;-1.1;;;;;;;;;;;;;;;;;21.9;28;;;3111;97;;
LUZ;01.12.1907 00:00;-1;5.4;2.3;0.4;-0.2;0.9;;;;;;;;;;;;;;;;;105.7;135;;;4347;186;;
LUZ;01.01.1908 00:00;-6.8;-0.1;-3;-4.1;-5.2;-4.1;;;;;;;;;;;;;;;;;43.9;79;;;1367;45;;
LUZ;01.02.1908 00:00;-3.8;4.5;0.5;-1.4;-2.1;-1.3;;;;;;;;;;;;;;;;;69.5;113;;;4879;102;;
LUZ;01.03.1908 00:00;-1.4;7.3;2.8;-3.2;-2.9;-3.6;;;;;;;;;;;;;;;;;38.6;51;;;6006;75;;
LUZ;01.04.1908 00:00;2;10.8;6.1;-3.8;-2.8;-4.5;;;;;;;;;;;;;;;;;76.7;79;;;7249;75;;
LUZ;01.05.1908 00:00;8.3;20.8;14.1;0;-0.8;1.4;;;;;;;;;;;;;;;;;132.9;89;;;12297;119;;
LUZ;01.06.1908 00:00;11.9;25.1;17.8;0.2;-0.9;2.2;;;;;;;;;;;;;;;;;81.5;50;;;13585;121;;
LUZ;01.07.1908 00:00;12;23.8;16.8;-2.7;-2.6;-1.1;;;;;;;;;;;;;;;;;213.1;129;;;11335;90;;
LUZ;01.08.1908 00:00;11.2;21.5;15.3;-3.6;-3.2;-2.8;;;;;;;;;;;;;;;;;82.9;49;;;9907;83;;
LUZ;01.09.1908 00:00;8.7;17.6;12.1;-2.7;-2.1;-2;;;;;;;;;;;;;;;;;155.2;142;;;6172;71;;
LUZ;01.10.1908 00:00;3.8;12.9;7.9;-2.4;-3.1;-1.4;;;;;;;;;;;;;;;;;7.6;9;;;7504;126;;
LUZ;01.11.1908 00:00;-1.4;4.7;2;-3.1;-3.6;-3.5;;;;;;;;;;;;;;;;;57.8;74;;;2177;68;;
LUZ;01.12.1908 00:00;-2.9;2.3;-0.1;-2;-2.1;-2.2;;;;;;;;;;;;;;;;;43.9;56;;;2237;96;;
LUZ;01.01.1909 00:00;-6.5;0.3;-2.6;-3.7;-4.9;-3.7;;;;;;;;;;;;;;;;;29.5;53;;;2240;74;;
LUZ;01.02.1909 00:00;-5.7;2.2;-1.6;-3.5;-4;-3.6;;;;;;;;;;;;;;;;;8.9;15;;;4129;86;;
LUZ;01.03.1909 00:00;-2.9;6.6;1.5;-4.5;-4.4;-4.3;;;;;;;;;;;;;;;;;67.1;89;;;6988;87;;
LUZ;01.04.1909 00:00;3.6;16.2;9.5;-0.4;-1.2;0.9;;;;;;;;;;;;;;;;;67;69;;;13510;139;;
LUZ;01.05.1909 00:00;5.9;18.1;11.7;-2.4;-3.2;-1.3;;;;;;;;;;;;;;;;;70.5;47;;;13302;128;;
LUZ;01.06.1909 00:00;9.6;19.8;14.1;-3.5;-3.2;-3.1;;;;;;;;;;;;;;;;;211.1;128;;;6542;58;;
LUZ;01.07.1909 00:00;10.8;20.7;15.1;-4.4;-3.8;-4.2;;;;;;;;;;;;;;;;;197.9;120;;;8439;67;;
LUZ;01.08.1909 00:00;12.2;22.2;16.1;-2.8;-2.2;-2.1;;;;;;;;;;;;;;;;;130.7;77;;;10936;92;;
LUZ;01.09.1909 00:00;8.8;18.1;12.4;-2.4;-2;-1.5;;;;;;;;;;;;;;;;;102.5;94;;;7211;82;;
LUZ;01.10.1909 00:00;6;14;9.5;-0.8;-0.9;-0.3;;;;;;;;;;;;;;;;;79.3;90;;;5902;99;;
LUZ;01.11.1909 00:00;-1.1;4.7;2.1;-3;-3.3;-3.5;;;;;;;;;;;;;;;;;52.2;67;;;3427;107;;
LUZ;01.12.1909 00:00;-1.3;4.5;1.9;0;-0.5;0;;;;;;;;;;;;;;;;;120.6;154;;;2237;96;;
LUZ;01.01.1910 00:00;-3.3;3.4;0.4;-0.7;-1.7;-0.6;;;;;;;;;;;;;;;;;170.5;306;;;2113;69;;
LUZ;01.02.1910 00:00;-3.1;5.1;1;-0.9;-1.4;-0.7;;;;;;;;;;;;;;;;;79.6;130;;;5271;110;;
LUZ;01.03.1910 00:00;-0.5;8.9;3.9;-2.1;-2;-2;;;;;;;;;;;;;;;;;41;54;;;8784;110;;
LUZ;01.04.1910 00:00;3;12.8;7.6;-2.3;-1.8;-2.5;;;;;;;;;;;;;;;;;109.6;114;;;7920;82;;
LUZ;01.05.1910 00:00;6.4;16.5;11.1;-3;-2.7;-2.9;;;;;;;;;;;;;;;;;156.9;106;;;8188;79;;
LUZ;01.06.1910 00:00;11.6;21.2;16.1;-1.5;-1.2;-1.7;;;;;;;;;;;;;;;;;185.8;113;;;10314;92;;
LUZ;01.07.1910 00:00;11.2;20.8;15.4;-4.1;-3.4;-4.1;;;;;;;;;;;;;;;;;166.5;101;;;10817;86;;
LUZ;01.08.1910 00:00;12.2;21.8;16;-2.9;-2.2;-2.5;;;;;;;;;;;;;;;;;246.1;145;;;10936;92;;
LUZ;01.09.1910 00:00;7.9;15.7;10.9;-3.9;-2.9;-3.9;;;;;;;;;;;;;;;;;173.7;159;;;5768;66;;
LUZ;01.10.1910 00:00;6;13.6;9.4;-0.9;-0.9;-0.7;;;;;;;;;;;;;;;;;48.6;55;;;5008;84;;
LUZ;01.11.1910 00:00;-0.9;6;2.8;-2.3;-3.1;-2.2;;;;;;;;;;;;;;;;;192.7;247;;;3427;107;;
LUZ;01.12.1910 00:00;-1;4.8;2.1;0.2;-0.2;0.3;;;;;;;;;;;;;;;;;79;101;;;2371;101;;
LUZ;01.01.1911 00:00;-6.8;-0.8;-3.6;-4.7;-5.2;-4.8;;;;;;;;;;;;;;;;;33.2;59;;;1864;61;;
LUZ;01.02.1911 00:00;-3.7;4.7;0.5;-1.4;-2;-1.1;;;;;;;;;;;;;;;;;39.6;65;;;5364;112;;
LUZ;01.03.1911 00:00;-0.7;9.4;4;-2;-2.2;-1.5;;;;;;;;;;;;;;;;;84.8;112;;;8362;105;;
LUZ;01.04.1911 00:00;2.4;12.3;7.2;-2.7;-2.4;-3;;;;;;;;;;;;;;;;;67.8;70;;;10819;112;;
LUZ;01.05.1911 00:00;8.2;18.5;12.8;-1.3;-0.9;-0.9;;;;;;;;;;;;;;;;;143;96;;;12037;116;;
LUZ;01.06.1911 00:00;10.4;21.5;15.4;-2.2;-2.4;-1.4;;;;;;;;;;;;;;;;;191.4;116;;;13886;124;;
LUZ;01.07.1911 00:00;13.9;28;20.2;0.7;-0.7;3.1;;;;;;;;;;;;;;;;;43.5;26;;;21518;172;;
LUZ;01.08.1911 00:00;14.3;27.2;19.8;0.9;-0.1;2.9;;;;;;;;;;;;;;;;;88.6;52;;;19992;168;;
LUZ;01.09.1911 00:00;10.8;21.4;15;0.2;0;1.8;;;;;;;;;;;;;;;;;125.8;115;;;11615;133;;
LUZ;01.10.1911 00:00;4.8;12.3;8.3;-2;-2.1;-2;;;;;;;;;;;;;;;;;62;70;;;5211;87;;
LUZ;01.11.1911 00:00;1.4;7.7;4.9;-0.2;-0.8;-0.5;;;;;;;;;;;;;;;;;60;77;;;4540;142;;
LUZ;01.12.1911 00:00;-0.7;5.3;2.6;0.7;0.1;0.8;;;;;;;;;;;;;;;;;79.7;102;;;1406;60;;
LUZ;01.01.1912 00:00;-2.5;3.4;0.7;-0.4;-0.9;-0.6;;;;;;;;;;;;;;;;;45.8;82;;;1494;49;;
LUZ;01.02.1912 00:00;-1.3;8.2;3.4;1.5;0.4;2.4;;;;;;;;;;;;;;;;;70.3;115;;;6990;146;;
LUZ;01.03.1912 00:00;2;12.1;6.6;0.6;0.5;1.2;;;;;;;;;;;;;;;;;57.2;76;;;9633;120;;
LUZ;01.04.1912 00:00;2.1;12.7;7.4;-2.5;-2.7;-2.6;;;;;;;;;;;;;;;;;64.3;67;;;10218;105;;
LUZ;01.05.1912 00:00;8.4;18.6;13.3;-0.8;-0.7;-0.8;;;;;;;;;;;;;;;;;141.1;95;;;11051;107;;
LUZ;01.06.1912 00:00;11;21.8;15.7;-1.9;-1.8;-1.1;;;;;;;;;;;;;;;;;262.1;159;;;12882;115;;
LUZ;01.07.1912 00:00;11.7;22.4;16.6;-2.9;-2.9;-2.5;;;;;;;;;;;;;;;;;140;85;;;12610;101;;
LUZ;01.08.1912 00:00;10.2;19.1;13.8;-5.1;-4.2;-5.2;;;;;;;;;;;;;;;;;205.7;121;;;8377;70;;
LUZ;01.09.1912 00:00;5.3;13.1;8.4;-6.4;-5.5;-6.5;;;;;;;;;;;;;;;;;70.7;65;;;3939;45;;
LUZ;01.10.1912 00:00;3.3;10.3;6.6;-3.7;-3.6;-4;;;;;;;;;;;;;;;;;155.8;177;;;4318;72;;
LUZ;01.11.1912 00:00;-2.2;4.4;1.5;-3.6;-4.4;-3.8;;;;;;;;;;;;;;;;;43.1;55;;;3476;108;;
LUZ;01.12.1912 00:00;-2.9;3.7;0.7;-1.2;-2.1;-0.8;;;;;;;;;;;;;;;;;43.9;56;;;2871;123;;
LUZ;01.01.1913 00:00;-2.2;3.6;1;-0.1;-0.6;-0.4;;;;;;;;;;;;;;;;;51.1;92;;;1626;53;;
LUZ;01.02.1913 00:00;-3.7;4.4;0.3;-1.6;-2;-1.4;;;;;;;;;;;;;;;;;24.7;40;;;5875;123;;
LUZ;01.03.1913 00:00;1;11.4;5.6;-0.4;-0.5;0.5;;;;;;;;;;;;;;;;;100.1;133;;;8856;111;;
LUZ;01.04.1913 00:00;3.3;12.7;7.8;-2.1;-1.5;-2.6;;;;;;;;;;;;;;;;;98.3;102;;;8547;88;;
LUZ;01.05.1913 00:00;7.4;18.2;12.4;-1.7;-1.7;-1.2;;;;;;;;;;;;;;;;;93.9;63;;;11438;110;;
LUZ;01.06.1913 00:00;10.8;20.2;15;-2.6;-2;-2.7;;;;;;;;;;;;;;;;;197.5;120;;;9564;85;;
LUZ;01.07.1913 00:00;10.6;19.6;14.6;-4.9;-4;-5.3;;;;;;;;;;;;;;;;;151.2;91;;;9878;79;;
LUZ;01.08.1913 00:00;11.6;21.2;15.5;-3.4;-2.8;-3.1;;;;;;;;;;;;;;;;;147.1;87;;;13019;109;;
LUZ;01.09.1913 00:00;9.4;17.8;12.4;-2.4;-1.4;-1.8;;;;;;;;;;;;;;;;;88;81;;;6422;73;;
LUZ;01.10.1913 00:00;5.5;13.9;9.1;-1.2;-1.4;-0.4;;;;;;;;;;;;;;;;;23.9;27;;;5662;95;;
LUZ;01.11.1913 00:00;3.5;9.2;6.7;1.6;1.3;1;;;;;;;;;;;;;;;;;113.5;146;;;2246;70;;
LUZ;01.12.1913 00:00;-2.2;3.8;1;-0.9;-1.4;-0.7;;;;;;;;;;;;;;;;;73.2;93;;;2801;120;;
LUZ;01.01.1914 00:00;-7.2;-1.3;-3.8;-4.9;-5.6;-5.3;;;;;;;;;;;;;;;;;85.8;154;;;1488;49;;
LUZ;01.02.1914 00:00;-3.2;6;1.4;-0.5;-1.5;0.2;;;;;;;;;;;;;;;;;35.8;58;;;4458;93;;
LUZ;01.03.1914 00:00;1.1;9.6;5;-1;-0.4;-1.3;;;;;;;;;;;;;;;;;120.6;160;;;5415;68;;
LUZ;01.04.1914 00:00;4.7;16.5;10.4;0.5;-0.1;1.2;;;;;;;;;;;;;;;;;58.5;61;;;12225;126;;
LUZ;01.05.1914 00:00;6.9;15.1;10.6;-3.5;-2.2;-4.3;;;;;;;;;;;;;;;;;219.9;148;;;5861;57;;
LUZ;01.06.1914 00:00;9.6;19.9;14.1;-3.5;-3.2;-3;;;;;;;;;;;;;;;;;147.5;90;;;9208;82;;
LUZ;01.07.1914 00:00;11.6;21.7;15.9;-3.6;-3;-3.2;;;;;;;;;;;;;;;;;227.9;138;;;10343;83;;
LUZ;01.08.1914 00:00;12.6;22.4;16.6;-2.3;-1.8;-1.9;;;;;;;;;;;;;;;;;183.2;108;;;11701;98;;
LUZ;01.09.1914 00:00;9.4;18;12.6;-2.2;-1.4;-1.6;;;;;;;;;;;;;;;;;92.5;85;;;8011;92;;
LUZ;01.10.1914 00:00;4.5;11.9;7.9;-2.4;-2.4;-2.4;;;;;;;;;;;;;;;;;49.5;56;;;4439;74;;
LUZ;01.11.1914 00:00;-0.2;5.5;2.8;-2.3;-2.4;-2.7;;;;;;;;;;;;;;;;;57.2;73;;;3679;115;;
LUZ;01.12.1914 00:00;-1.1;5.5;2.4;0.5;-0.3;1;;;;;;;;;;;;;;;;;44.2;56;;;4396;188;;
LUZ;01.01.1915 00:00;-2.8;3.7;0.4;-0.7;-1.2;-0.3;;;;;;;;;;;;;;;;;66;118;;;1924;63;;
LUZ;01.02.1915 00:00;-3.5;4.1;0.5;-1.4;-1.8;-1.7;;;;;;;;;;;;;;;;;53;86;;;3918;82;;
LUZ;01.03.1915 00:00;-1.1;6.7;2.6;-3.4;-2.6;-4.2;;;;;;;;;;;;;;;;;105.3;140;;;4362;55;;
LUZ;01.04.1915 00:00;2.3;11.8;6.7;-3.2;-2.5;-3.5;;;;;;;;;;;;;;;;;96.2;100;;;7622;79;;
LUZ;01.05.1915 00:00;10.4;19.7;14.6;0.5;1.3;0.3;;;;;;;;;;;;;;;;;87.6;59;;;8531;82;;
LUZ;01.06.1915 00:00;12.8;23.9;17.7;0.1;0;1;;;;;;;;;;;;;;;;;113.5;69;;;12089;108;;
LUZ;01.07.1915 00:00;11.9;22.9;16.5;-3;-2.7;-2;;;;;;;;;;;;;;;;;184.6;112;;;11602;93;;
LUZ;01.08.1915 00:00;11.7;21.1;15.4;-3.5;-2.7;-3.2;;;;;;;;;;;;;;;;;139.1;82;;;12026;101;;
LUZ;01.09.1915 00:00;7.9;17;11.1;-3.7;-2.9;-2.6;;;;;;;;;;;;;;;;;111.4;102;;;6436;74;;
LUZ;01.10.1915 00:00;3.6;11.7;6.2;-4.1;-3.3;-2.6;;;;;;;;;;;;;;;;;28.6;32;;;2733;46;;
LUZ;01.11.1915 00:00;-1.6;5.8;1.5;-3.6;-3.8;-2.4;;;;;;;;;;;;;;;;;43.5;56;;;2787;87;;
LUZ;01.12.1915 00:00;0;7.4;3.4;1.5;0.8;2.9;;;;;;;;;;;;;;;;;88.9;113;;;2659;114;;
LUZ;01.01.1916 00:00;-0.4;6.9;3.1;2;1.2;2.9;;;;;;;;;;;;;;;;;60.5;108;;;3904;128;;
LUZ;01.02.1916 00:00;-2.1;6.2;2.2;0.3;-0.4;0.4;;;;;;;;;;;;;;;;;88.2;144;;;4330;90;;
LUZ;01.03.1916 00:00;0.4;8.8;4.1;-1.9;-1.1;-2.1;;;;;;;;;;;;;;;;;87.9;117;;;5287;66;;
LUZ;01.04.1916 00:00;3.5;13.4;8.2;-1.7;-1.3;-1.9;;;;;;;;;;;;;;;;;62.9;65;;;8891;92;;
LUZ;01.05.1916 00:00;8.5;19;13.2;-0.9;-0.6;-0.4;;;;;;;;;;;;;;;;;108.8;73;;;10146;98;;
LUZ;01.06.1916 00:00;9.2;19;13.3;-4.3;-3.6;-3.9;;;;;;;;;;;;;;;;;195.4;119;;;7032;63;;
LUZ;01.07.1916 00:00;12;22.6;16.5;-3;-2.6;-2.3;;;;;;;;;;;;;;;;;170.8;103;;;10209;81;;
LUZ;01.08.1916 00:00;12.2;21.7;16.2;-2.7;-2.2;-2.6;;;;;;;;;;;;;;;;;90.9;53;;;11953;100;;
LUZ;01.09.1916 00:00;7.7;16.1;11.1;-3.7;-3.1;-3.5;;;;;;;;;;;;;;;;;121.2;111;;;5930;68;;
LUZ;01.10.1916 00:00;4.5;12.2;8.2;-2.1;-2.4;-2.1;;;;;;;;;;;;;;;;;115.4;131;;;6409;107;;
LUZ;01.11.1916 00:00;0.6;6.3;3.8;-1.3;-1.6;-1.9;;;;;;;;;;;;;;;;;89.6;115;;;2375;74;;
LUZ;01.12.1916 00:00;-1.8;3.8;1.4;-0.5;-1;-0.7;;;;;;;;;;;;;;;;;102.1;130;;;1720;73;;
LUZ;01.01.1917 00:00;-4.6;0.6;-1.6;-2.7;-3;-3.4;;;;;;;;;;;;;;;;;31.1;56;;;597;20;;
LUZ;01.02.1917 00:00;-5.6;1.7;-1.8;-3.7;-3.9;-4.1;;;;;;;;;;;;;;;;;14.6;24;;;3715;77;;
LUZ;01.03.1917 00:00;-2.3;5.9;1.6;-4.4;-3.8;-5;;;;;;;;;;;;;;;;;85.6;114;;;5023;63;;
LUZ;01.04.1917 00:00;0.6;9.5;5;-4.9;-4.2;-5.8;;;;;;;;;;;;;;;;;70.2;73;;;7467;77;;
LUZ;01.05.1917 00:00;10.5;22.6;15.8;1.7;1.4;3.2;;;;;;;;;;;;;;;;;72.9;49;;;11423;110;;
LUZ;01.06.1917 00:00;12.7;25.5;18.2;0.6;-0.1;2.6;;;;;;;;;;;;;;;;;164.2;100;;;14486;129;;
LUZ;01.07.1917 00:00;12.6;23.2;17.1;-2.4;-2;-1.7;;;;;;;;;;;;;;;;;180;109;;;11090;88;;
LUZ;01.08.1917 00:00;11.8;22.3;16.2;-2.7;-2.6;-2;;;;;;;;;;;;;;;;;211.5;124;;;11308;95;;
LUZ;01.09.1917 00:00;11.1;20.9;15.1;0.3;0.3;1.3;;;;;;;;;;;;;;;;;86.3;79;;;10678;122;;
LUZ;01.10.1917 00:00;3.2;11.2;7;-3.3;-3.7;-3.1;;;;;;;;;;;;;;;;;142;161;;;5040;85;;
LUZ;01.11.1917 00:00;-0.4;6.8;3.6;-1.5;-2.6;-1.4;;;;;;;;;;;;;;;;;68.3;88;;;4165;130;;
LUZ;01.12.1917 00:00;-7.5;-1;-3.8;-5.7;-6.7;-5.5;;;;;;;;;;;;;;;;;18.2;23;;;1941;83;;
LUZ;01.01.1918 00:00;-5.7;2.6;-1;-2.1;-4.1;-1.4;;;;;;;;;;;;;;;;;58.3;104;;;3473;114;;
LUZ;01.02.1918 00:00;-4.1;4.3;0.4;-1.5;-2.4;-1.5;;;;;;;;;;;;;;;;;37.9;62;;;4464;93;;
LUZ;01.03.1918 00:00;-1.4;10;3.8;-2.2;-2.9;-0.9;;;;;;;;;;;;;;;;;33.6;45;;;10573;132;;
LUZ;01.04.1918 00:00;3.8;13.4;8.3;-1.6;-1;-1.9;;;;;;;;;;;;;;;;;118.4;123;;;5039;52;;
LUZ;01.05.1918 00:00;8.6;20.1;14.3;0.2;-0.5;0.7;;;;;;;;;;;;;;;;;58.3;39;;;12864;124;;
LUZ;01.06.1918 00:00;8.4;19.8;13.6;-4;-4.4;-3.1;;;;;;;;;;;;;;;;;182.2;111;;;11220;100;;
LUZ;01.07.1918 00:00;12.3;23.8;17.6;-1.9;-2.3;-1.1;;;;;;;;;;;;;;;;;99;60;;;14206;113;;
LUZ;01.08.1918 00:00;11.8;22.9;16.6;-2.3;-2.6;-1.4;;;;;;;;;;;;;;;;;113.2;67;;;13035;110;;
LUZ;01.09.1918 00:00;9.2;18.3;13;-1.8;-1.6;-1.3;;;;;;;;;;;;;;;;;199.9;183;;;8191;94;;
LUZ;01.10.1918 00:00;3.6;10.5;6.9;-3.4;-3.3;-3.8;;;;;;;;;;;;;;;;;76.5;87;;;4602;77;;
LUZ;01.11.1918 00:00;0.1;5.9;3.4;-1.7;-2.1;-2.3;;;;;;;;;;;;;;;;;31.4;40;;;1846;58;;
LUZ;01.12.1918 00:00;-0.3;6.9;3.4;1.5;0.5;2.4;;;;;;;;;;;;;;;;;167.6;214;;;2059;88;;
LUZ;01.01.1919 00:00;-2.6;3.4;0.7;-0.4;-1;-0.6;;;;;;;;;;;;;;;;;30.6;55;;;1706;56;;
LUZ;01.02.1919 00:00;-4.9;3.9;-0.5;-2.4;-3.2;-1.9;;;;;;;;;;;;;;;;;88.5;144;;;3694;77;;
LUZ;01.03.1919 00:00;-0.2;8.6;3.9;-2.1;-1.7;-2.3;;;;;;;;;;;;;;;;;170.9;227;;;5948;74;;
LUZ;01.04.1919 00:00;1.1;9.5;5.2;-4.7;-3.7;-5.8;;;;;;;;;;;;;;;;;130.1;135;;;5917;61;;
LUZ;01.05.1919 00:00;6.1;18.6;12.2;-1.9;-3;-0.8;;;;;;;;;;;;;;;;;48.1;32;;;15180;147;;
LUZ;01.06.1919 00:00;10.8;22.1;16;-1.6;-2;-0.8;;;;;;;;;;;;;;;;;144.9;88;;;12911;115;;
LUZ;01.07.1919 00:00;10.2;20.1;14.4;-5.1;-4.4;-4.8;;;;;;;;;;;;;;;;;239.7;145;;;9750;78;;
LUZ;01.08.1919 00:00;13.2;25.2;18.4;-0.5;-1.2;0.9;;;;;;;;;;;;;;;;;36.4;21;;;15704;132;;
LUZ;01.09.1919 00:00;11.1;21.8;15.3;0.5;0.3;2.2;;;;;;;;;;;;;;;;;45.8;42;;;11353;130;;
LUZ;01.10.1919 00:00;1.7;8.9;5.2;-5.1;-5.2;-5.4;;;;;;;;;;;;;;;;;89.2;101;;;3934;66;;
LUZ;01.11.1919 00:00;-1.4;5;2.2;-2.9;-3.6;-3.2;;;;;;;;;;;;;;;;;75;96;;;3501;109;;
LUZ;01.12.1919 00:00;-1.6;4.8;2;0.1;-0.8;0.3;;;;;;;;;;;;;;;;;93.9;120;;;1754;75;;
LUZ;01.01.1920 00:00;-0.8;5.9;3.1;2;0.8;1.9;;;;;;;;;;;;;;;;;72.3;130;;;3980;131;;
LUZ;01.02.1920 00:00;-2.5;7.8;2.6;0.7;-0.8;2;;;;;;;;;;;;;;;;;7.5;12;;;7270;152;;
LUZ;01.03.1920 00:00;0.7;13.2;6;0;-0.8;2.3;;;;;;;;;;;;;;;;;59.1;78;;;9906;124;;
LUZ;01.04.1920 00:00;3.9;15.2;8.7;-1.2;-0.9;-0.1;;;;;;;;;;;;;;;;;93.7;97;;;5745;59;;
LUZ;01.05.1920 00:00;10.1;21.5;14.6;0.5;1;2.1;;;;;;;;;;;;;;;;;193.5;130;;;9727;94;;
LUZ;01.06.1920 00:00;10.8;23;15.2;-2.4;-2;0.1;;;;;;;;;;;;;;;;;126.5;77;;;8370;75;;
LUZ;01.07.1920 00:00;11.9;26.5;17.1;-2.4;-2.7;1.6;;;;;;;;;;;;;;;;;113.6;69;;;13022;104;;
LUZ;01.08.1920 00:00;11;22.9;14.7;-4.2;-3.4;-1.4;;;;;;;;;;;;;;;;;132.5;78;;;11213;94;;
LUZ;01.09.1920 00:00;9.9;18.9;13.1;-1.7;-0.9;-0.7;;;;;;;;;;;;;;;;;105.5;97;;;5266;60;;
LUZ;01.10.1920 00:00;5.1;11.4;8.1;-2.2;-1.8;-2.9;;;;;;;;;;;;;;;;;5.5;6;;;2772;46;;
LUZ;01.11.1920 00:00;-1.5;5;2;-3.1;-3.7;-3.2;;;;;;;;;;;;;;;;;8.5;11;;;2633;82;;
LUZ;01.12.1920 00:00;-2.8;2.7;0.5;-1.4;-2;-1.8;;;;;;;;;;;;;;;;;41.1;52;;;1403;60;;
LUZ;01.01.1921 00:00;0.7;7.5;4.3;3.2;2.3;3.5;;;;;;;;;;;;;;;;;27.2;49;;;3886;128;;
LUZ;01.02.1921 00:00;-3.4;5.3;1;-0.9;-1.7;-0.5;;;;;;;;;;;;;;;;;8.6;14;;;6067;127;;
LUZ;01.03.1921 00:00;0.3;12.4;5.7;-0.3;-1.2;1.5;;;;;;;;;;;;;;;;;44.3;59;;;12728;159;;
LUZ;01.04.1921 00:00;2.3;13.3;7.3;-2.6;-2.5;-2;;;;;;;;;;;;;;;;;87;90;;;8167;84;;
LUZ;01.05.1921 00:00;8.9;20.4;13.5;-0.6;-0.2;1;;;;;;;;;;;;;;;;;110.1;74;;;9640;93;;
LUZ;01.06.1921 00:00;11.1;23.6;15.8;-1.8;-1.7;0.7;;;;;;;;;;;;;;;;;135.9;83;;;11805;105;;
LUZ;01.07.1921 00:00;14.3;28;19.6;0.1;-0.3;3.1;;;;;;;;;;;;;;;;;67.3;41;;;16523;132;;
LUZ;01.08.1921 00:00;12.6;24.7;16.8;-2.1;-1.8;0.4;;;;;;;;;;;;;;;;;128.1;75;;;12340;104;;
LUZ;01.09.1921 00:00;10.6;21.6;14.4;-0.4;-0.2;2;;;;;;;;;;;;;;;;;134.3;123;;;8445;97;;
LUZ;01.10.1921 00:00;6.4;16.5;10.7;0.4;-0.5;2.2;;;;;;;;;;;;;;;;;35.7;40;;;8693;146;;
LUZ;01.11.1921 00:00;-1.7;3;0.9;-4.2;-3.9;-5.2;;;;;;;;;;;;;;;;;86.3;111;;;2252;70;;
LUZ;01.12.1921 00:00;-2.2;3.3;1.1;-0.8;-1.4;-1.2;;;;;;;;;;;;;;;;;42.2;54;;;1437;61;;
LUZ;01.01.1922 00:00;-3.9;2.4;-0.2;-1.3;-2.3;-1.6;;;;;;;;;;;;;;;;;110.1;197;;;1493;49;;
LUZ;01.02.1922 00:00;-3.9;4.5;0.6;-1.3;-2.2;-1.3;;;;;;;;;;;;;;;;;51.3;84;;;3421;71;;
LUZ;01.03.1922 00:00;0.3;9.8;4.6;-1.4;-1.2;-1.1;;;;;;;;;;;;;;;;;83.8;111;;;7213;90;;
LUZ;01.04.1922 00:00;1.8;12;6;-3.9;-3;-3.3;;;;;;;;;;;;;;;;;171.1;177;;;5613;58;;
LUZ;01.05.1922 00:00;8.9;21.3;14.6;0.5;-0.2;1.9;;;;;;;;;;;;;;;;;56.8;38;;;14169;137;;
LUZ;01.06.1922 00:00;11.8;22.2;16.2;-1.4;-1;-0.7;;;;;;;;;;;;;;;;;163;99;;;10388;93;;
LUZ;01.07.1922 00:00;11.6;21.8;15.9;-3.6;-3;-3.1;;;;;;;;;;;;;;;;;204.1;123;;;12130;97;;
LUZ;01.08.1922 00:00;12;23;16;-2.9;-2.4;-1.3;;;;;;;;;;;;;;;;;191.8;113;;;11572;97;;
LUZ;01.09.1922 00:00;7.9;16;10.8;-4;-2.9;-3.6;;;;;;;;;;;;;;;;;128.5;118;;;5688;65;;
LUZ;01.10.1922 00:00;3.8;10.1;6.5;-3.8;-3.1;-4.2;;;;;;;;;;;;;;;;;157.2;178;;;2430;41;;
LUZ;01.11.1922 00:00;-1.4;5;2.3;-2.8;-3.6;-3.2;;;;;;;;;;;;;;;;;115.9;149;;;3322;104;;
LUZ;01.12.1922 00:00;-2.7;2.8;0.6;-1.3;-1.9;-1.7;;;;;;;;;;;;;;;;;67.6;86;;;2444;104;;
LUZ;01.01.1923 00:00;-3.4;1.9;0.1;-1;-1.8;-2.1;;;;;;;;;;;;;;;;;61.5;110;;;1782;59;;
LUZ;01.02.1923 00:00;-0.2;6.3;3.7;1.8;1.5;0.5;;;;;;;;;;;;;;;;;74.1;121;;;3250;68;;
LUZ;01.03.1923 00:00;1.1;9.1;5;-1;-0.4;-1.8;;;;;;;;;;;;;;;;;48.6;64;;;5415;68;;
LUZ;01.04.1923 00:00;2.6;14.3;8;-1.9;-2.2;-1;;;;;;;;;;;;;;;;;112.5;117;;;7266;75;;
LUZ;01.05.1923 00:00;7.4;17.8;12.5;-1.6;-1.7;-1.6;;;;;;;;;;;;;;;;;137.8;93;;;11597;112;;
LUZ;01.06.1923 00:00;8.1;17.3;12.2;-5.4;-4.7;-5.6;;;;;;;;;;;;;;;;;152.9;93;;;6948;62;;
LUZ;01.07.1923 00:00;14.3;26;19.8;0.3;-0.3;1.1;;;;;;;;;;;;;;;;;78.5;47;;;16170;129;;
LUZ;01.08.1923 00:00;12.3;24;17.2;-1.7;-2.1;-0.3;;;;;;;;;;;;;;;;;87.6;52;;;15485;130;;
LUZ;01.09.1923 00:00;8.5;18.8;12.9;-1.9;-2.3;-0.8;;;;;;;;;;;;;;;;;91.9;84;;;10599;121;;
LUZ;01.10.1923 00:00;6.4;14.3;10.2;-0.1;-0.5;0;;;;;;;;;;;;;;;;;91;103;;;5410;91;;
LUZ;01.11.1923 00:00;-0.2;6;3.3;-1.8;-2.4;-2.2;;;;;;;;;;;;;;;;;148.8;191;;;3710;116;;
LUZ;01.12.1923 00:00;-2.2;3.4;1;-0.9;-1.4;-1.1;;;;;;;;;;;;;;;;;90.4;115;;;1618;69;;
LUZ;01.01.1924 00:00;-4.9;0.8;-1.4;-2.5;-3.3;-3.2;;;;;;;;;;;;;;;;;40.2;72;;;2151;71;;
LUZ;01.02.1924 00:00;-5.5;1;-1.7;-3.6;-3.8;-4.8;;;;;;;;;;;;;;;;;25.4;41;;;2849;59;;
LUZ;01.03.1924 00:00;-1.3;8.4;3.5;-2.5;-2.8;-2.5;;;;;;;;;;;;;;;;;47.7;63;;;9543;119;;
LUZ;01.04.1924 00:00;3.3;12.8;8.3;-1.6;-1.5;-2.5;;;;;;;;;;;;;;;;;71.6;74;;;7771;80;;
LUZ;01.05.1924 00:00;8.8;18.7;13.7;-0.4;-0.3;-0.7;;;;;;;;;;;;;;;;;124.4;84;;;10575;102;;
LUZ;01.06.1924 00:00;10.7;20.7;15.2;-2.4;-2.1;-2.2;;;;;;;;;;;;;;;;;220.5;134;;;10714;96;;
LUZ;01.07.1924 00:00;12.8;22.9;16.9;-2.6;-1.8;-2;;;;;;;;;;;;;;;;;188.4;114;;;12291;98;;
LUZ;01.08.1924 00:00;10;18.8;13.5;-5.4;-4.4;-5.5;;;;;;;;;;;;;;;;;198.1;117;;;8163;69;;
LUZ;01.09.1924 00:00;9.3;18.3;13.1;-1.7;-1.5;-1.3;;;;;;;;;;;;;;;;;89;82;;;9125;104;;
LUZ;01.10.1924 00:00;4.7;13.7;8.8;-1.5;-2.2;-0.6;;;;;;;;;;;;;;;;;102.7;116;;;6959;117;;
LUZ;01.11.1924 00:00;0.6;6.2;3.6;-1.5;-1.6;-2;;;;;;;;;;;;;;;;;4.9;6;;;2332;73;;
LUZ;01.12.1924 00:00;-2.9;2;0.3;-1.6;-2.1;-2.5;;;;;;;;;;;;;;;;;32.8;42;;;2156;92;;
LUZ;01.01.1925 00:00;-2.3;4.1;1.7;0.6;-0.7;0.1;;;;;;;;;;;;;;;;;42.1;75;;;3156;104;;
LUZ;01.02.1925 00:00;-1.2;7.5;3.4;1.5;0.5;1.7;;;;;;;;;;;;;;;;;97;158;;;6522;136;;
LUZ;01.03.1925 00:00;-2.8;4.6;1.4;-4.6;-4.3;-6.3;;;;;;;;;;;;;;;;;58.8;78;;;4824;60;;
LUZ;01.04.1925 00:00;3.8;13.7;8.5;-1.4;-1;-1.6;;;;;;;;;;;;;;;;;112.3;116;;;8001;83;;
LUZ;01.05.1925 00:00;7.5;18.4;12.6;-1.5;-1.6;-1;;;;;;;;;;;;;;;;;88.9;60;;;10928;105;;
LUZ;01.06.1925 00:00;10.8;22.8;16.1;-1.5;-2;-0.1;;;;;;;;;;;;;;;;;120.3;73;;;14323;128;;
LUZ;01.07.1925 00:00;12.2;22.4;16.6;-2.9;-2.4;-2.5;;;;;;;;;;;;;;;;;166.3;100;;;11373;91;;
LUZ;01.08.1925 00:00;11.8;21.9;16;-2.9;-2.6;-2.4;;;;;;;;;;;;;;;;;180.9;106;;;11191;94;;
LUZ;01.09.1925 00:00;6.8;16.1;10.7;-4.1;-4;-3.5;;;;;;;;;;;;;;;;;154.4;141;;;8130;93;;
LUZ;01.10.1925 00:00;4.7;13;8.8;-1.5;-2.2;-1.3;;;;;;;;;;;;;;;;;21.6;24;;;6117;103;;
LUZ;01.11.1925 00:00;-0.4;4.6;2.3;-2.8;-2.6;-3.6;;;;;;;;;;;;;;;;;54;69;;;1261;39;;
LUZ;01.12.1925 00:00;-3.1;3.6;0.7;-1.2;-2.3;-0.9;;;;;;;;;;;;;;;;;80.4;103;;;2716;116;;
LUZ;01.01.1926 00:00;-3;3;0.3;-0.8;-1.4;-1;;;;;;;;;;;;;;;;;74.1;133;;;2616;86;;
LUZ;01.02.1926 00:00;0.5;8.7;5;3.1;2.2;2.9;;;;;;;;;;;;;;;;;34.9;57;;;4555;95;;
LUZ;01.03.1926 00:00;1.1;8.9;4.9;-1.1;-0.4;-2;;;;;;;;;;;;;;;;;66.7;88;;;4531;57;;
LUZ;01.04.1926 00:00;4.1;15.6;9.8;-0.1;-0.7;0.3;;;;;;;;;;;;;;;;;40.3;42;;;10555;109;;
LUZ;01.05.1926 00:00;7.2;15.7;10.7;-3.4;-1.9;-3.7;;;;;;;;;;;;;;;;;149.3;100;;;7976;77;;
LUZ;01.06.1926 00:00;9.3;18.2;13;-4.6;-3.5;-4.7;;;;;;;;;;;;;;;;;254.5;155;;;8539;76;;
LUZ;01.07.1926 00:00;12.8;22.2;16.3;-3.2;-1.8;-2.7;;;;;;;;;;;;;;;;;228.8;138;;;9121;73;;
LUZ;01.08.1926 00:00;12.3;23.1;16.3;-2.6;-2.1;-1.2;;;;;;;;;;;;;;;;;87.4;51;;;13130;110;;
LUZ;01.09.1926 00:00;11.6;21.3;15;0.2;0.8;1.7;;;;;;;;;;;;;;;;;79.1;72;;;12028;137;;
LUZ;01.10.1926 00:00;4.3;13.2;8.7;-1.6;-2.6;-1.1;;;;;;;;;;;;;;;;;108.1;123;;;6022;101;;
LUZ;01.11.1926 00:00;1.1;8.5;5;-0.1;-1.1;0.3;;;;;;;;;;;;;;;;;40.9;53;;;5008;156;;
LUZ;01.12.1926 00:00;-3.1;1.6;-0.5;-2.4;-2.3;-2.9;;;;;;;;;;;;;;;;;36.6;47;;;1386;59;;
LUZ;01.01.1927 00:00;-2;3.2;1;-0.1;-0.4;-0.8;;;;;;;;;;;;;;;;;71.1;127;;;1829;60;;
LUZ;01.02.1927 00:00;-3.7;4;0.2;-1.7;-2;-1.8;;;;;;;;;;;;;;;;;88.2;144;;;4795;100;;
LUZ;01.03.1927 00:00;0.8;10.5;5.2;-0.8;-0.7;-0.4;;;;;;;;;;;;;;;;;115.6;153;;;7441;93;;
LUZ;01.04.1927 00:00;4.5;15;8.7;-1.2;-0.3;-0.3;;;;;;;;;;;;;;;;;138.9;144;;;8397;87;;
LUZ;01.05.1927 00:00;8.8;19.2;13.5;-0.6;-0.3;-0.2;;;;;;;;;;;;;;;;;101.2;68;;;12674;122;;
LUZ;01.06.1927 00:00;11;21.5;15.4;-2.2;-1.8;-1.4;;;;;;;;;;;;;;;;;201;122;;;11573;103;;
LUZ;01.07.1927 00:00;13.4;23.5;17.4;-2.1;-1.2;-1.4;;;;;;;;;;;;;;;;;187.4;113;;;10770;86;;
LUZ;01.08.1927 00:00;12.5;21.9;15.6;-3.3;-1.9;-2.4;;;;;;;;;;;;;;;;;272.1;160;;;10854;91;;
LUZ;01.09.1927 00:00;10.4;18.9;13.4;-1.4;-0.4;-0.7;;;;;;;;;;;;;;;;;128;117;;;7494;86;;
LUZ;01.10.1927 00:00;3.2;12.4;8.2;-2.1;-3.7;-1.9;;;;;;;;;;;;;;;;;16.4;19;;;6375;107;;
LUZ;01.11.1927 00:00;-1.2;6.9;3.9;-1.2;-3.4;-1.3;;;;;;;;;;;;;;;;;52;67;;;3612;113;;
LUZ;01.12.1927 00:00;-4.6;2.7;-0.4;-2.3;-3.8;-1.8;;;;;;;;;;;;;;;;;43.7;56;;;1137;49;;
LUZ;01.01.1928 00:00;-2.3;5.3;2.4;1.3;-0.7;1.3;;;;;;;;;;;;;;;;;55.5;99;;;2379;78;;
LUZ;01.02.1928 00:00;-2.5;7.5;3.2;1.3;-0.8;1.7;;;;;;;;;;;;;;;;;49.4;81;;;7083;148;;
LUZ;01.03.1928 00:00;0.4;9.1;4.7;-1.3;-1.1;-1.8;;;;;;;;;;;;;;;;;73.5;97;;;6762;85;;
LUZ;01.04.1928 00:00;2.6;14.1;8.1;-1.8;-2.2;-1.2;;;;;;;;;;;;;;;;;112.1;116;;;9665;100;;
LUZ;01.05.1928 00:00;5.8;15.5;10.3;-3.8;-3.3;-3.9;;;;;;;;;;;;;;;;;124.2;84;;;10141;98;;
LUZ;01.06.1928 00:00;11.1;22.1;15.8;-1.8;-1.7;-0.8;;;;;;;;;;;;;;;;;114.8;70;;;11670;104;;
LUZ;01.07.1928 00:00;14.9;27.1;20.2;0.7;0.3;2.2;;;;;;;;;;;;;;;;;89;54;;;17919;143;;
LUZ;01.08.1928 00:00;13.9;24;17.7;-1.2;-0.5;-0.3;;;;;;;;;;;;;;;;;151.2;89;;;12505;105;;
LUZ;01.09.1928 00:00;10;17.5;12.7;-2.1;-0.8;-2.1;;;;;;;;;;;;;;;;;121.5;111;;;6306;72;;
LUZ;01.10.1928 00:00;4.6;12.8;8.3;-2;-2.3;-1.5;;;;;;;;;;;;;;;;;78.3;89;;;6791;114;;
LUZ;01.11.1928 00:00;2.2;7.9;5.4;0.3;0;-0.3;;;;;;;;;;;;;;;;;102.6;132;;;4031;126;;
LUZ;01.12.1928 00:00;-2.3;2.2;0.4;-1.5;-1.5;-2.3;;;;;;;;;;;;;;;;;65.1;83;;;2182;93;;
LUZ;01.01.1929 00:00;-7.4;-1.4;-4.2;-5.3;-5.8;-5.4;;;;;;;;;;;;;;;;;56.8;102;;;1726;57;;
LUZ;01.02.1929 00:00;-12.5;-2.5;-6.7;-8.6;-10.8;-8.3;;;;;;;;;;;;;;;;;41.9;68;;;5300;111;;
LUZ;01.03.1929 00:00;-1.1;9;3.7;-2.3;-2.6;-1.9;;;;;;;;;;;;;;;;;32.5;43;;;9844;123;;
LUZ;01.04.1929 00:00;1.2;11.2;5.8;-4.1;-3.6;-4.1;;;;;;;;;;;;;;;;;147;152;;;7519;78;;
LUZ;01.05.1929 00:00;8.3;18.7;12.9;-1.2;-0.8;-0.7;;;;;;;;;;;;;;;;;57.7;39;;;10760;104;;
LUZ;01.06.1929 00:00;12.3;22;16.5;-1.1;-0.5;-0.9;;;;;;;;;;;;;;;;;103.5;63;;;10016;89;;
LUZ;01.07.1929 00:00;13.4;24.6;18.3;-1.2;-1.2;-0.3;;;;;;;;;;;;;;;;;105.6;64;;;15137;121;;
LUZ;01.08.1929 00:00;12.8;21.5;16.4;-2.5;-1.6;-2.8;;;;;;;;;;;;;;;;;146.8;86;;;11101;93;;
LUZ;01.09.1929 00:00;11.8;22;15.9;1.1;1;2.4;;;;;;;;;;;;;;;;;84.1;77;;;13173;151;;
LUZ;01.10.1929 00:00;5.4;13.6;8.9;-1.4;-1.5;-0.7;;;;;;;;;;;;;;;;;129.7;147;;;4510;76;;
LUZ;01.11.1929 00:00;0.5;6.9;4.3;-0.8;-1.7;-1.3;;;;;;;;;;;;;;;;;64.8;83;;;2897;90;;
LUZ;01.12.1929 00:00;-0.6;6.2;3.2;1.3;0.2;1.7;;;;;;;;;;;;;;;;;119;152;;;4794;205;;
LUZ;01.01.1930 00:00;-1.8;4.5;1.8;0.7;-0.2;0.5;;;;;;;;;;;;;;;;;36.7;66;;;3048;100;;
LUZ;01.02.1930 00:00;-3.8;3.5;0.2;-1.7;-2.1;-2.3;;;;;;;;;;;;;;;;;24.1;39;;;4548;95;;
LUZ;01.03.1930 00:00;0.8;10.1;5.2;-0.8;-0.7;-0.8;;;;;;;;;;;;;;;;;88.6;118;;;7326;92;;
LUZ;01.04.1930 00:00;4.1;14.8;9;-0.9;-0.7;-0.5;;;;;;;;;;;;;;;;;181.5;188;;;7617;79;;
LUZ;01.05.1930 00:00;7.4;15.9;11.2;-2.9;-1.7;-3.5;;;;;;;;;;;;;;;;;187.3;126;;;6558;63;;
LUZ;01.06.1930 00:00;13.8;24.4;18.4;0.8;1;1.5;;;;;;;;;;;;;;;;;123.6;75;;;13458;120;;
LUZ;01.07.1930 00:00;12.4;21.7;16.1;-3.4;-2.2;-3.2;;;;;;;;;;;;;;;;;225.4;136;;;9774;78;;
LUZ;01.08.1930 00:00;12.6;21.9;16.3;-2.6;-1.8;-2.4;;;;;;;;;;;;;;;;;140.1;82;;;10730;90;;
LUZ;01.09.1930 00:00;11.1;19;13.9;-0.9;0.3;-0.6;;;;;;;;;;;;;;;;;111;102;;;6334;72;;
LUZ;01.10.1930 00:00;4.6;12.3;8.3;-2;-2.3;-2;;;;;;;;;;;;;;;;;144.6;164;;;4281;72;;
LUZ;01.11.1930 00:00;2.2;10.9;6.7;1.6;0;2.7;;;;;;;;;;;;;;;;;111;142;;;5657;176;;
LUZ;01.12.1930 00:00;-1.7;3.9;1.5;-0.4;-0.9;-0.6;;;;;;;;;;;;;;;;;64.7;83;;;2425;104;;
LUZ;01.01.1931 00:00;-3.4;3.1;0.3;-0.8;-1.8;-0.9;;;;;;;;;;;;;;;;;91;163;;;2360;77;;
LUZ;01.02.1931 00:00;-4.6;2.3;-0.7;-2.6;-2.9;-3.5;;;;;;;;;;;;;;;;;117;191;;;3795;79;;
LUZ;01.03.1931 00:00;-3.5;6.2;0.8;-5.2;-5;-4.7;;;;;;;;;;;;;;;;;150;199;;;8745;109;;
LUZ;01.04.1931 00:00;2.7;13.3;7.5;-2.4;-2.1;-2;;;;;;;;;;;;;;;;;53.6;56;;;9036;93;;
LUZ;01.05.1931 00:00;9.8;21;14.8;0.7;0.7;1.6;;;;;;;;;;;;;;;;;101.4;68;;;11062;107;;
LUZ;01.06.1931 00:00;13;24;17.8;0.2;0.2;1.1;;;;;;;;;;;;;;;;;134.2;82;;;13195;118;;
LUZ;01.07.1931 00:00;12.2;22.9;16.7;-2.8;-2.4;-2;;;;;;;;;;;;;;;;;230.8;139;;;11592;92;;
LUZ;01.08.1931 00:00;11.8;20.6;15;-3.9;-2.6;-3.7;;;;;;;;;;;;;;;;;195.6;115;;;8938;75;;
LUZ;01.09.1931 00:00;5.7;14.5;9.4;-5.4;-5.1;-5.1;;;;;;;;;;;;;;;;;92.2;84;;;5710;65;;
LUZ;01.10.1931 00:00;2.6;12.4;7.4;-2.9;-4.3;-1.9;;;;;;;;;;;;;;;;;53.8;61;;;8601;144;;
LUZ;01.11.1931 00:00;1.4;8.2;5.1;0;-0.8;0;;;;;;;;;;;;;;;;;24.5;31;;;5131;160;;
LUZ;01.12.1931 00:00;-4.6;1.9;-0.5;-2.4;-3.8;-2.6;;;;;;;;;;;;;;;;;47.6;61;;;3534;151;;
LUZ;01.01.1932 00:00;-4;2.4;0;-1.1;-2.4;-1.6;;;;;;;;;;;;;;;;;74.8;134;;;978;32;;
LUZ;01.02.1932 00:00;-8.5;0.8;-3.4;-5.3;-6.8;-5;;;;;;;;;;;;;;;;;17.8;29;;;6650;139;;
LUZ;01.03.1932 00:00;-3.5;6.9;1.9;-4.1;-5;-4;;;;;;;;;;;;;;;;;91.3;121;;;7617;95;;
LUZ;01.04.1932 00:00;1.7;13.3;7.1;-2.8;-3.1;-2;;;;;;;;;;;;;;;;;93.1;96;;;9908;102;;
LUZ;01.05.1932 00:00;7.3;18;11.7;-2.4;-1.8;-1.4;;;;;;;;;;;;;;;;;172.5;116;;;9259;89;;
LUZ;01.06.1932 00:00;9.6;21.2;14.4;-3.2;-3.2;-1.7;;;;;;;;;;;;;;;;;200.3;122;;;10005;89;;
LUZ;01.07.1932 00:00;12.7;22.1;16.4;-3.1;-1.9;-2.8;;;;;;;;;;;;;;;;;218.9;132;;;7625;61;;
LUZ;01.08.1932 00:00;14.9;26;19;0.1;0.5;1.7;;;;;;;;;;;;;;;;;95.9;56;;;14297;120;;
LUZ;01.09.1932 00:00;12.6;21.9;16.2;1.4;1.8;2.3;;;;;;;;;;;;;;;;;63.3;58;;;8099;93;;
LUZ;01.10.1932 00:00;5.2;13.5;8.8;-1.5;-1.7;-0.8;;;;;;;;;;;;;;;;;101.6;115;;;5223;88;;
LUZ;01.11.1932 00:00;2.1;7.4;4.9;-0.2;-0.1;-0.8;;;;;;;;;;;;;;;;;40.8;52;;;2863;89;;
LUZ;01.12.1932 00:00;-2.3;2.2;0.2;-1.7;-1.5;-2.3;;;;;;;;;;;;;;;;;21;27;;;2053;88;;
LUZ;01.01.1933 00:00;-5.6;-0.3;-2.5;-3.6;-4;-4.3;;;;;;;;;;;;;;;;;39.9;72;;;1738;57;;
LUZ;01.02.1933 00:00;-3.7;4.5;0.6;-1.3;-2;-1.3;;;;;;;;;;;;;;;;;77;126;;;5110;107;;
LUZ;01.03.1933 00:00;0.9;10.3;5.1;-0.9;-0.6;-0.6;;;;;;;;;;;;;;;;;42.6;56;;;10105;126;;
LUZ;01.04.1933 00:00;4.1;15.2;8.9;-1;-0.7;-0.1;;;;;;;;;;;;;;;;;85.5;89;;;9457;98;;
LUZ;01.05.1933 00:00;7.5;16.6;11.2;-2.9;-1.6;-2.8;;;;;;;;;;;;;;;;;186.8;126;;;8087;78;;
LUZ;01.06.1933 00:00;9.6;18.7;13.3;-4.3;-3.2;-4.2;;;;;;;;;;;;;;;;;206.1;125;;;8292;74;;
LUZ;01.07.1933 00:00;13.8;24.7;18.3;-1.2;-0.8;-0.2;;;;;;;;;;;;;;;;;144.6;87;;;14780;118;;
LUZ;01.08.1933 00:00;14;24.4;17.9;-1;-0.4;0.1;;;;;;;;;;;;;;;;;66.8;39;;;14200;119;;
LUZ;01.09.1933 00:00;10;19.2;13.6;-1.2;-0.8;-0.4;;;;;;;;;;;;;;;;;107.4;98;;;9302;106;;
LUZ;01.10.1933 00:00;5.8;13;9.1;-1.2;-1.1;-1.3;;;;;;;;;;;;;;;;;115.4;131;;;5740;96;;
LUZ;01.11.1933 00:00;0.2;5.4;3.1;-2;-2;-2.8;;;;;;;;;;;;;;;;;76.7;98;;;2904;91;;
LUZ;01.12.1933 00:00;-6.9;-2.1;-4;-5.9;-6.1;-6.6;;;;;;;;;;;;;;;;;18.7;24;;;1116;48;;
LUZ;01.01.1934 00:00;-3.9;1.5;-0.5;-1.6;-2.3;-2.5;;;;;;;;;;;;;;;;;82.4;148;;;1201;39;;
LUZ;01.02.1934 00:00;-4.8;3.8;-0.3;-2.2;-3.1;-2;;;;;;;;;;;;;;;;;7.4;12;;;7793;163;;
LUZ;01.03.1934 00:00;0.1;8.6;4.1;-1.9;-1.4;-2.3;;;;;;;;;;;;;;;;;61;81;;;6531;82;;
LUZ;01.04.1934 00:00;5.2;17.5;11.1;1.2;0.4;2.2;;;;;;;;;;;;;;;;;31.1;32;;;12666;131;;
LUZ;01.05.1934 00:00;9.5;20.7;14.5;0.4;0.4;1.3;;;;;;;;;;;;;;;;;73.4;49;;;12323;119;;
LUZ;01.06.1934 00:00;11.5;22.5;16.1;-1.5;-1.3;-0.4;;;;;;;;;;;;;;;;;194.9;118;;;11385;102;;
LUZ;01.07.1934 00:00;13.7;25.6;18.5;-1;-0.9;0.7;;;;;;;;;;;;;;;;;130.5;79;;;15040;120;;
LUZ;01.08.1934 00:00;12.8;22.5;16;-2.9;-1.6;-1.8;;;;;;;;;;;;;;;;;153.3;90;;;9132;77;;
LUZ;01.09.1934 00:00;11.5;21.4;15;0.2;0.7;1.8;;;;;;;;;;;;;;;;;116.5;107;;;10449;119;;
LUZ;01.10.1934 00:00;4.7;13.4;8.6;-1.7;-2.2;-0.9;;;;;;;;;;;;;;;;;80.5;91;;;7998;134;;
LUZ;01.11.1934 00:00;-0.6;4.8;2.4;-2.7;-2.8;-3.4;;;;;;;;;;;;;;;;;42.2;54;;;2945;92;;
LUZ;01.12.1934 00:00;1;5.6;3.9;2;1.8;1.1;;;;;;;;;;;;;;;;;63.5;81;;;2010;86;;
LUZ;01.01.1935 00:00;-4.8;0.5;-1.7;-2.8;-3.2;-3.5;;;;;;;;;;;;;;;;;63.8;114;;;1895;62;;
LUZ;01.02.1935 00:00;-1.6;5.4;2.2;0.3;0.1;-0.4;;;;;;;;;;;;;;;;;60.2;98;;;4275;89;;
LUZ;01.03.1935 00:00;-1.3;8.2;3.2;-2.8;-2.8;-2.7;;;;;;;;;;;;;;;;;73.1;97;;;10194;127;;
LUZ;01.04.1935 00:00;3.4;12.3;7.5;-2.4;-1.4;-3;;;;;;;;;;;;;;;;;123;127;;;5828;60;;
LUZ;01.05.1935 00:00;5.7;16.4;10.6;-3.5;-3.4;-3;;;;;;;;;;;;;;;;;161.5;109;;;10275;99;;
LUZ;01.06.1935 00:00;12.6;23.5;17.6;0;-0.2;0.6;;;;;;;;;;;;;;;;;86.6;53;;;13356;119;;
LUZ;01.07.1935 00:00;14.2;24.6;18.7;-0.8;-0.4;-0.3;;;;;;;;;;;;;;;;;145.3;88;;;14931;119;;
LUZ;01.08.1935 00:00;12;21.5;15.7;-3.2;-2.4;-2.8;;;;;;;;;;;;;;;;;178.5;105;;;11364;95;;
LUZ;01.09.1935 00:00;9.4;19.8;13.8;-1;-1.4;0.2;;;;;;;;;;;;;;;;;60.4;55;;;10880;124;;
LUZ;01.10.1935 00:00;5.3;11.9;8.4;-1.9;-1.6;-2.4;;;;;;;;;;;;;;;;;222.8;253;;;2787;47;;
LUZ;01.11.1935 00:00;1.1;8;4.7;-0.4;-1.1;-0.2;;;;;;;;;;;;;;;;;42.8;55;;;4660;145;;
LUZ;01.12.1935 00:00;-4.2;1.9;-0.9;-2.8;-3.4;-2.6;;;;;;;;;;;;;;;;;123.4;157;;;1638;70;;
LUZ;01.01.1936 00:00;0;6.8;3.7;2.6;1.6;2.8;;;;;;;;;;;;;;;;;66.7;120;;;2951;97;;
LUZ;01.02.1936 00:00;-2.3;4.7;1.4;-0.5;-0.6;-1.1;;;;;;;;;;;;;;;;;83.9;137;;;4660;97;;
LUZ;01.03.1936 00:00;1.3;11.6;6.2;0.2;-0.2;0.7;;;;;;;;;;;;;;;;;41.6;55;;;9654;121;;
LUZ;01.04.1936 00:00;3.5;12.7;7.8;-2.1;-1.3;-2.6;;;;;;;;;;;;;;;;;140;145;;;5516;57;;
LUZ;01.05.1936 00:00;8.5;19.4;12.9;-1.2;-0.6;0;;;;;;;;;;;;;;;;;113;76;;;10442;101;;
LUZ;01.06.1936 00:00;11.4;21;15.2;-2.4;-1.4;-1.9;;;;;;;;;;;;;;;;;173;105;;;7707;69;;
LUZ;01.07.1936 00:00;12.9;23.1;16.4;-3.1;-1.7;-1.8;;;;;;;;;;;;;;;;;260.3;157;;;8897;71;;
LUZ;01.08.1936 00:00;12.6;22.4;16.1;-2.8;-1.8;-1.9;;;;;;;;;;;;;;;;;138.9;82;;;10896;92;;
LUZ;01.09.1936 00:00;11.1;18.3;13.4;-1.4;0.3;-1.3;;;;;;;;;;;;;;;;;176.1;161;;;5903;67;;
LUZ;01.10.1936 00:00;2.2;9.8;5.8;-4.5;-4.7;-4.5;;;;;;;;;;;;;;;;;74.5;84;;;5568;93;;
LUZ;01.11.1936 00:00;1;7;4.3;-0.8;-1.2;-1.2;;;;;;;;;;;;;;;;;52.6;68;;;2535;79;;
LUZ;01.12.1936 00:00;-1.3;4.3;1.6;-0.3;-0.5;-0.2;;;;;;;;;;;;;;;;;49.4;63;;;2540;108;;
LUZ;01.01.1937 00:00;-2.7;4.4;1.1;0;-1.1;0.4;;;;;;;;;;;;;;;;;49.1;88;;;3796;125;;
LUZ;01.02.1937 00:00;-0.4;6.8;3.6;1.7;1.3;1;;;;;;;;;;;;;;;;;96.7;158;;;2665;56;;
LUZ;01.03.1937 00:00;-0.5;7.5;3.2;-2.8;-2;-3.4;;;;;;;;;;;;;;;;;119.2;158;;;5907;74;;
LUZ;01.04.1937 00:00;3.9;13.4;8.3;-1.6;-0.9;-1.9;;;;;;;;;;;;;;;;;82.7;86;;;7057;73;;
LUZ;01.05.1937 00:00;9.2;20;14.6;0.5;0.1;0.6;;;;;;;;;;;;;;;;;147.4;99;;;11436;110;;
LUZ;01.06.1937 00:00;12.8;21.8;16.7;-0.9;0;-1.1;;;;;;;;;;;;;;;;;169.4;103;;;10000;89;;
LUZ;01.07.1937 00:00;13.7;22.3;17.6;-1.9;-0.9;-2.6;;;;;;;;;;;;;;;;;85.4;52;;;11787;94;;
LUZ;01.08.1937 00:00;13.8;21;16.6;-2.3;-0.6;-3.3;;;;;;;;;;;;;;;;;147;86;;;9229;78;;
LUZ;01.09.1937 00:00;9.7;16.9;12.3;-2.5;-1.1;-2.7;;;;;;;;;;;;;;;;;135.7;124;;;6374;73;;
LUZ;01.10.1937 00:00;4.6;12.9;8.5;-1.8;-2.3;-1.4;;;;;;;;;;;;;;;;;79.4;90;;;4464;75;;
LUZ;01.11.1937 00:00;0.1;6.2;3.3;-1.8;-2.1;-2;;;;;;;;;;;;;;;;;56.7;73;;;3642;114;;
LUZ;01.12.1937 00:00;-3.3;1.8;-0.3;-2.2;-2.5;-2.7;;;;;;;;;;;;;;;;;67;85;;;1882;80;;
LUZ;01.01.1938 00:00;-2.5;3.9;1.2;0.1;-0.9;-0.1;;;;;;;;;;;;;;;;;85.5;153;;;2070;68;;
LUZ;01.02.1938 00:00;-3.7;3.5;0.2;-1.7;-2;-2.3;;;;;;;;;;;;;;;;;39.6;65;;;4554;95;;
LUZ;01.03.1938 00:00;1.7;13.5;7.3;1.3;0.2;2.6;;;;;;;;;;;;;;;;;36.3;48;;;14041;176;;
LUZ;01.04.1938 00:00;0.4;11.7;5.6;-4.3;-4.4;-3.6;;;;;;;;;;;;;;;;;30.6;32;;;11569;119;;
LUZ;01.05.1938 00:00;6.3;16.6;10.6;-3.5;-2.8;-2.8;;;;;;;;;;;;;;;;;126.7;85;;;9348;90;;
LUZ;01.06.1938 00:00;11.9;24;16.8;-0.8;-0.9;1.1;;;;;;;;;;;;;;;;;144.9;88;;;12212;109;;
LUZ;01.07.1938 00:00;12.7;23.4;16.6;-2.9;-1.9;-1.5;;;;;;;;;;;;;;;;;219.7;133;;;11246;90;;
LUZ;01.08.1938 00:00;13.2;22.3;16.4;-2.5;-1.2;-2;;;;;;;;;;;;;;;;;217.1;128;;;10981;92;;
LUZ;01.09.1938 00:00;10.2;18.9;13.7;-1.1;-0.6;-0.7;;;;;;;;;;;;;;;;;96.1;88;;;8792;100;;
LUZ;01.10.1938 00:00;5.3;12.3;8.5;-1.8;-1.6;-2;;;;;;;;;;;;;;;;;53.5;61;;;6269;105;;
LUZ;01.11.1938 00:00;2;8.8;5.7;0.6;-0.2;0.6;;;;;;;;;;;;;;;;;25.5;33;;;5206;162;;
LUZ;01.12.1938 00:00;-5.1;0.7;-1.8;-3.7;-4.3;-3.8;;;;;;;;;;;;;;;;;69.8;89;;;1102;47;;
LUZ;01.01.1939 00:00;-1.9;4;1.5;0.4;-0.3;0;;;;;;;;;;;;;;;;;51.6;92;;;2849;94;;
LUZ;01.02.1939 00:00;-2.8;4.7;1.5;-0.4;-1.1;-1.1;;;;;;;;;;;;;;;;;21;34;;;4394;92;;
LUZ;01.03.1939 00:00;-1.5;5.8;2.1;-3.9;-3;-5.1;;;;;;;;;;;;;;;;;97.1;129;;;5646;71;;
LUZ;01.04.1939 00:00;5.5;15.2;9.9;0;0.7;-0.1;;;;;;;;;;;;;;;;;51.1;53;;;8263;85;;
LUZ;01.05.1939 00:00;6.4;12.8;9.2;-4.9;-2.7;-6.6;;;;;;;;;;;;;;;;;228;153;;;3053;29;;
LUZ;01.06.1939 00:00;11.4;21.8;15.8;-1.8;-1.4;-1.1;;;;;;;;;;;;;;;;;127.5;78;;;9742;87;;
LUZ;01.07.1939 00:00;12.2;22.6;16.3;-3.2;-2.4;-2.3;;;;;;;;;;;;;;;;;155.9;94;;;11143;89;;
LUZ;01.08.1939 00:00;13.3;22.9;16.7;-2.2;-1.1;-1.4;;;;;;;;;;;;;;;;;146.8;86;;;9874;83;;
LUZ;01.09.1939 00:00;9.9;17.9;12.3;-2.5;-0.9;-1.7;;;;;;;;;;;;;;;;;98.6;90;;;4864;56;;
LUZ;01.10.1939 00:00;4.8;10.7;7.4;-2.9;-2.1;-3.6;;;;;;;;;;;;;;;;;214.7;243;;;2626;44;;
LUZ;01.11.1939 00:00;2.4;8.6;6;0.9;0.2;0.4;;;;;;;;;;;;;;;;;95.5;123;;;3348;104;;
LUZ;01.12.1939 00:00;-3.5;1.3;-0.7;-2.6;-2.7;-3.2;;;;;;;;;;;;;;;;;68.8;88;;;1865;80;;
LUZ;01.01.1940 00:00;-8.8;-3;-5.3;-6.4;-7.2;-7;;;;;;;;;;;;;;;;;102.2;183;;;1042;34;;
LUZ;01.02.1940 00:00;-4.2;3.5;-0.1;-2;-2.5;-2.3;;;;;;;;;;;;;;;;;77.7;127;;;2493;52;;
LUZ;01.03.1940 00:00;0.1;9.4;4.6;-1.4;-1.4;-1.5;;;;;;;;;;;;;;;;;74.7;99;;;7491;94;;
LUZ;01.04.1940 00:00;4;14.1;8.9;-1;-0.8;-1.2;;;;;;;;;;;;;;;;;106.1;110;;;9271;96;;
LUZ;01.05.1940 00:00;7.4;18.3;12.2;-1.9;-1.7;-1.1;;;;;;;;;;;;;;;;;200.5;135;;;10909;105;;
LUZ;01.06.1940 00:00;11.1;20.9;15.4;-2.2;-1.7;-2;;;;;;;;;;;;;;;;;114.5;70;;;9624;86;;
LUZ;01.07.1940 00:00;12.1;22.1;15.9;-3.6;-2.5;-2.8;;;;;;;;;;;;;;;;;228.4;138;;;10596;85;;
LUZ;01.08.1940 00:00;11.9;21.8;15.4;-3.5;-2.5;-2.5;;;;;;;;;;;;;;;;;124.7;73;;;11363;95;;
LUZ;01.09.1940 00:00;10;18.7;13.2;-1.6;-0.8;-0.9;;;;;;;;;;;;;;;;;246.7;226;;;8733;100;;
LUZ;01.10.1940 00:00;5;10.8;7.7;-2.6;-1.9;-3.5;;;;;;;;;;;;;;;;;75.4;85;;;3059;51;;
LUZ;01.11.1940 00:00;1.2;7.3;4.7;-0.4;-1;-0.9;;;;;;;;;;;;;;;;;131.6;169;;;3601;112;;
LUZ;01.12.1940 00:00;-6.5;-1.2;-3.4;-5.3;-5.7;-5.7;;;;;;;;;;;;;;;;;45.4;58;;;882;38;;
LUZ;01.01.1941 00:00;-6.3;-0.6;-2.9;-4;-4.7;-4.6;;;;;;;;;;;;;;;;;42.6;76;;;1461;48;;
LUZ;01.02.1941 00:00;-2.9;4.5;1.1;-0.8;-1.2;-1.3;;;;;;;;;;;;;;;;;61.6;100;;;4602;96;;
LUZ;01.03.1941 00:00;0.1;10.6;4.8;-1.2;-1.4;-0.3;;;;;;;;;;;;;;;;;49.6;66;;;9229;115;;
LUZ;01.04.1941 00:00;2.3;11.1;6.5;-3.4;-2.5;-4.2;;;;;;;;;;;;;;;;;81;84;;;7371;76;;
LUZ;01.05.1941 00:00;4.5;14.2;9;-5.1;-4.6;-5.2;;;;;;;;;;;;;;;;;167;112;;;7471;72;;
LUZ;01.06.1941 00:00;11.6;22.7;16.6;-1;-1.2;-0.2;;;;;;;;;;;;;;;;;126.5;77;;;11561;103;;
LUZ;01.07.1941 00:00;14.2;25;18.7;-0.8;-0.4;0.1;;;;;;;;;;;;;;;;;174.3;105;;;13136;105;;
LUZ;01.08.1941 00:00;12.3;21.5;15.5;-3.4;-2.1;-2.8;;;;;;;;;;;;;;;;;206.3;121;;;10222;86;;
LUZ;01.09.1941 00:00;8.6;17.9;12.3;-2.5;-2.2;-1.7;;;;;;;;;;;;;;;;;37.3;34;;;8196;94;;
LUZ;01.10.1941 00:00;4.3;10.8;7.4;-2.9;-2.6;-3.5;;;;;;;;;;;;;;;;;103.4;117;;;3603;60;;
LUZ;01.11.1941 00:00;-0.2;5;2.8;-2.3;-2.4;-3.2;;;;;;;;;;;;;;;;;53;68;;;1918;60;;
LUZ;01.12.1941 00:00;-2.8;2.8;0.2;-1.7;-2;-1.7;;;;;;;;;;;;;;;;;32.9;42;;;3517;150;;
LUZ;01.01.1942 00:00;-8.3;-2.2;-4.7;-5.8;-6.7;-6.2;;;;;;;;;;;;;;;;;84.9;152;;;1540;51;;
LUZ;01.02.1942 00:00;-7;-1.1;-3.4;-5.3;-5.3;-6.9;;;;;;;;;;;;;;;;;30.2;49;;;1619;34;;
LUZ;01.03.1942 00:00;0.5;8.9;4.4;-1.6;-1;-2;;;;;;;;;;;;;;;;;49.3;65;;;5214;65;;
LUZ;01.04.1942 00:00;4.1;13.8;8.6;-1.3;-0.7;-1.5;;;;;;;;;;;;;;;;;50.9;53;;;9964;103;;
LUZ;01.05.1942 00:00;8.2;18.6;12.8;-1.3;-0.9;-0.8;;;;;;;;;;;;;;;;;128.2;86;;;9954;96;;
LUZ;01.06.1942 00:00;10.9;21.9;15.9;-1.7;-1.9;-1;;;;;;;;;;;;;;;;;138.2;84;;;11556;103;;
LUZ;01.07.1942 00:00;13.3;23.3;17.4;-2.1;-1.3;-1.6;;;;;;;;;;;;;;;;;97.4;59;;;11131;89;;
LUZ;01.08.1942 00:00;13.2;23.5;16.8;-2.1;-1.2;-0.8;;;;;;;;;;;;;;;;;160.9;95;;;11876;100;;
LUZ;01.09.1942 00:00;11.4;20.9;15.1;0.3;0.6;1.3;;;;;;;;;;;;;;;;;72.4;66;;;10657;122;;
LUZ;01.10.1942 00:00;7;15.5;11;0.7;0.1;1.2;;;;;;;;;;;;;;;;;97.7;111;;;7605;128;;
LUZ;01.11.1942 00:00;-0.5;4.7;2.3;-2.8;-2.7;-3.5;;;;;;;;;;;;;;;;;44.2;57;;;2268;71;;
LUZ;01.12.1942 00:00;-2.7;3.2;0.7;-1.2;-1.9;-1.3;;;;;;;;;;;;;;;;;24.5;31;;;2985;127;;
LUZ;01.01.1943 00:00;-3.9;2.8;-0.1;-1.2;-2.3;-1.2;;;;;;;;;;;;;;;;;71.8;129;;;2293;75;;
LUZ;01.02.1943 00:00;-1.7;5.9;2.3;0.4;0;0.1;;;;;;;;;;;;;;;;;41.1;67;;;6363;133;;
LUZ;01.03.1943 00:00;1;11.7;6.2;0.2;-0.5;0.8;;;;;;;;;;;;;;;;;63;84;;;10992;137;;
LUZ;01.04.1943 00:00;4.9;16.1;10.1;0.2;0.1;0.8;;;;;;;;;;;;;;;;;61.6;64;;;11512;119;;
LUZ;01.05.1943 00:00;9;19.7;13.9;-0.2;-0.1;0.3;;;;;;;;;;;;;;;;;80.1;54;;;11779;114;;
LUZ;01.06.1943 00:00;11.1;20;14.9;-2.7;-1.7;-2.9;;;;;;;;;;;;;;;;;152.4;93;;;9244;82;;
LUZ;01.07.1943 00:00;13.3;23.8;17.8;-1.7;-1.3;-1.1;;;;;;;;;;;;;;;;;152.3;92;;;12831;102;;
LUZ;01.08.1943 00:00;14.8;25.2;18.9;0;0.4;0.9;;;;;;;;;;;;;;;;;75.2;44;;;13574;114;;
LUZ;01.09.1943 00:00;11;19.3;14.1;-0.7;0.2;-0.3;;;;;;;;;;;;;;;;;115.9;106;;;6133;70;;
LUZ;01.10.1943 00:00;6.4;14.3;10.2;-0.1;-0.5;0;;;;;;;;;;;;;;;;;1;1;;;6398;107;;
LUZ;01.11.1943 00:00;-0.2;5.7;3.1;-2;-2.4;-2.5;;;;;;;;;;;;;;;;;53.5;69;;;2642;82;;
LUZ;01.12.1943 00:00;-1.9;2.8;0.8;-1.1;-1.1;-1.7;;;;;;;;;;;;;;;;;25.4;32;;;1083;46;;
LUZ;01.01.1944 00:00;-1.9;4.6;1.6;0.5;-0.3;0.6;;;;;;;;;;;;;;;;;48.1;86;;;4428;145;;
LUZ;01.02.1944 00:00;-5.5;0.7;-1.9;-3.8;-3.8;-5.1;;;;;;;;;;;;;;;;;142.6;233;;;1377;29;;
LUZ;01.03.1944 00:00;-2.4;5.5;1.2;-4.8;-3.9;-5.4;;;;;;;;;;;;;;;;;65.4;87;;;6016;75;;
LUZ;01.04.1944 00:00;5.2;15.9;10.2;0.3;0.4;0.6;;;;;;;;;;;;;;;;;64.2;67;;;9808;101;;
LUZ;01.05.1944 00:00;7.6;18.4;12.6;-1.5;-1.5;-1;;;;;;;;;;;;;;;;;47.4;32;;;11466;111;;
LUZ;01.06.1944 00:00;10.8;19.7;14.7;-2.9;-2;-3.2;;;;;;;;;;;;;;;;;184.6;112;;;7791;69;;
LUZ;01.07.1944 00:00;13.4;23.5;17.4;-2.1;-1.2;-1.4;;;;;;;;;;;;;;;;;112.4;68;;;9940;79;;
LUZ;01.08.1944 00:00;15.6;26.6;19.7;0.8;1.2;2.3;;;;;;;;;;;;;;;;;261.5;154;;;12797;108;;
LUZ;01.09.1944 00:00;10;17.9;12.7;-2.1;-0.8;-1.7;;;;;;;;;;;;;;;;;124.4;114;;;6382;73;;
LUZ;01.10.1944 00:00;5.1;11.5;7.8;-2.5;-1.8;-2.8;;;;;;;;;;;;;;;;;85.1;96;;;4989;84;;
LUZ;01.11.1944 00:00;0.4;7;4;-1.1;-1.8;-1.2;;;;;;;;;;;;;;;;;170;218;;;3083;96;;
LUZ;01.12.1944 00:00;-3.3;2.2;-0.3;-2.2;-2.5;-2.3;;;;;;;;;;;;;;;;;55.9;71;;;2240;96;;
LUZ;01.01.1945 00:00;-9.4;-2.3;-5.3;-6.4;-7.8;-6.3;;;;;;;;;;;;;;;;;62;111;;;1920;63;;
LUZ;01.02.1945 00:00;-0.3;7.2;3.7;1.8;1.4;1.4;;;;;;;;;;;;;;;;;52.9;86;;;4307;90;;
LUZ;01.03.1945 00:00;1.7;10.9;6.1;0.1;0.2;0;;;;;;;;;;;;;;;;;92.5;123;;;8384;105;;
LUZ;01.04.1945 00:00;5.2;16.6;10.3;0.4;0.4;1.3;;;;;;;;;;;;;;;;;88.6;92;;;12500;129;;
LUZ;01.05.1945 00:00;10.1;21.9;15.1;1;1;2.5;;;;;;;;;;;;;;;;;104.2;70;;;13223;128;;
LUZ;01.06.1945 00:00;13;24.6;18.1;0.5;0.2;1.7;;;;;;;;;;;;;;;;;103.3;63;;;14057;125;;
LUZ;01.07.1945 00:00;13.8;25.3;18.7;-0.8;-0.8;0.4;;;;;;;;;;;;;;;;;88.1;53;;;14248;114;;
LUZ;01.08.1945 00:00;13;22.1;16.3;-2.6;-1.4;-2.2;;;;;;;;;;;;;;;;;204.9;121;;;10178;86;;
LUZ;01.09.1945 00:00;10.6;19.2;14;-0.8;-0.2;-0.4;;;;;;;;;;;;;;;;;244.5;224;;;8849;101;;
LUZ;01.10.1945 00:00;4.5;12.9;8.4;-1.9;-2.4;-1.4;;;;;;;;;;;;;;;;;41.5;47;;;7296;122;;
LUZ;01.11.1945 00:00;-0.4;4.5;2.2;-2.9;-2.6;-3.7;;;;;;;;;;;;;;;;;45.7;59;;;1050;33;;
LUZ;01.12.1945 00:00;-2.6;3.8;0.9;-1;-1.8;-0.7;;;;;;;;;;;;;;;;;82.5;105;;;1859;79;;
LUZ;01.01.1946 00:00;-5;1.3;-1.7;-2.8;-3.4;-2.7;;;;;;;;;;;;;;;;;22.8;41;;;1999;66;;
LUZ;01.02.1946 00:00;0.2;7;4.1;2.2;1.9;1.2;;;;;;;;;;;;;;;;;75.1;123;;;3084;64;;
LUZ;01.03.1946 00:00;1.4;10.7;5.7;-0.3;-0.1;-0.2;;;;;;;;;;;;;;;;;35.6;47;;;8427;105;;
LUZ;01.04.1946 00:00;5.4;17.1;11;1.1;0.6;1.8;;;;;;;;;;;;;;;;;47.6;49;;;11865;122;;
LUZ;01.05.1946 00:00;9.5;19.7;13.9;-0.2;0.4;0.3;;;;;;;;;;;;;;;;;162.2;109;;;10230;99;;
LUZ;01.06.1946 00:00;11.2;20.2;15;-2.6;-1.6;-2.7;;;;;;;;;;;;;;;;;227.7;138;;;8084;72;;
LUZ;01.07.1946 00:00;14;24.2;18.1;-1.4;-0.6;-0.7;;;;;;;;;;;;;;;;;231.1;140;;;13225;106;;
LUZ;01.08.1946 00:00;13.2;22.2;16.5;-2.4;-1.2;-2.1;;;;;;;;;;;;;;;;;199;117;;;10564;89;;
LUZ;01.09.1946 00:00;10.5;19.1;14;-0.8;-0.3;-0.5;;;;;;;;;;;;;;;;;101.2;93;;;9905;113;;
LUZ;01.10.1946 00:00;4.9;11.5;7.7;-2.6;-2;-2.8;;;;;;;;;;;;;;;;;69.8;79;;;3990;67;;
LUZ;01.11.1946 00:00;0.2;6.2;3.4;-1.7;-2;-2;;;;;;;;;;;;;;;;;26.4;34;;;3637;113;;
LUZ;01.12.1946 00:00;-3.4;0.8;-1;-2.9;-2.6;-3.7;;;;;;;;;;;;;;;;;38;48;;;1277;55;;
LUZ;01.01.1947 00:00;-6.4;0;-3;-4.1;-4.8;-4;;;;;;;;;;;;;;;;;79.6;143;;;1959;64;;
LUZ;01.02.1947 00:00;-5.6;0.6;-1.9;-3.8;-3.9;-5.2;;;;;;;;;;;;;;;;;43.6;71;;;1966;41;;
LUZ;01.03.1947 00:00;0.4;9.5;4.9;-1.1;-1.1;-1.4;;;;;;;;;;;;;;;;;80.3;106;;;4853;61;;
LUZ;01.04.1947 00:00;6;17.2;11.5;1.6;1.2;1.9;;;;;;;;;;;;;;;;;31.7;33;;;12246;126;;
LUZ;01.05.1947 00:00;10.3;20.1;14.8;0.7;1.2;0.7;;;;;;;;;;;;;;;;;88.7;60;;;10018;97;;
LUZ;01.06.1947 00:00;13.2;24.5;18.2;0.6;0.4;1.6;;;;;;;;;;;;;;;;;106.4;65;;;13353;119;;
LUZ;01.07.1947 00:00;14.9;26.2;19.7;0.2;0.3;1.3;;;;;;;;;;;;;;;;;79.1;48;;;13598;109;;
LUZ;01.08.1947 00:00;15;26.6;19.5;0.6;0.6;2.3;;;;;;;;;;;;;;;;;135.5;80;;;16000;134;;
LUZ;01.09.1947 00:00;11.6;22.2;16;1.2;0.8;2.6;;;;;;;;;;;;;;;;;49.4;45;;;12792;146;;
LUZ;01.10.1947 00:00;5.4;12.9;8.8;-1.5;-1.5;-1.4;;;;;;;;;;;;;;;;;35.8;41;;;5292;89;;
LUZ;01.11.1947 00:00;2.6;9.5;6.4;1.3;0.4;1.3;;;;;;;;;;;;;;;;;151.2;194;;;3402;106;;
LUZ;01.12.1947 00:00;-1;4.3;2;0.1;-0.2;-0.2;;;;;;;;;;;;;;;;;96.9;124;;;2071;88;;
LUZ;01.01.1948 00:00;0.1;6.7;3.7;2.6;1.7;2.7;;;;;;;;;;;;;;;;;129.8;233;;;2865;94;;
LUZ;01.02.1948 00:00;-1.9;5.5;2;0.1;-0.2;-0.3;;;;;;;;;;;;;;;;;64.3;105;;;4519;94;;
LUZ;01.03.1948 00:00;2.1;13.7;7.9;1.9;0.6;2.8;;;;;;;;;;;;;;;;;20;27;;;15116;189;;
LUZ;01.04.1948 00:00;4.6;14.9;9.5;-0.4;-0.2;-0.4;;;;;;;;;;;;;;;;;59;61;;;10294;106;;
LUZ;01.05.1948 00:00;9.5;19.8;14.2;0.1;0.4;0.4;;;;;;;;;;;;;;;;;58.2;39;;;11493;111;;
LUZ;01.06.1948 00:00;11.3;21.2;15.5;-2.1;-1.5;-1.7;;;;;;;;;;;;;;;;;172.2;105;;;9994;89;;
LUZ;01.07.1948 00:00;11.4;20.2;14.8;-4.7;-3.2;-4.7;;;;;;;;;;;;;;;;;219.6;133;;;7620;61;;
LUZ;01.08.1948 00:00;13.8;22.5;16.6;-2.3;-0.6;-1.8;;;;;;;;;;;;;;;;;138.2;81;;;9483;80;;
LUZ;01.09.1948 00:00;9.4;19.3;13.2;-1.6;-1.4;-0.3;;;;;;;;;;;;;;;;;103.3;95;;;9717;111;;
LUZ;01.10.1948 00:00;5.6;13.6;9.3;-1;-1.3;-0.7;;;;;;;;;;;;;;;;;41.6;47;;;6033;101;;
LUZ;01.11.1948 00:00;0.7;6.8;4.1;-1;-1.5;-1.4;;;;;;;;;;;;;;;;;48.5;62;;;1973;62;;
LUZ;01.12.1948 00:00;-3.3;2.8;0.2;-1.7;-2.5;-1.7;;;;;;;;;;;;;;;;;26.1;33;;;1721;74;;
LUZ;01.01.1949 00:00;-3.7;3;0.2;-0.9;-2.1;-1;;;;;;;;;;;;;;;;;59;106;;;2865;94;;
LUZ;01.02.1949 00:00;-4.3;6;1.1;-0.8;-2.6;0.2;;;;;;;;;;;;;;;;;23.1;38;;;8927;186;;
LUZ;01.03.1949 00:00;-2;8.5;3.1;-2.9;-3.5;-2.4;;;;;;;;;;;;;;;;;70;93;;;9413;118;;
LUZ;01.04.1949 00:00;5.8;18;11.6;1.7;1;2.7;;;;;;;;;;;;;;;;;104.5;108;;;11715;121;;
LUZ;01.05.1949 00:00;7.4;16;11.3;-2.8;-1.7;-3.4;;;;;;;;;;;;;;;;;95.1;64;;;6266;60;;
LUZ;01.06.1949 00:00;10.7;22.4;16.1;-1.5;-2.1;-0.5;;;;;;;;;;;;;;;;;79.5;48;;;12911;115;;
LUZ;01.07.1949 00:00;13.4;27;19.5;0;-1.2;2.1;;;;;;;;;;;;;;;;;44.1;27;;;16521;132;;
LUZ;01.08.1949 00:00;13.4;24.9;17.8;-1.1;-1;0.6;;;;;;;;;;;;;;;;;88.8;52;;;12460;105;;
LUZ;01.09.1949 00:00;12.7;22.9;16.6;1.8;1.9;3.3;;;;;;;;;;;;;;;;;91.7;84;;;10989;126;;
LUZ;01.10.1949 00:00;7;15.6;10.9;0.6;0.1;1.3;;;;;;;;;;;;;;;;;33.5;38;;;8082;136;;
LUZ;01.11.1949 00:00;0.6;6.5;3.9;-1.2;-1.6;-1.7;;;;;;;;;;;;;;;;;61.7;79;;;2093;65;;
LUZ;01.12.1949 00:00;-0.1;5.8;3;1.1;0.7;1.3;;;;;;;;;;;;;;;;;79.9;102;;;2898;124;;
LUZ;01.01.1950 00:00;-3.4;2.6;-0.1;-1.2;-1.8;-1.4;;;;;;;;;;;;;;;;;60.4;108;;;2350;77;;
LUZ;01.02.1950 00:00;-0.9;7.1;3.5;1.6;0.8;1.3;;;;;;;;;;;;;;;;;65.3;107;;;4254;89;;
LUZ;01.03.1950 00:00;0.5;10.9;5.4;-0.6;-1;0;;;;;;;;;;;;;;;;;33.4;44;;;9547;119;;
LUZ;01.04.1950 00:00;3.1;12.3;7.4;-2.5;-1.7;-3;;;;;;;;;;;;;;;;;134.2;139;;;7157;74;;
LUZ;01.05.1950 00:00;9.3;21.1;14.5;0.4;0.2;1.7;;;;;;;;;;;;;;;;;151;102;;;11838;114;;
LUZ;01.06.1950 00:00;13.3;25.5;18.5;0.9;0.5;2.6;;;;;;;;;;;;;;;;;145.9;89;;;14247;127;;
LUZ;01.07.1950 00:00;15.4;27.2;20.1;0.6;0.8;2.3;;;;;;;;;;;;;;;;;111.9;68;;;14474;115;;
LUZ;01.08.1950 00:00;13.8;24.1;17.3;-1.6;-0.6;-0.2;;;;;;;;;;;;;;;;;182.6;107;;;10387;87;;
LUZ;01.09.1950 00:00;10.1;18.4;13.1;-1.7;-0.7;-1.2;;;;;;;;;;;;;;;;;148.6;136;;;6637;76;;
LUZ;01.10.1950 00:00;4.9;12.2;8.5;-1.8;-2;-2.1;;;;;;;;;;;;;;;;;27.4;31;;;5489;92;;
LUZ;01.11.1950 00:00;0.3;7.2;4.3;-0.8;-1.9;-1;;;;;;;;;;;;;;;;;206.6;265;;;3251;101;;
LUZ;01.12.1950 00:00;-5;0.6;-1.7;-3.6;-4.2;-3.9;;;;;;;;;;;;;;;;;53.1;68;;;1877;80;;
LUZ;01.01.1951 00:00;-2.2;3.8;1.4;0.3;-0.6;-0.2;;;;;;;;;;;;;;;;;47.1;84;;;2124;70;;
LUZ;01.02.1951 00:00;-1.3;5.7;2.6;0.7;0.4;-0.1;;;;;;;;;;;;;;;;;90.2;147;;;4401;92;;
LUZ;01.03.1951 00:00;-0.6;8.2;3.7;-2.3;-2.1;-2.7;;;;;;;;;;;;;;;;;97.5;129;;;5416;68;;
LUZ;01.04.1951 00:00;3.2;13.9;8.4;-1.5;-1.6;-1.4;;;;;;;;;;;;;;;;;78.1;81;;;10415;107;;
LUZ;01.05.1951 00:00;7.7;17.5;12.1;-2;-1.4;-1.9;;;;;;;;;;;;;;;;;109.6;74;;;8166;79;;
LUZ;01.06.1951 00:00;11.4;21;15.5;-2.1;-1.4;-1.9;;;;;;;;;;;;;;;;;183.6;112;;;8274;74;;
LUZ;01.07.1951 00:00;12.8;24.7;17.9;-1.6;-1.8;-0.2;;;;;;;;;;;;;;;;;224.4;136;;;13078;104;;
LUZ;01.08.1951 00:00;13;22.9;16.7;-2.2;-1.4;-1.4;;;;;;;;;;;;;;;;;145.4;86;;;10365;87;;
LUZ;01.09.1951 00:00;11;19.9;14.4;-0.4;0.2;0.3;;;;;;;;;;;;;;;;;123.5;113;;;7616;87;;
LUZ;01.10.1951 00:00;4.2;11.6;7.4;-2.9;-2.7;-2.7;;;;;;;;;;;;;;;;;61.2;69;;;3429;57;;
LUZ;01.11.1951 00:00;2.5;9.3;5.9;0.8;0.3;1.1;;;;;;;;;;;;;;;;;99.4;128;;;3896;122;;
LUZ;01.12.1951 00:00;-3.4;3.1;0;-1.9;-2.6;-1.4;;;;;;;;;;;;;;;;;58.9;75;;;2960;126;;
LUZ;01.01.1952 00:00;-4.5;2.5;-0.5;-1.6;-2.9;-1.5;;;;;;;;;;;;;;;;;79.2;142;;;2877;94;;
LUZ;01.02.1952 00:00;-4.9;2.1;-0.9;-2.8;-3.2;-3.7;;;;;;;;;;;;;;;;;88.3;144;;;2706;56;;
LUZ;01.03.1952 00:00;1.7;9.7;5.6;-0.4;0.2;-1.2;;;;;;;;;;;;;;;;;81.5;108;;;5710;71;;
LUZ;01.04.1952 00:00;5.4;16;10.5;0.6;0.6;0.7;;;;;;;;;;;;;;;;;77.4;80;;;10126;104;;
LUZ;01.05.1952 00:00;8.7;20.2;14;-0.1;-0.4;0.8;;;;;;;;;;;;;;;;;71.7;48;;;11747;113;;
LUZ;01.06.1952 00:00;12.6;23.5;17.1;-0.5;-0.2;0.6;;;;;;;;;;;;;;;;;156.7;95;;;10729;96;;
LUZ;01.07.1952 00:00;15.5;27;20.2;0.7;0.9;2.1;;;;;;;;;;;;;;;;;79.1;48;;;14721;117;;
LUZ;01.08.1952 00:00;14.5;24.5;18.1;-0.8;0.1;0.2;;;;;;;;;;;;;;;;;141.9;83;;;12041;101;;
LUZ;01.09.1952 00:00;8.4;16;11;-3.8;-2.4;-3.6;;;;;;;;;;;;;;;;;117.9;108;;;6277;72;;
LUZ;01.10.1952 00:00;5.2;12;8.2;-2.1;-1.7;-2.3;;;;;;;;;;;;;;;;;138.5;157;;;3193;54;;
LUZ;01.11.1952 00:00;-0.1;6.3;3.3;-1.8;-2.3;-1.9;;;;;;;;;;;;;;;;;138.4;178;;;2745;86;;
LUZ;01.12.1952 00:00;-1.9;2.9;0.7;-1.2;-1.1;-1.6;;;;;;;;;;;;;;;;;124.4;159;;;989;42;;
LUZ;01.01.1953 00:00;-5.5;-0.1;-2.3;-3.4;-3.9;-4.1;;;;;;;;;;;;;;;;;48;86;;;1110;36;;
LUZ;01.02.1953 00:00;-3.9;2.8;0;-1.9;-2.2;-3;;;;;;;;;;;;;;;;;16.2;26;;;3297;69;;
LUZ;01.03.1953 00:00;-0.1;12;5.5;-0.5;-1.6;1.1;;;;;;;;;;;;;;;;;25.9;34;;;14596;182;;
LUZ;01.04.1953 00:00;4.8;15.3;9.7;-0.2;0;0;;;;;;;;;;;;;;;;;133;138;;;9352;97;;
LUZ;01.05.1953 00:00;9.4;20.5;14.5;0.4;0.3;1.1;;;;;;;;;;;;;;;;;120.3;81;;;11732;113;;
LUZ;01.06.1953 00:00;11;19.3;14.6;-3;-1.8;-3.6;;;;;;;;;;;;;;;;;248.2;151;;;6404;57;;
LUZ;01.07.1953 00:00;14.2;23.7;17.9;-1.6;-0.4;-1.2;;;;;;;;;;;;;;;;;216.4;131;;;10648;85;;
LUZ;01.08.1953 00:00;13.6;23;17.1;-1.8;-0.8;-1.3;;;;;;;;;;;;;;;;;113.4;67;;;11771;99;;
LUZ;01.09.1953 00:00;10.8;19.8;14.2;-0.6;0;0.2;;;;;;;;;;;;;;;;;102.9;94;;;8711;100;;
LUZ;01.10.1953 00:00;6.6;13.6;9.6;-0.7;-0.3;-0.7;;;;;;;;;;;;;;;;;39.9;45;;;4535;76;;
LUZ;01.11.1953 00:00;-0.4;5.2;2.7;-2.4;-2.6;-3;;;;;;;;;;;;;;;;;32.3;41;;;2473;77;;
LUZ;01.12.1953 00:00;-1.1;3.9;1.7;-0.2;-0.3;-0.6;;;;;;;;;;;;;;;;;43.6;56;;;1421;61;;
LUZ;01.01.1954 00:00;-5;0.6;-2;-3.1;-3.4;-3.4;;;;;;;;;;;;;;;;;75.6;135;;;1676;55;;
LUZ;01.02.1954 00:00;-4.6;1.9;-1;-2.9;-2.9;-3.9;;;;;;;;;;;;;;;;;76;124;;;2410;50;;
LUZ;01.03.1954 00:00;1.3;11.7;6.2;0.2;-0.2;0.8;;;;;;;;;;;;;;;;;18;24;;;10110;126;;
LUZ;01.04.1954 00:00;2.3;10.6;6.4;-3.5;-2.5;-4.7;;;;;;;;;;;;;;;;;85.9;89;;;5245;54;;
LUZ;01.05.1954 00:00;7.3;17.3;11.6;-2.5;-1.8;-2.1;;;;;;;;;;;;;;;;;164;110;;;10134;98;;
LUZ;01.06.1954 00:00;12.1;20.9;15.8;-1.8;-0.7;-2;;;;;;;;;;;;;;;;;122.7;75;;;8289;74;;
LUZ;01.07.1954 00:00;12.2;20.8;15.5;-4;-2.4;-4.1;;;;;;;;;;;;;;;;;121.8;74;;;8355;67;;
LUZ;01.08.1954 00:00;12.2;20.5;15.3;-3.6;-2.2;-3.8;;;;;;;;;;;;;;;;;209.7;123;;;8612;72;;
LUZ;01.09.1954 00:00;11;19.3;14.1;-0.7;0.2;-0.3;;;;;;;;;;;;;;;;;211;193;;;8489;97;;
LUZ;01.10.1954 00:00;5.5;13.3;9.1;-1.2;-1.4;-1;;;;;;;;;;;;;;;;;72.3;82;;;6454;108;;
LUZ;01.11.1954 00:00;1.4;8;5;-0.1;-0.8;-0.2;;;;;;;;;;;;;;;;;45.5;58;;;3926;122;;
LUZ;01.12.1954 00:00;0.7;5.9;3.5;1.6;1.5;1.4;;;;;;;;;;;;;;;;;80;102;;;2478;106;;
LUZ;01.01.1955 00:00;-2.6;4.1;0.5;-0.6;-1;0.1;;;;;;;;;;;;;;;;;110.7;198;;;866;28;;
LUZ;01.02.1955 00:00;-2.3;4.4;1.4;-0.5;-0.6;-1.4;;;;;;;;;;;;;;;;;103.5;169;;;3102;65;;
LUZ;01.03.1955 00:00;-1.3;7.4;2.6;-3.4;-2.8;-3.5;;;;;;;;;;;;;;;;;58.6;78;;;7301;91;;
LUZ;01.04.1955 00:00;3.7;14.1;8.9;-1;-1.1;-1.2;;;;;;;;;;;;;;;;;49.6;51;;;12414;128;;
LUZ;01.05.1955 00:00;7.5;17.8;12.1;-2;-1.6;-1.6;;;;;;;;;;;;;;;;;156.7;105;;;10936;106;;
LUZ;01.06.1955 00:00;11.8;21.2;15.8;-1.8;-1;-1.7;;;;;;;;;;;;;;;;;138.9;84;;;8885;79;;
LUZ;01.07.1955 00:00;14.3;21.9;17;-2.5;-0.3;-3;;;;;;;;;;;;;;;;;295.6;179;;;6917;55;;
LUZ;01.08.1955 00:00;12.9;21.4;16;-2.9;-1.5;-2.9;;;;;;;;;;;;;;;;;188.9;111;;;10288;86;;
LUZ;01.09.1955 00:00;10.3;18.1;13;-1.8;-0.5;-1.5;;;;;;;;;;;;;;;;;106.5;98;;;6985;80;;
LUZ;01.10.1955 00:00;4.3;11.6;7.6;-2.7;-2.6;-2.7;;;;;;;;;;;;;;;;;53.5;61;;;4827;81;;
LUZ;01.11.1955 00:00;-0.2;5.4;2.9;-2.2;-2.4;-2.8;;;;;;;;;;;;;;;;;10.2;13;;;1828;57;;
LUZ;01.12.1955 00:00;1;6.5;4.1;2.2;1.8;2;;;;;;;;;;;;;;;;;83.2;106;;;2973;127;;
LUZ;01.01.1956 00:00;-0.1;5;2.6;1.5;1.5;1;;;;;;;;;;;;;;;;;88.2;158;;;2083;68;;
LUZ;01.02.1956 00:00;-12.9;-5.1;-8.3;-10.2;-11.2;-10.9;;;;;;;;;;;;;;;;;15.6;25;;;3215;67;;
LUZ;01.03.1956 00:00;-0.2;9.4;4.6;-1.4;-1.7;-1.5;;;;;;;;;;;;;;;;;24.1;32;;;8638;108;;
LUZ;01.04.1956 00:00;2.2;11.8;6.8;-3.1;-2.6;-3.5;;;;;;;;;;;;;;;;;144.3;150;;;7973;82;;
LUZ;01.05.1956 00:00;7.9;19;12.9;-1.2;-1.2;-0.4;;;;;;;;;;;;;;;;;139.7;94;;;11825;114;;
LUZ;01.06.1956 00:00;9.8;18.2;13.4;-4.2;-3;-4.7;;;;;;;;;;;;;;;;;99.9;61;;;7077;63;;
LUZ;01.07.1956 00:00;12.8;22.6;16.8;-2.7;-1.8;-2.3;;;;;;;;;;;;;;;;;218.5;132;;;10970;88;;
LUZ;01.08.1956 00:00;12.1;20.5;15;-3.9;-2.3;-3.8;;;;;;;;;;;;;;;;;233.6;137;;;8441;71;;
LUZ;01.09.1956 00:00;11;20.4;14.5;-0.3;0.2;0.8;;;;;;;;;;;;;;;;;93.4;86;;;9439;108;;
LUZ;01.10.1956 00:00;4.2;11.6;7.3;-3;-2.7;-2.7;;;;;;;;;;;;;;;;;120.7;137;;;4841;81;;
LUZ;01.11.1956 00:00;-0.4;4.4;2.3;-2.8;-2.6;-3.8;;;;;;;;;;;;;;;;;32.3;41;;;1879;59;;
LUZ;01.12.1956 00:00;-2.3;3.8;0.9;-1;-1.5;-0.7;;;;;;;;;;;;;;;;;21.6;28;;;3663;156;;
LUZ;01.01.1957 00:00;-5.1;1.7;-1.5;-2.6;-3.5;-2.3;;;;;;;;;;;;;;;;;30;54;;;3098;102;;
LUZ;01.02.1957 00:00;0.8;8.1;4.5;2.6;2.5;2.3;;;;;;;;;;;;;;;;;102.4;167;;;4538;95;;
LUZ;01.03.1957 00:00;3.3;13.7;8.4;2.4;1.8;2.8;;;;;;;;;;;;;;;;;64.5;86;;;10222;128;;
LUZ;01.04.1957 00:00;4;12.7;8.2;-1.7;-0.8;-2.6;;;;;;;;;;;;;;;;;85.4;88;;;7141;74;;
LUZ;01.05.1957 00:00;5.8;14.7;9.5;-4.6;-3.3;-4.7;;;;;;;;;;;;;;;;;114.9;77;;;7271;70;;
LUZ;01.06.1957 00:00;12.1;22;16.2;-1.4;-0.7;-0.9;;;;;;;;;;;;;;;;;172.9;105;;;10369;92;;
LUZ;01.07.1957 00:00;13.8;23;17.4;-2.1;-0.8;-1.9;;;;;;;;;;;;;;;;;224.3;136;;;9717;78;;
LUZ;01.08.1957 00:00;12.6;21.7;15.9;-3;-1.8;-2.6;;;;;;;;;;;;;;;;;140.2;82;;;10917;92;;
LUZ;01.09.1957 00:00;9.2;18.6;12.7;-2.1;-1.6;-1;;;;;;;;;;;;;;;;;121.5;111;;;8283;95;;
LUZ;01.10.1957 00:00;4.2;13.5;8.2;-2.1;-2.7;-0.8;;;;;;;;;;;;;;;;;18.4;21;;;7552;127;;
LUZ;01.11.1957 00:00;1.4;6.2;4.1;-1;-0.8;-2;;;;;;;;;;;;;;;;;23.9;31;;;812;25;;
LUZ;01.12.1957 00:00;-2.6;3;0.5;-1.4;-1.8;-1.5;;;;;;;;;;;;;;;;;36;46;;;2538;108;;
LUZ;01.01.1958 00:00;-3.2;3.3;0;-1.1;-1.6;-0.7;;;;;;;;;;;;;;;;;66.3;119;;;2692;88;;
LUZ;01.02.1958 00:00;-0.5;7.6;3.8;1.9;1.2;1.8;;;;;;;;;;;;;;;;;64.4;105;;;3956;82;;
LUZ;01.03.1958 00:00;-3.3;4.9;0.9;-5.1;-4.8;-6;;;;;;;;;;;;;;;;;89.8;119;;;6919;86;;
LUZ;01.04.1958 00:00;1.6;10.6;5.8;-4.1;-3.2;-4.7;;;;;;;;;;;;;;;;;123.1;128;;;7634;79;;
LUZ;01.05.1958 00:00;9.8;20.5;14.7;0.6;0.7;1.1;;;;;;;;;;;;;;;;;68.4;46;;;10863;105;;
LUZ;01.06.1958 00:00;10.8;20.6;15.2;-2.4;-2;-2.3;;;;;;;;;;;;;;;;;168.8;103;;;10871;97;;
LUZ;01.07.1958 00:00;13.7;23.4;17.7;-1.8;-0.9;-1.5;;;;;;;;;;;;;;;;;175.4;106;;;10569;84;;
LUZ;01.08.1958 00:00;13.6;23.7;17.5;-1.4;-0.8;-0.6;;;;;;;;;;;;;;;;;204.7;120;;;12088;102;;
LUZ;01.09.1958 00:00;11.5;21.6;15.3;0.5;0.7;2;;;;;;;;;;;;;;;;;105.4;97;;;9552;109;;
LUZ;01.10.1958 00:00;5.4;11.5;8.2;-2.1;-1.5;-2.8;;;;;;;;;;;;;;;;;131.4;149;;;3332;56;;
LUZ;01.11.1958 00:00;1.9;5.6;4.2;-0.9;-0.3;-2.6;;;;;;;;;;;;;;;;;75.6;97;;;588;18;;
LUZ;01.12.1958 00:00;-0.6;5.2;2.6;0.7;0.2;0.7;;;;;;;;;;;;;;;;;52.2;67;;;2394;102;;
LUZ;01.01.1959 00:00;-3.6;3.5;0.1;-1;-2;-0.5;28;4.9;0;-0.7;5;0;10.9;961.4;-11.5;-4.4;0;618.2;;;16;;81.6;146;;;3552;117;0;
LUZ;01.02.1959 00:00;-2.9;5.7;1.4;-0.5;-1.2;-0.1;25;5.1;0;-0.5;4;0;14.6;975.4;-6;10.8;0;520.7;;;1;;4.9;8;;;6979;146;0;
LUZ;01.03.1959 00:00;2.9;11.5;7.1;1.1;1.4;0.6;4;7.5;0;0.7;0;0;17.6;962;-2.3;-1.2;0;399.1;;;9;;87.1;116;;;6145;77;0;
LUZ;01.04.1959 00:00;3.9;15.6;9.7;-0.2;-0.9;0.3;3;7.3;0;-0.9;0;0;22.3;958.4;-2.6;-2.6;0;255;;;11;;115.2;119;;;12329;127;0;
LUZ;01.05.1959 00:00;8.3;19;13.6;-0.5;-0.8;-0.4;0;9;1;-2.3;0;0;25.5;961.1;2.1;-1.5;0;97.5;;;9;;56.2;38;;;12416;120;0;
LUZ;01.06.1959 00:00;12.1;21;15.9;-1.7;-0.7;-1.9;0;12.1;7;-2.2;0;0;27.9;965.7;7.1;1.9;0;49;;;19;;207.7;126;;;9059;81;7.9;
LUZ;01.07.1959 00:00;14.5;25.5;19.4;-0.1;-0.1;0.6;0;15.7;21;-0.2;0;0;31.8;964.7;10.3;0.7;3;8.4;;;11;;125.2;76;;;14820;118;57.4;
LUZ;01.08.1959 00:00;12.5;22.3;16.3;-2.6;-1.9;-2;0;14.6;5;-1.7;0;0;27.4;964.9;6.6;0.7;0;0;;;11;;108;64;;;9073;76;4.6;
LUZ;01.09.1959 00:00;10.8;20.3;14.4;-0.4;0;0.7;0;13.3;1;-0.2;0;0;25;965.5;6.7;1;0;39.3;;;4;;38.9;36;;;10660;122;0.1;
LUZ;01.10.1959 00:00;5.2;12.6;8.1;-2.2;-1.7;-1.7;1;9.4;0;-1.3;0;0;18.9;965.1;-0.4;1;0;368.9;;;10;;114.6;130;;;5083;85;0;
LUZ;01.11.1959 00:00;-0.2;4.1;2.1;-3;-2.4;-4.1;17;6.2;0;-1.5;2;0;9.2;961;-2.8;-2.3;0;538.1;;;7;;48.9;63;;;1809;56;0;
LUZ;01.12.1959 00:00;-0.2;5.1;2.6;0.7;0.6;0.6;15;6;0;-0.1;1;0;12.4;955.6;-6.6;-9.7;0;540;;;12;;91.3;116;;;2879;123;0;
LUZ;01.01.1960 00:00;-3.9;2.4;-0.6;-1.7;-2.3;-1.6;21;5.2;0;-0.4;9;0;10.2;962.1;-16.1;-3.7;0;638.4;;;11;;68.3;122;;;3012;99;0;
LUZ;01.02.1960 00:00;-1.5;5.8;2.2;0.3;0.2;0;17;5.8;0;0.2;2;0;16.7;958.1;-10.9;-6.5;0;516.1;;;12;;77.5;126;;;4995;104;0;
LUZ;01.03.1960 00:00;2.1;10.5;6.1;0.1;0.6;-0.4;6;6.8;0;0;0;0;18.2;957.3;-2.7;-5.9;0;430.4;;;8;;47.1;62;;;6704;84;0;
LUZ;01.04.1960 00:00;4.2;13.2;8.3;-1.6;-0.6;-2.1;0;7.7;0;-0.5;0;0;20.9;963;0.2;2;0;307.7;;;13;;77;80;;;8607;89;0;
LUZ;01.05.1960 00:00;8.9;19.6;13.8;-0.3;-0.2;0.2;0;11;2;-0.3;0;0;26.1;963.4;1.3;0.8;0;54.5;;;12;;130.3;88;;;12735;123;0;
LUZ;01.06.1960 00:00;12.5;22;16.4;-1.2;-0.3;-0.9;0;13.4;6;-0.9;0;0;29.9;965.4;7.3;1.6;0;8.3;;;14;;230.7;140;;;11018;98;7.1;
LUZ;01.07.1960 00:00;11.9;20.4;15.4;-4.1;-2.7;-4.5;0;12.9;4;-3;0;0;27.2;963.6;7.9;-0.4;0;0;;;18;;198.4;120;;;9426;75;2.3;
LUZ;01.08.1960 00:00;13;22.1;16.2;-2.7;-1.4;-2.2;0;14.1;7;-2.2;0;0;28.5;962.2;9.1;-2;0;8.6;;;16;;221.7;130;;;11636;98;15.2;
LUZ;01.09.1960 00:00;9.1;16.9;11.9;-2.9;-1.7;-2.7;0;11.7;0;-1.8;0;0;24.4;962.6;5.3;-1.9;0;163.1;;;12;;161.4;148;;;6720;77;0;
LUZ;01.10.1960 00:00;4.8;13;8.2;-2.1;-2.1;-1.3;2;8.7;0;-2;0;0;19.6;955.6;-0.9;-8.5;0;338;;;14;;110.6;125;;;6797;114;0;
LUZ;01.11.1960 00:00;2.7;9.8;6.2;1.1;0.5;1.6;3;7.3;0;-0.4;0;0;16.3;959.8;-1.2;-3.5;0;414.6;;;15;;115.2;148;;;5300;165;0;
LUZ;01.12.1960 00:00;-1.4;2.5;0.7;-1.2;-0.6;-2;23;5.4;0;-0.7;8;0;9.9;956.5;-7.5;-8.8;0;598.4;;;7;;49.7;63;;;2370;101;0;
LUZ;01.01.1961 00:00;-2.3;2.1;0.2;-0.9;-0.7;-1.9;29;5.3;0;-0.3;8;0;11.9;961.8;-6.4;-4;0;613.6;;;13;;61.4;110;;;1223;40;0;365.6
LUZ;01.02.1961 00:00;0.9;9.8;5.2;3.3;2.6;4;12;6.4;0;0.8;0;0;17.5;970.1;-4.5;5.5;0;413.8;;;10;;50.1;82;;;6877;143;0;189.8
LUZ;01.03.1961 00:00;1.3;11.9;6.5;0.5;-0.2;1;10;7.4;0;0.6;0;0;19.3;971.1;-4.4;7.9;0;416.9;;;8;;44.4;59;;;12174;152;0;168.9
LUZ;01.04.1961 00:00;6.6;16.1;11.1;1.2;1.8;0.8;0;10.4;0;2.2;0;0;23.6;958.3;2.4;-2.7;0;207;;;17;;113.4;118;;;8324;86;0;47
LUZ;01.05.1961 00:00;6.9;15.9;11;-3.1;-2.2;-3.5;0;9.8;1;-1.5;0;0;25.2;961.9;0.7;-0.7;0;214.5;;;18;;172.2;116;;;8702;84;0;62.5
LUZ;01.06.1961 00:00;11.9;21.7;16.2;-1.4;-0.9;-1.2;0;14.2;8;-0.1;0;0;28.9;964.4;6.8;0.6;0;46.1;;;14;;119.6;73;;;10745;96;25.5;6.1
LUZ;01.07.1961 00:00;12;21.8;16.6;-2.9;-2.6;-3.1;0;13.4;6;-2.5;0;0;30.6;964.5;7.7;0.5;1;0;;;14;;157.6;95;;;12376;99;20.3;0
LUZ;01.08.1961 00:00;12.3;22.4;16.5;-2.4;-2.1;-1.9;0;14.6;9;-1.7;0;0;28.4;966.9;8;2.7;0;25.5;;;13;;131.6;77;;;13589;114;13.3;1.5
LUZ;01.09.1961 00:00;13;23.7;17.3;2.5;2.2;4.1;0;15.5;11;2;0;0;27.9;965.9;7.2;1.4;0;8;;;4;;37.8;35;;;12164;139;11.4;0
LUZ;01.10.1961 00:00;6.4;15.1;9.9;-0.4;-0.5;0.8;3;10.6;0;-0.1;0;0;22.4;962.3;-0.3;-1.8;0;257;;;7;;38.1;43;;;6640;111;0;81
LUZ;01.11.1961 00:00;1.2;6.7;4;-1.1;-1;-1.5;9;6.8;0;-0.9;0;0;13.6;959;-3.1;-4.3;0;479.8;;;7;;26.8;34;;;2250;70;0;239.8
LUZ;01.12.1961 00:00;-1.5;4.5;1.6;-0.3;-0.7;0;19;6.1;0;0;10;0;17.4;961.2;-10.3;-4.1;0;547.8;;;12;;77;98;;;2137;91;0;323.8
LUZ;01.01.1962 00:00;-1.7;4.7;1.3;0.2;-0.1;0.7;18;5.1;0;-0.5;4;0;10.2;965.4;-10.8;-0.4;0;578.6;;;13;;145.8;261;;;3327;109;0;330.6
LUZ;01.02.1962 00:00;-2.9;3.9;0.8;-1.1;-1.2;-1.9;22;4.9;0;-0.7;3;0;11.3;966.1;-10.7;1.5;0;537.6;;;12;;42.6;69;;;3447;72;0;313.6
LUZ;01.03.1962 00:00;-2.3;5.6;1.6;-4.4;-3.8;-5.3;23;5;0;-1.8;2;0;17.2;955.6;-7.5;-7.6;0;568.9;;;13;;75.5;100;;;7582;95;0;320.9
LUZ;01.04.1962 00:00;4;14.2;8.9;-1;-0.8;-1.1;4;7.3;0;-0.9;0;0;24.1;961;-2;0;0;280;;;11;;55.8;58;;;11538;119;0;120
LUZ;01.05.1962 00:00;6.8;15.7;10.6;-3.5;-2.3;-3.7;1;10.2;1;-1.1;0;0;28.4;962.7;-1.1;0.1;0;235.4;;;19;;207.6;140;;;8473;82;1.2;67.4
LUZ;01.06.1962 00:00;9.8;21;14.9;-2.7;-3;-1.9;0;12.6;6;-1.7;0;0;30.8;967.3;0.4;3.5;2;89.6;;;6;;81.6;50;;;15159;135;20.2;25.6
LUZ;01.07.1962 00:00;12.5;22.3;16.7;-2.8;-2.1;-2.6;0;13.4;9;-2.5;0;0;30.8;964.3;6.2;0.3;1;30.5;;;12;;136;82;;;11289;90;19.4;6.5
LUZ;01.08.1962 00:00;13.4;24.6;18.2;-0.7;-1;0.3;0;15.1;14;-1.2;0;0;31.2;965.7;10.4;1.5;2;0;;;9;;155.5;91;;;16395;138;31;0
LUZ;01.09.1962 00:00;9.2;19.2;13.2;-1.6;-1.6;-0.4;0;12.3;7;-1.2;0;0;30;964.6;1.5;0.1;1;131.8;;;7;;89.9;82;;;10793;123;6.2;35.8
LUZ;01.10.1962 00:00;5.6;13.6;8.9;-1.4;-1.3;-0.7;1;9.9;0;-0.8;0;0;22.6;966.4;-1.1;2.3;0;308.9;;;5;;25.3;29;;;6321;106;0;108.9
LUZ;01.11.1962 00:00;-1.1;5.4;2.3;-2.8;-3.3;-2.8;19;6.1;0;-1.6;4;0;19.9;959.1;-8.8;-4.2;0;533.4;;;6;;34.9;45;;;3351;105;0;293.4
LUZ;01.12.1962 00:00;-5.5;0.3;-2.4;-4.3;-4.7;-4.2;29;4.6;0;-1.5;13;0;11.5;961.4;-14.1;-3.9;0;695.3;;;15;;92.1;117;;;380;16;0;447.3
LUZ;01.01.1963 00:00;-9.2;-3.3;-6;-7.1;-7.6;-7.3;29;3.6;0;-2;20;0;6.6;962.1;-20.9;-3.7;0;806.6;;;14;;95.8;172;;;1496;49;0;558.6
LUZ;01.02.1963 00:00;-7.6;-0.8;-3.9;-5.8;-5.9;-6.6;27;3.7;0;-1.9;14;0;8.1;954.6;-16.7;-10;0;669.4;;;9;;59.8;98;;;3658;76;0;445.4
LUZ;01.03.1963 00:00;-1.6;7.8;2.9;-3.1;-3.1;-3.1;13;5.6;0;-1.2;2;0;13.8;961.9;-14.2;-1.3;0;529;;;15;;116.8;155;;;8759;109;0;281
LUZ;01.04.1963 00:00;5;13.9;9.3;-0.6;0.2;-1.4;2;8.9;0;0.7;0;0;21.3;958.7;-0.6;-2.3;0;279.4;;;11;;85.6;89;;;6056;62;0;87.4
LUZ;01.05.1963 00:00;7.5;16.6;11.5;-2.6;-1.6;-2.8;0;10.7;0;-0.6;0;0;24;962.7;0.7;0.1;0;194.7;;;12;;159.2;107;;;9005;87;0;50.7
LUZ;01.06.1963 00:00;11.5;20.9;15.3;-2.3;-1.3;-2;0;13.4;4;-0.9;0;0;29.6;961.4;8.8;-2.4;0;18.8;;;17;;196;119;;;9170;82;6.4;2.8
LUZ;01.07.1963 00:00;13.8;24.1;18.2;-1.3;-0.8;-0.8;0;17.9;15;2;0;0;29.4;965.5;9.8;1.5;0;0;;;13;;171.6;104;;;12754;102;25.8;0
LUZ;01.08.1963 00:00;12.7;21.1;15.7;-3.2;-1.7;-3.2;0;15.5;5;-0.8;0;0;29.3;961.1;6.9;-3.1;0;45.8;;;20;;148.6;87;;;9386;79;12.6;5.8
LUZ;01.09.1963 00:00;11;19;13.8;-1;0.2;-0.6;0;14.5;0;1;0;0;24.5;965;5.6;0.5;0;78.4;;;10;;81.7;75;;;6519;75;0;14.4
LUZ;01.10.1963 00:00;5.3;13.3;8.8;-1.5;-1.6;-1;1;10;0;-0.7;0;0;18;967.5;-0.7;3.4;0;338.8;;;4;;73.6;83;;;6438;108;0;98.8
LUZ;01.11.1963 00:00;3.4;11.1;7.1;2;1.2;2.9;3;8.6;0;0.9;0;0;16.7;957.8;-1.7;-5.5;0;386.7;;;11;;103.1;132;;;5209;162;0;146.7
LUZ;01.12.1963 00:00;-5;-0.7;-2.6;-4.5;-4.2;-5.2;29;4.7;0;-1.4;16;0;5.3;962.9;-12.1;-2.4;0;701.4;;;3;;5.8;7;;;1895;81;0;453.4
LUZ;01.01.1964 00:00;-4.7;-1;-2.4;-3.5;-3.1;-5;31;4.6;0;-1;20;0;3.8;974.3;-7.9;8.5;0;695.8;;;2;;17;30;;;896;29;0;447.8
LUZ;01.02.1964 00:00;-1.4;5.6;2.3;0.4;0.3;-0.2;22;6.1;0;0.5;1;0;14.7;963.2;-9.4;-1.4;0;514.1;;;7;;48;78;;;4793;100;0;282.1
LUZ;01.03.1964 00:00;-0.2;5.7;2.7;-3.3;-1.7;-5.2;12;6.7;0;-0.1;4;0;14.1;957.3;-6.5;-5.9;0;536.4;;;17;;153.4;203;;;2166;27;0;288.4
LUZ;01.04.1964 00:00;5;14.4;9.7;-0.2;0.2;-0.9;0;8.9;0;0.7;0;0;23.4;961.2;0.1;0.2;0;261.7;;;16;;96.3;100;;;8259;85;0;85.7
LUZ;01.05.1964 00:00;9.2;19.8;14.2;0.1;0.1;0.4;0;12.1;3;0.8;0;0;27.2;964.6;5.2;2;0;65.2;;;12;;167;112;;;12004;116;3.3;9.2
LUZ;01.06.1964 00:00;12.4;22.9;17;-0.6;-0.4;0;0;14.7;10;0.4;0;0;29.5;963.7;8.9;-0.1;0;0;;;12;;135.3;82;;;12071;108;19.9;0
LUZ;01.07.1964 00:00;13.8;26.2;19.4;-0.1;-0.8;1.3;0;16;20;0.1;0;0;32.3;965.9;8.7;1.9;7;10;;;6;;58.2;35;;;16947;135;57.3;2
LUZ;01.08.1964 00:00;12.4;22.4;16.1;-2.8;-2;-1.9;0;14.7;9;-1.6;0;0;30.5;964.1;8.6;-0.1;2;18.1;;;12;;157.2;92;;;10854;91;18.8;2.1
LUZ;01.09.1964 00:00;10.1;19.9;14;-0.8;-0.7;0.3;0;13.9;4;0.4;0;0;27.2;967.5;2.8;3;0;79.9;;;8;;73.5;67;;;9911;113;1.8;15.9
LUZ;01.10.1964 00:00;5.2;11.2;7.6;-2.7;-1.7;-3.1;0;9.2;0;-1.5;0;0;20.3;962.6;0.7;-1.5;0;335.5;;;13;;67.2;76;;;2843;48;0;143.5
LUZ;01.11.1964 00:00;3.1;7.5;5.6;0.5;0.9;-0.7;2;7.9;0;0.2;0;0;15.4;965.8;-1.2;2.5;0;427.2;;;10;;81;104;;;1161;36;0;195.2
LUZ;01.12.1964 00:00;-3;1.7;-0.5;-2.4;-2.2;-2.8;28;5.3;0;-0.8;6;0;7;961.2;-13.5;-4.1;0;634.5;;;8;;43.5;55;;;1190;51;0;386.5
LUZ;01.01.1965 00:00;-2;3.7;1;-0.1;-0.4;-0.3;26;5.7;0;0.1;3;0;12.6;959.2;-7.3;-6.6;0;589;;;18;;93.8;168;;;2138;70;0;341
LUZ;01.02.1965 00:00;-6.6;0.7;-2.7;-4.6;-4.9;-5.1;28;4.1;0;-1.5;12;0;7.8;966.1;-11.2;1.5;0;635.5;;;9;;41;67;;;4823;101;0;411.5
LUZ;01.03.1965 00:00;-0.4;8.2;4;-2;-1.9;-2.7;15;6.6;0;-0.2;1;0;17.5;962.4;-12.1;-0.8;0;496.1;;;13;;77.3;103;;;7285;91;0;248.1
LUZ;01.04.1965 00:00;3.1;11.5;6.9;-3;-1.7;-3.8;1;7.5;0;-0.7;0;0;19.7;959;-0.9;-2;0;390.9;;;21;;198.5;206;;;6678;69;0;150.9
LUZ;01.05.1965 00:00;7.8;16.9;11.6;-2.5;-1.3;-2.5;0;10.8;1;-0.5;0;0;25.9;962;2.6;-0.6;0;185.6;;;18;;215.3;145;;;7861;76;0;41.6
LUZ;01.06.1965 00:00;12.1;21.2;15.9;-1.7;-0.7;-1.7;0;15.3;11;1;0;0;30.9;963.3;6.3;-0.5;3;66.8;;;19;;168.7;103;;;9038;81;24.4;10.8
LUZ;01.07.1965 00:00;12.3;21;15.8;-3.7;-2.3;-3.9;0;15;4;-0.9;0;0;29.3;962.6;6.5;-1.4;0;35.9;;;18;;228.1;138;;;8812;70;9;3.9
LUZ;01.08.1965 00:00;12.1;21.5;15.6;-3.3;-2.3;-2.8;0;14.8;4;-1.5;0;0;29.4;963.7;8.8;-0.5;0;24.9;;;15;;123.8;73;;;9897;83;8.7;0.9
LUZ;01.09.1965 00:00;8.2;17.2;11.7;-3.1;-2.6;-2.4;0;12;0;-1.5;0;0;23.5;960.7;4.6;-3.8;0;181;;;12;;144.8;133;;;7948;91;0;37
LUZ;01.10.1965 00:00;5.4;11.7;8;-2.3;-1.5;-2.6;0;10.1;0;-0.6;0;0;17.1;967.2;0.5;3.1;0;366;;;4;;16.1;18;;;3419;57;0;126
LUZ;01.11.1965 00:00;0.6;6.7;3.7;-1.4;-1.6;-1.5;15;7;0;-0.7;1;0;17.9;956.5;-10.5;-6.8;0;491;;;19;;172.8;222;;;2660;83;0;251
LUZ;01.12.1965 00:00;-0.6;6.1;3;1.1;0.2;1.6;18;6.1;0;0;0;0;13.8;957;-5.2;-8.3;0;527.1;;;20;;141.2;180;;;1331;57;0;279.1
LUZ;01.01.1966 00:00;-5;1;-1.8;-2.9;-3.4;-3;22;4.5;0;-1.1;15;0;12.4;959.9;-14.9;-5.9;0;675.6;;;7;;41.6;75;;;2332;77;0;427.6
LUZ;01.02.1966 00:00;1.7;9.6;5.5;3.6;3.4;3.8;6;7.2;0;1.6;0;0;14.4;955.6;-2.7;-9;0;407;;;14;;116.8;191;;;3962;83;0;183
LUZ;01.03.1966 00:00;-0.3;8.1;3.9;-2.1;-1.8;-2.8;18;5.9;0;-0.9;0;0;15.2;965.7;-4.5;2.5;0;492.7;;;14;;70.4;93;;;7448;93;0;252.7
LUZ;01.04.1966 00:00;5.6;15;10.1;0.2;0.8;-0.3;2;9.3;0;1.1;0;0;18.9;958.3;-1.3;-2.7;0;261.3;;;19;;120.4;125;;;8127;84;0;61.3
LUZ;01.05.1966 00:00;8.6;18.6;13.1;-1;-0.5;-0.8;0;11.1;3;-0.2;0;0;25.6;964.1;3.7;1.5;0;133.2;;;12;;94.3;63;;;12072;117;1.2;37.2
LUZ;01.06.1966 00:00;12.3;22.5;16.9;-0.7;-0.5;-0.4;0;14.5;12;0.2;0;0;29.6;963.5;7.1;-0.3;0;26.9;;;11;;122.6;75;;;12489;111;23;2.9
LUZ;01.07.1966 00:00;11.9;20.8;15.6;-3.9;-2.7;-4.1;0;14.6;4;-1.3;0;0;29.5;962.2;8.4;-1.8;0;26.7;;;20;;188;114;;;9091;73;10.9;2.7
LUZ;01.08.1966 00:00;11.6;20.1;15;-3.9;-2.8;-4.2;0;14.7;5;-1.6;0;0;30.6;963;5.2;-1.2;1;47.3;;;16;;225.8;133;;;9069;76;15.6;7.3
LUZ;01.09.1966 00:00;11.4;19.8;14.7;-0.1;0.6;0.2;0;14.6;6;1.1;0;0;26.5;965.3;7.8;0.8;0;53.8;;;6;;47.7;44;;;9118;104;4.9;5.8
LUZ;01.10.1966 00:00;8.8;15.6;11.5;1.2;1.9;1.3;0;12.3;1;1.6;0;0;26.6;957.1;0.4;-7;0;178.8;;;9;;59.1;67;;;5569;93;0;58.8
LUZ;01.11.1966 00:00;-1.1;4.8;2;-3.1;-3.3;-3.4;22;6.1;0;-1.6;1;0;14.1;960.6;-8.3;-2.7;0;541.9;;;15;;112;144;;;3165;99;0;301.9
LUZ;01.12.1966 00:00;-1.1;4.7;2;0.1;-0.3;0.2;19;5.8;0;-0.3;2;0;10.3;960.3;-5.8;-5;0;556.9;;;20;;88.8;113;;;1453;62;0;308.9
LUZ;01.01.1967 00:00;-3;2.9;0.1;-1;-1.4;-1.1;23;5.4;0;-0.2;10;0;14.5;966.1;-11.5;0.3;0;616.4;;;12;;96.4;173;;;1751;57;0;368.4
LUZ;01.02.1967 00:00;-1.8;6.6;2.8;0.9;-0.1;0.8;16;5.6;0;0;5;0;16.1;964.7;-8.7;0.1;0;473.4;;;7;;50.7;83;;;5090;106;0;257.4
LUZ;01.03.1967 00:00;2;10.3;5.9;-0.1;0.5;-0.6;6;6.9;0;0.1;0;0;16.1;966.1;-2;2.9;0;438.2;;;16;;113.3;150;;;6511;81;0;190.2
LUZ;01.04.1967 00:00;2.4;12.2;7.2;-2.7;-2.4;-3.1;5;7.4;0;-0.8;0;0;20.5;960.7;-2;-0.3;0;360.2;;;9;;47.8;50;;;9062;94;0;144.2
LUZ;01.05.1967 00:00;7.4;18.1;12.2;-1.9;-1.7;-1.3;1;10.4;1;-0.9;0;0;29.5;960.8;-1;-1.8;0;182.2;;;16;;142.7;96;;;10779;104;2.8;46.2
LUZ;01.06.1967 00:00;10.2;20;14.5;-3.1;-2.6;-2.9;0;12.9;7;-1.4;0;0;29.3;966.3;5.6;2.5;0;105.4;;;13;;164.9;100;;;10198;91;14;25.4
LUZ;01.07.1967 00:00;15;25.2;19.6;0.1;0.4;0.3;0;17;16;1.1;0;0;30.6;965.9;8.7;1.9;1;0;;;11;;96.5;58;;;14084;112;55.2;0
LUZ;01.08.1967 00:00;13.3;22.7;17;-1.9;-1.1;-1.6;0;15.8;6;-0.5;0;0;30.5;964.3;8.1;0.1;1;8.3;;;14;;99.4;58;;;9022;76;12.1;0.3
LUZ;01.09.1967 00:00;10.1;18.1;13;-1.8;-0.7;-1.5;0;13.2;1;-0.3;0;0;26.8;962.9;6;-1.6;0;147.1;;;14;;170.6;156;;;6951;79;0.5;27.1
LUZ;01.10.1967 00:00;7.4;17.3;11.4;1.1;0.5;3;1;11.3;0;0.6;0;0;24.3;964.1;-0.7;0;0;174.5;;;7;;61.5;70;;;10885;183;0;46.5
LUZ;01.11.1967 00:00;1.3;7.3;4.5;-0.6;-0.9;-0.9;6;7.4;0;-0.3;0;0;14.9;963.7;-3.5;0.4;0;466.4;;;7;;46.8;60;;;2735;85;0;226.4
LUZ;01.12.1967 00:00;-4.1;1.7;-0.8;-2.7;-3.3;-2.8;23;4.9;0;-1.2;11;0;11.8;963.4;-13.6;-1.9;0;644.4;;;12;;74.2;95;;;1680;72;0;396.4
LUZ;01.01.1968 00:00;-4;2.5;-0.4;-1.5;-2.4;-1.5;26;4.9;0;-0.7;7;0;10.3;963.4;-17.1;-2.4;0;631.8;;;19;;121.8;218;;;2750;90;0;383.8
LUZ;01.02.1968 00:00;-1.5;4.6;2;0.1;0.2;-1.2;21;5.9;0;0.3;2;0;11.4;958;-7.2;-6.6;0;522.6;;;13;;79.3;129;;;3755;78;0;290.6
LUZ;01.03.1968 00:00;0.3;9.9;5.2;-0.8;-1.2;-1;15;6.1;0;-0.7;0;0;21;963.1;-5.9;-0.1;0;442.9;;;9;;38.1;51;;;8590;107;0;210.9
LUZ;01.04.1968 00:00;4.4;14.9;9.6;-0.3;-0.4;-0.4;5;8.6;3;0.4;0;0;26.4;961.5;-2.5;0.5;0;283.9;;;12;;105;109;;;10868;112;1.3;107.9
LUZ;01.05.1968 00:00;7.6;17.1;11.9;-2.2;-1.5;-2.3;0;10.6;1;-0.7;0;0;25.4;961.5;0.7;-1.1;0;162.4;;;12;;127.4;86;;;9238;89;0;42.4
LUZ;01.06.1968 00:00;11.3;21;15.5;-2.1;-1.5;-1.9;0;13.3;5;-1;0;0;29.8;963.9;6.3;0.1;0;17.6;;;12;;106;64;;;11170;100;15.7;1.6
LUZ;01.07.1968 00:00;12.6;22.4;16.7;-2.8;-2;-2.5;0;14.7;9;-1.2;0;0;30.6;965.8;7.5;1.8;2;26.1;;;17;;115.7;70;;;11853;95;29.6;2.1
LUZ;01.08.1968 00:00;12.3;20.4;15.2;-3.7;-2.1;-3.9;0;14.7;2;-1.6;0;0;27;961.9;6.9;-2.3;0;8.1;;;19;;236.1;139;;;7566;64;1.6;0.1
LUZ;01.09.1968 00:00;9.7;17.7;12.8;-2;-1.1;-1.9;0;12.7;0;-0.8;0;0;22.9;962.8;5.9;-1.7;0;83.6;;;14;;184.4;169;;;7215;82;0;11.6
LUZ;01.10.1968 00:00;7.5;14.9;10.6;0.3;0.6;0.6;0;11.3;0;0.6;0;0;22.5;967;2.4;2.9;0;250.5;;;6;;23.4;27;;;4652;78;0;58.5
LUZ;01.11.1968 00:00;1.6;6.3;4.2;-0.9;-0.6;-1.9;13;7.3;0;-0.4;2;0;22.6;959.8;-6.2;-3.5;0;464.5;;;8;;67.4;87;;;1312;41;0;240.5
LUZ;01.12.1968 00:00;-2.7;1.3;-0.6;-2.5;-1.9;-3.2;28;5.2;0;-0.9;11;0;8.4;957.8;-10;-7.5;0;638.3;;;11;;77.9;99;;;1306;56;0;390.3
LUZ;01.01.1969 00:00;-2.9;2.5;0.2;-0.9;-1.3;-1.5;27;5.3;0;-0.3;6;0;8.7;961.5;-8.1;-4.3;0;612.8;;;10;;46.5;83;;;2144;70;0;364.8
LUZ;01.02.1969 00:00;-4.7;2.7;-0.7;-2.6;-3;-3.1;25;4.4;0;-1.2;8;0;9.4;954.9;-11.7;-9.7;0;579.8;;;13;;61.9;101;;;4271;89;0;355.8
LUZ;01.03.1969 00:00;0.8;7.4;4.1;-1.9;-0.7;-3.5;16;6.3;0;-0.5;0;0;13.9;956.9;-3.6;-6.3;0;491.5;;;8;;46.7;62;;;3690;46;0;243.5
LUZ;01.04.1969 00:00;3.5;12.2;7.9;-2;-1.3;-3.1;5;7.8;0;-0.4;0;0;23.5;961.6;-2.7;0.6;0;323.6;;;14;;77.3;80;;;6931;72;0;131.6
LUZ;01.05.1969 00:00;8.6;19.5;13.8;-0.3;-0.5;0.1;0;10.8;5;-0.5;0;0;28.8;960.6;3.2;-2;0;130;;;11;;81.9;55;;;12548;121;9.8;26
LUZ;01.06.1969 00:00;9.8;18.5;13.4;-4.2;-3;-4.4;0;12.2;0;-2.1;0;0;24.7;961.6;4;-2.2;0;111.3;;;20;;218.2;133;;;8049;72;0;31.3
LUZ;01.07.1969 00:00;14.1;24.1;18.5;-1;-0.5;-0.8;0;16.2;19;0.3;0;0;30.1;968;7.3;4;1;39.1;;;10;;152.8;92;;;14319;114;52.9;7.1
LUZ;01.08.1969 00:00;12.8;21.4;16;-2.9;-1.6;-2.9;0;15;10;-1.3;0;0;28.5;963.4;6.1;-0.8;0;75.9;;;16;;230.3;135;;;10636;89;19.8;11.9
LUZ;01.09.1969 00:00;11.1;19.3;14.3;-0.5;0.3;-0.3;0;14.2;0;0.7;0;0;23.6;964.2;7.1;-0.3;0;42;;;7;;63.5;58;;;6897;79;0;2
LUZ;01.10.1969 00:00;5.6;13.7;9.2;-1.1;-1.3;-0.6;0;10.3;0;-0.4;0;0;17.6;969.2;1.1;5.1;0;327.3;;;4;;23.9;27;;;6274;105;0;87.3
LUZ;01.11.1969 00:00;0.6;8.8;4.7;-0.4;-1.6;0.6;11;7;0;-0.7;1;0;15;958.6;-10.1;-4.7;0;460.4;;;14;;98.2;126;;;5099;159;0;220.4
LUZ;01.12.1969 00:00;-5.7;-1.2;-3.2;-5.1;-4.9;-5.7;31;4.1;0;-2;19;0;6.3;959;-11.5;-6.3;0;717.9;;;12;;64.7;83;;;527;23;0;469.9
LUZ;01.01.1970 00:00;-3.7;1.3;-0.9;-2;-2.1;-2.7;27;5.1;0;-0.5;11;0;8.1;956.3;-9.2;-9.5;0;647.9;;;10;0;54.8;98;;;1708;56;0;399.9
LUZ;01.02.1970 00:00;-2.3;4.4;1.4;-0.5;-0.6;-1.4;20;5.2;0;-0.4;6;0;12.3;957.2;-9.7;-7.4;0;521.4;;;22;0;168.7;275;;;1650;34;0;297.4
LUZ;01.03.1970 00:00;-2.2;6;2;-4;-3.7;-4.9;20;5.2;0;-1.6;3;0;14;958.1;-9.2;-5.1;0;559.2;;;16;0;96.3;128;;;6661;83;0;311.2
LUZ;01.04.1970 00:00;2.6;10.7;6.2;-3.7;-2.2;-4.6;7;6.8;0;-1.4;0;0;22.2;961.4;-4.4;0.4;0;384.9;;;20;0;147;152;;;6557;68;0;184.9
LUZ;01.05.1970 00:00;6.9;16.3;11.4;-2.7;-2.2;-3.1;0;9.6;0;-1.7;0;0;23;962.4;1.3;-0.2;0;174.8;;;12;0;97.6;66;;;8167;79;0;38.8
LUZ;01.06.1970 00:00;12.3;22.3;16.8;-0.8;-0.5;-0.6;0;14.8;7;0.5;0;0;27.4;964.1;6.4;0.3;0;27;;;17;0;227.3;138;;;10368;92;13.9;3
LUZ;01.07.1970 00:00;12.6;22.8;17.1;-2.4;-2;-2.1;0;14.9;14;-1;0;0;29.4;964.2;5.5;0.2;0;47.5;;;11;0;101.3;61;;;11730;94;30.7;7.5
LUZ;01.08.1970 00:00;13.4;21.9;16.8;-2.1;-1;-2.4;0;16.3;8;0;0;0;30.9;963.3;8.4;-0.9;1;17.9;;;15;0;260.4;153;;;8623;72;21.8;1.9
LUZ;01.09.1970 00:00;10.2;19.9;14.3;-0.5;-0.6;0.3;0;13.9;2;0.4;0;0;26;966.7;4.9;2.2;0;80.6;;;6;0;55.9;51;;;9989;114;1.5;8.6
LUZ;01.10.1970 00:00;4.1;12.2;7.6;-2.7;-2.8;-2.1;1;9.4;0;-1.3;0;0;19.8;967.1;-1.8;3;0;371.4;;;10;0;56.3;64;;;7159;120;0;139.4
LUZ;01.11.1970 00:00;1.4;8.5;5.1;0;-0.8;0.3;9;7.5;0;-0.2;0;0;21.6;963;-3.1;-0.3;0;434.9;;;12;0;66.4;85;;;3132;98;0;210.9
LUZ;01.12.1970 00:00;-3.3;1.1;-1.1;-3;-2.5;-3.4;25;5.2;0;-0.9;10;0;9.4;966.5;-12;1.2;0;654.2;;;9;0;57.4;73;;;1359;58;0;406.2
LUZ;01.01.1971 00:00;-5.3;2.1;-2.3;-3.4;-3.7;-1.9;28;5;0;-0.6;11;0;11.1;959.9;-15;-5.9;0;692.5;;;6;0;25.3;45;;;1216;40;0;444.5
LUZ;01.02.1971 00:00;-2.8;2.9;-0.2;-2.1;-1.1;-2.9;24;5.4;0;-0.2;7;0;8.2;965.8;-7.1;1.2;0;563;;;11;0;58.9;96;;;3215;67;0;339
LUZ;01.03.1971 00:00;-3.4;5;0.6;-5.4;-4.9;-5.9;21;5.3;0;-1.5;9;0;13.8;959.1;-13.7;-4.1;0;603.1;;;9;0;67.1;89;;;4868;61;0;355.1
LUZ;01.04.1971 00:00;4.8;17.2;10.8;0.9;0;1.9;2;8.9;0;0.7;0;0;23.6;957.4;-1.5;-3.6;0;231.9;;;5;0;64.9;67;;;12205;126;0.4;55.9
LUZ;01.05.1971 00:00;9.2;20;14.1;0;0.1;0.6;0;12.5;6;1.2;0;0;28;958.4;3.9;-4.2;0;122.9;;;11;0;89.5;60;;;9277;90;5.6;26.9
LUZ;01.06.1971 00:00;9.9;19.4;13.9;-3.7;-2.9;-3.5;0;13.4;2;-0.9;0;0;26.1;960.9;5.9;-2.9;0;93.3;;;19;0;244.7;149;;;8126;72;0.8;13.3
LUZ;01.07.1971 00:00;12.8;25.9;18.9;-0.6;-1.8;1;0;16;19;0.1;0;0;31.9;965.3;5.5;1.3;6;0;;;9;0;78.3;47;;;17118;137;48.2;0
LUZ;01.08.1971 00:00;13.8;23.8;17.9;-1;-0.6;-0.5;0;17.2;12;0.9;0;0;31.3;963.4;10.6;-0.8;3;0;;;15;0;220.2;130;;;11903;100;31.9;0
LUZ;01.09.1971 00:00;8.2;19.2;13;-1.8;-2.6;-0.4;0;12.4;0;-1.1;0;0;24.8;968.3;1;3.8;0;91.3;;;6;0;98.3;90;;;10422;119;0;19.3
LUZ;01.10.1971 00:00;4.8;15.4;9.5;-0.8;-2.1;1.1;0;10.2;0;-0.5;0;0;22;971.9;0;7.8;0;283.9;;;3;0;64.7;73;;;8663;145;0;83.9
LUZ;01.11.1971 00:00;-0.2;6.4;3;-2.1;-2.4;-1.8;13;6.7;0;-1;2;0;15.5;960.9;-8.6;-2.4;0;508;;;12;0;105.1;135;;;3205;100;0;268
LUZ;01.12.1971 00:00;-1.8;3.5;0.8;-1.1;-1;-1;24;5.8;0;-0.3;3;0;11.3;972.1;-6.5;6.8;0;593.4;;;8;0;45.9;59;;;1449;62;0;345.4
LUZ;01.01.1972 00:00;-2.6;2.3;0;-1.1;-1;-1.7;28;5.2;0;-0.4;5;0;8.7;959.7;-7.1;-6.1;0;619.6;;;3;0;14.1;25;;;1254;41;0;371.6
LUZ;01.02.1972 00:00;-1;6.5;2.8;0.9;0.7;0.7;17;6.3;0;0.7;1;0;15.1;957.6;-8.6;-7;0;498.7;;;4;0;22.3;36;;;3443;72;0;266.7
LUZ;01.03.1972 00:00;1;12.3;6.6;0.6;-0.5;1.4;8;6.9;0;0.1;0;0;18.8;960;-3.1;-3.2;0;416.9;;;4;0;11.8;16;;;9886;124;0;168.9
LUZ;01.04.1972 00:00;3.8;11.4;7.3;-2.6;-1;-3.9;2;8.3;0;0.1;0;0;21.8;957.7;-0.8;-3.3;0;353.6;;;15;0;123;127;;;4651;48;0;145.6
LUZ;01.05.1972 00:00;7.7;16.3;11.6;-2.5;-1.4;-3.1;0;10.2;0;-1.1;0;0;24.3;960.6;2.1;-2;0;175.4;;;18;0;112;75;;;7381;71;0;47.4
LUZ;01.06.1972 00:00;10;19.8;14.4;-3.2;-2.8;-3.1;0;12.5;5;-1.8;0;0;27.2;962.5;4.6;-1.3;0;79;;;14;0;181.1;110;;;9757;87;4.4;15
LUZ;01.07.1972 00:00;13;21.7;16.7;-2.8;-1.6;-3.2;0;15.5;9;-0.4;0;0;30.6;964.6;8;0.6;1;26.8;;;18;0;236.8;143;;;8860;71;21.9;2.8
LUZ;01.08.1972 00:00;12.3;21;15.9;-3;-2.1;-3.3;0;14.7;9;-1.6;0;0;29.8;964.9;6.6;0.7;0;29.9;;;11;0;139.7;82;;;9584;81;23.3;5.9
LUZ;01.09.1972 00:00;7.2;16.1;10.6;-4.2;-3.6;-3.5;0;10.7;0;-2.8;0;0;23.2;964.9;1.4;0.4;0;243.6;;;8;0;48.6;45;;;7423;85;0;67.6
LUZ;01.10.1972 00:00;3.5;11.1;6.9;-3.4;-3.4;-3.2;1;8.4;0;-2.3;0;0;18.1;965.2;-1.1;1.1;0;406.3;;;6;0;52;59;;;4740;79;0;158.3
LUZ;01.11.1972 00:00;1;7.8;4.1;-1;-1.2;-0.4;7;7;0;-0.7;0;0;17;965.4;-6.2;2.1;0;476.3;;;14;0;299.6;385;;;3709;116;0;236.3
LUZ;01.12.1972 00:00;-3;1.7;-0.8;-2.7;-2.2;-2.8;27;5;0;-1.1;16;0;10.5;970.1;-7.5;4.8;0;643.3;;;4;0;19.3;25;;;2025;86;0;395.3
LUZ;01.01.1973 00:00;-2.5;1.6;-0.4;-1.5;-0.9;-2.4;27;4.9;0;-0.7;9;0;8.2;967.8;-7.5;2;0;633.8;;;6;0;39;70;;;823;27;0;385.8
LUZ;01.02.1973 00:00;-2.6;3.5;0.2;-1.7;-0.9;-2.3;23;4.9;0;-0.7;1;0;7.7;961.6;-8.1;-3;0;552.9;;;10;0;52.7;86;;;4128;86;0;328.9
LUZ;01.03.1973 00:00;-0.9;7.9;3.1;-2.9;-2.4;-3;20;5.8;0;-1;0;0;17.8;968;-7.4;4.8;0;524.3;;;8;0;28.2;37;;;7328;92;0;276.3
LUZ;01.04.1973 00:00;1.2;10;5.4;-4.5;-3.6;-5.3;12;6.8;0;-1.4;0;0;22.1;960.9;-3.1;-0.1;0;432.6;;;13;0;94.2;98;;;8116;84;0;200.6
LUZ;01.05.1973 00:00;9;19.6;14;-0.1;-0.1;0.2;0;11.4;0;0.1;0;0;24.6;963.5;3.2;0.9;0;83.1;;;15;0;94.1;63;;;11143;108;0.3;19.1
LUZ;01.06.1973 00:00;11.9;21.5;16.1;-1.5;-0.9;-1.4;0;14.7;10;0.4;0;0;28.4;965.1;5.5;1.3;0;47.4;;;10;0;233.5;142;;;9401;84;13.8;7.4
LUZ;01.07.1973 00:00;13.4;22.2;17.2;-2.3;-1.2;-2.7;0;15.4;9;-0.5;0;0;30;961.9;8;-2.1;1;17.6;;;17;0;239.4;145;;;10660;85;23.8;1.6
LUZ;01.08.1973 00:00;15;24.8;19;0.1;0.6;0.5;0;17.5;18;1.2;0;0;30.3;966;10.7;1.8;1;8.7;;;11;0;165.1;97;;;12989;109;47.9;0.7
LUZ;01.09.1973 00:00;10.5;20.3;14.6;-0.2;-0.3;0.7;0;14.1;8;0.6;0;0;28.5;964.5;4.3;0;0;92.2;;;8;0;87.9;80;;;9681;111;9.8;20.2
LUZ;01.10.1973 00:00;4.6;11.4;7.6;-2.7;-2.3;-2.9;3;9.2;0;-1.5;0;0;19.2;965.8;-0.2;1.7;0;356;;;12;0;125.5;142;;;4550;76;0;140
LUZ;01.11.1973 00:00;0.3;7;3.6;-1.5;-1.9;-1.2;17;6.6;0;-1.1;2;0;15.8;968.2;-5.6;4.9;0;492.3;;;8;0;56.4;72;;;2950;92;0;252.3
LUZ;01.12.1973 00:00;-1.9;3.2;0.4;-1.5;-1.1;-1.3;21;5.2;0;-0.9;6;0;11.1;962.5;-12.3;-2.8;0;607.6;;;9;0;46;59;;;1404;60;0;359.6
LUZ;01.01.1974 00:00;-0.8;5.5;2.4;1.3;0.8;1.5;17;6.3;0;0.7;1;0;13.9;967.2;-4.1;1.4;0;544.6;;;10;0;57.6;103;;;2583;85;0;296.6
LUZ;01.02.1974 00:00;0.2;5.5;2.9;1;1.9;-0.3;13;6.2;0;0.6;0;0;14.4;957.1;-3.9;-7.5;0;476.9;;;12;0;86.4;141;;;2036;42;0;252.9
LUZ;01.03.1974 00:00;2.2;11.4;6.6;0.6;0.7;0.5;12;7.2;0;0.4;0;0;21.9;960.1;-3.6;-3.1;0;409.5;;;5;0;38.7;51;;;6134;77;0;169.5
LUZ;01.04.1974 00:00;3.3;14.2;8.5;-1.4;-1.5;-1.1;4;7.6;0;-0.6;0;0;20.1;958;-2.1;-3;0;322.8;;;7;0;63.8;66;;;10993;113;0;106.8
LUZ;01.05.1974 00:00;7.2;16.6;11.8;-2.3;-1.9;-2.8;0;9.8;1;-1.5;0;0;25.1;960.5;1.6;-2.1;0;185.2;;;15;0;139;93;;;9136;88;0;57.2
LUZ;01.06.1974 00:00;10.3;19.6;14.6;-3;-2.5;-3.3;0;11.9;3;-2.4;0;0;25.7;962.1;5.2;-1.7;0;69.2;;;14;0;139.5;85;;;9902;88;1.2;13.2
LUZ;01.07.1974 00:00;12.7;22.8;17.3;-2.2;-1.9;-2.1;0;13.6;11;-2.3;0;0;30.7;965.2;8.4;1.2;1;10.7;;;14;0;157.9;95;;;13045;104;25.8;2.7
LUZ;01.08.1974 00:00;14.3;23.8;18;-0.9;-0.1;-0.5;0;16.2;11;-0.1;0;0;32;964.3;9.1;0.1;3;17.7;;;14;0;196.1;115;;;10602;89;31.5;1.7
LUZ;01.09.1974 00:00;9.7;18.9;13.3;-1.5;-1.1;-0.7;0;13.1;3;-0.4;0;0;25.8;962.1;1.5;-2.4;0;118.6;;;11;0;89.4;82;;;8243;94;1;30.6
LUZ;01.10.1974 00:00;2.2;8.3;5.2;-5.1;-4.7;-6;3;7.6;0;-3.1;0;0;13.8;959.3;-1.3;-4.8;0;461.6;;;23;0;140.5;159;;;2229;37;0;213.6
LUZ;01.11.1974 00:00;1;7.6;4.1;-1;-1.2;-0.6;8;7.2;0;-0.5;0;0;14;962.6;-1.7;-0.7;0;475.4;;;16;0;102.3;131;;;2102;66;0;235.4
LUZ;01.12.1974 00:00;0.9;7.5;4;2.1;1.7;3;10;6.6;0;0.5;0;0;17;970.4;-5.5;5.1;0;494.1;;;15;0;70.2;90;;;3339;143;0;246.1
LUZ;01.01.1975 00:00;0.1;6.2;3.1;2;1.7;2.2;17;6.4;0;0.8;0;0;12.4;967.1;-3.4;1.3;0;522.6;;;11;0;47.1;84;;;2504;82;0;274.6
LUZ;01.02.1975 00:00;-1.9;5.6;1.6;-0.3;-0.2;-0.2;24;5.5;0;-0.1;0;0;12.7;968.9;-6.1;4.3;0;514.9;;;6;0;33.9;55;;;5376;112;0;290.9
LUZ;01.03.1975 00:00;0.6;7.3;3.7;-2.3;-0.9;-3.6;11;6.5;0;-0.3;1;0;14.5;954.8;-7;-8.4;0;507.2;;;16;0;85;113;;;4568;57;0;259.2
LUZ;01.04.1975 00:00;3.6;12.6;7.9;-2;-1.2;-2.7;8;7.8;0;-0.4;0;0;23.4;961.8;-3;0.8;0;317.8;;;13;0;81.5;84;;;7641;79;0;133.8
LUZ;01.05.1975 00:00;8;17.6;12.7;-1.4;-1.1;-1.8;0;11;4;-0.3;0;0;28.4;960.9;2.6;-1.7;0;170.6;;;11;0;120.1;81;;;8327;80;6.4;34.6
LUZ;01.06.1975 00:00;10.5;18.8;14.1;-3.5;-2.3;-4.1;0;12.6;5;-1.7;0;0;27;963.7;4.6;-0.1;0;101.1;;;15;0;182.9;111;;;7886;70;7.3;29.1
LUZ;01.07.1975 00:00;13.3;23.2;17.7;-1.8;-1.3;-1.7;0;15.3;12;-0.6;0;1;30.7;964.7;7.5;0.7;2;17.9;;;11;0;157.4;95;;;12573;100;28.6;1.9
LUZ;01.08.1975 00:00;14;22.9;17.6;-1.3;-0.4;-1.4;0;15.7;13;-0.6;0;0;30.3;964.5;9.5;0.3;2;36.6;;;13;0;308.2;181;;;10357;87;38;4.6
LUZ;01.09.1975 00:00;12.4;21.2;15.8;1;1.6;1.6;0;14.4;2;0.9;0;0;27.8;964.4;7.6;-0.1;0;16.5;;;9;0;108.8;100;;;6903;79;1.2;0.5
LUZ;01.10.1975 00:00;5.1;11.4;7.7;-2.6;-1.8;-2.9;0;8.8;0;-1.9;0;0;23;967.3;0.8;3.2;0;365.6;;;7;0;78.7;89;;;4937;83;0;141.6
LUZ;01.11.1975 00:00;1.9;7.3;4.6;-0.5;-0.3;-0.9;8;7.1;0;-0.6;0;0;15.7;962.9;-5;-0.4;0;461.4;;;12;0;99;127;;;2671;83;0;221.4
LUZ;01.12.1975 00:00;-2.6;1.8;-0.5;-2.4;-1.8;-2.7;22;5;0;-1.1;8;0;8.1;969.2;-8;3.9;0;633.6;;;4;0;12.1;15;;;1541;66;0;385.6
LUZ;01.01.1976 00:00;-1.5;4.8;1.6;0.5;0.1;0.8;19;5.2;0;-0.4;6;0;12.6;966.4;-10;0.6;0;569;;;7;0;35.7;64;;;2351;77;0;321
LUZ;01.02.1976 00:00;-2;4.4;0.9;-1;-0.3;-1.4;25;5.5;0;-0.1;4;0;14.5;965.5;-8.3;0.9;0;552.4;;;7;0;24.4;40;;;3721;78;0;320.4
LUZ;01.03.1976 00:00;-0.6;9;3.8;-2.2;-2.1;-1.9;13;6.2;0;-0.6;2;0;19.4;963.9;-7.7;0.7;0;503.5;;;7;0;25.6;34;;;8640;108;0;255.5
LUZ;01.04.1976 00:00;2.8;13.6;8;-1.9;-2;-1.7;6;8.1;0;-0.1;0;0;22.1;960.5;-1.3;-0.5;0;305.5;;;7;0;96.8;100;;;10231;106;0;129.5
LUZ;01.05.1976 00:00;8.8;19.5;13.9;-0.2;-0.3;0.1;0;11.7;4;0.4;0;0;27.2;962.9;0.5;0.3;0;97.3;;;13;0;111.8;75;;;11941;115;3.5;17.3
LUZ;01.06.1976 00:00;12.8;24.6;18.5;0.9;0;1.7;0;14.7;18;0.4;0;0;30.8;966.1;5.6;2.3;1;38;;;5;0;60.5;37;;;15442;138;55.5;6
LUZ;01.07.1976 00:00;15;24.7;19.1;-0.4;0.4;-0.2;0;16.9;18;1;0;0;32;963.4;9.5;-0.6;7;19.7;;;15;0;318;192;;;11053;88;67.7;3.7
LUZ;01.08.1976 00:00;11.7;21.8;15.8;-3.1;-2.7;-2.5;0;14.5;5;-1.8;0;0;26.4;965.2;8.1;1;0;0;;;9;0;76.8;45;;;11137;94;0.4;0
LUZ;01.09.1976 00:00;8.7;17.6;12.3;-2.5;-2.1;-2;0;12.5;0;-1;0;0;22.3;962.8;4.1;-1.7;0;135.8;;;10;0;91.7;84;;;5610;64;0;23.8
LUZ;01.10.1976 00:00;7;14.5;10.3;0;0.1;0.2;0;10.9;0;0.2;0;0;22.3;956.1;2.2;-8;0;240.9;;;8;0;65.6;74;;;5125;86;0;72.9
LUZ;01.11.1976 00:00;2.3;7.1;4.5;-0.6;0.1;-1.1;6;7.2;0;-0.5;0;0;16.3;963.9;-1.1;0.6;0;464;;;11;0;71.2;91;;;2085;65;0;224
LUZ;01.12.1976 00:00;-3;1.2;-1.1;-3;-2.2;-3.3;26;5;0;-1.1;14;0;11;957.7;-9.5;-7.6;0;652.4;;;11;0;100.9;129;;;1559;67;0;404.4
LUZ;01.01.1977 00:00;-2.3;3.1;0.3;-0.8;-0.7;-0.9;27;5.5;0;-0.1;2;0;9.3;959.9;-9.6;-5.9;0;611.1;;;12;0;69;124;;;1123;37;0;363.1
LUZ;01.02.1977 00:00;1.4;8.6;4.8;2.9;3.1;2.8;9;7;0;1.4;0;0;15.6;957.6;-5.1;-7;0;424.5;;;14;0;111.2;181;;;3886;81;0;200.5
LUZ;01.03.1977 00:00;3.1;12.3;7.4;1.4;1.6;1.4;6;7.9;0;1.1;1;0;20.3;965.3;-3.6;2.1;0;377.6;;;12;0;87.9;117;;;6731;84;0;145.6
LUZ;01.04.1977 00:00;2.3;10.7;6.3;-3.6;-2.5;-4.6;7;7.9;0;-0.3;0;0;21.6;961.9;-2;0.9;0;390.2;;;18;0;196.2;203;;;5057;52;0;174.2
LUZ;01.05.1977 00:00;7.4;17.1;11.9;-2.2;-1.7;-2.3;0;10.6;1;-0.7;0;0;26.3;960.5;3.4;-2.1;0;162.5;;;14;0;91.2;61;;;7563;73;0;42.5
LUZ;01.06.1977 00:00;10.9;20.9;15.3;-2.3;-1.9;-2;0;13.4;5;-0.9;0;0;29.1;961.3;6.1;-2.5;0;25.6;;;13;0;142.3;87;;;8265;74;2;1.6
LUZ;01.07.1977 00:00;12.9;22.4;17.1;-2.4;-1.7;-2.5;0;15.5;9;-0.4;0;0;28.8;961.7;10;-2.3;0;0;;;15;0;207;125;;;10592;85;18.4;0
LUZ;01.08.1977 00:00;12.2;20.9;15.7;-3.2;-2.2;-3.4;0;15.2;4;-1.1;0;0;27.2;961.2;9.1;-3;0;0;;;14;0;116.9;69;;;8124;68;4.7;0
LUZ;01.09.1977 00:00;8.6;17.2;12.3;-2.5;-2.2;-2.4;0;12.8;2;-0.7;0;0;25.4;968.5;3;4;0;144.8;;;5;0;41.2;38;;;6985;80;0;40.8
LUZ;01.10.1977 00:00;6.5;14;10;-0.3;-0.4;-0.3;0;10.9;0;0.2;0;0;24.4;965.8;0.9;1.7;0;247.3;;;11;0;83.7;95;;;4048;68;0.2;79.3
LUZ;01.11.1977 00:00;1.4;9.2;5.2;0.1;-0.8;1;14;7.3;0;-0.4;2;0;21.1;960.9;-4.3;-2.4;0;430.9;;;14;0;85.2;109;;;4345;136;0;206.9
LUZ;01.12.1977 00:00;-0.8;4.1;1.3;-0.6;0;-0.4;18;6.3;0;0.2;6;0;12.9;966.9;-5.9;1.6;0;577.9;;;13;0;87.4;111;;;946;40;0;329.9
LUZ;01.01.1978 00:00;-1.9;2.4;0.3;-0.8;-0.3;-1.6;22;5.4;0;-0.2;6;0;9.3;;-6.4;;0;611.1;;;13;0;54.2;97;;;1806;59;0;363.1
LUZ;01.02.1978 00:00;-2.9;2.8;-0.1;-2;-1.2;-3;21;5.2;0;-0.4;6;0;11.2;;-11;;0;562.8;;;13;0;116.1;189;;;1776;37;0;338.8
LUZ;01.03.1978 00:00;1.4;9.3;5.1;-0.9;-0.1;-1.6;5;6.6;0;-0.2;0;0;18.1;;-3.3;;0;462.2;;;17;0;121;160;;;5106;64;0;214.2
LUZ;01.04.1978 00:00;3.3;11.7;7.4;-2.5;-1.5;-3.6;4;7.5;0;-0.7;0;0;18.9;;-3.4;;0;364.8;;;7;0;67.7;70;;;6636;68;0;140.8
LUZ;01.05.1978 00:00;7.5;15;11;-3.1;-1.6;-4.4;0;10.4;0;-0.9;0;0;23.2;;2;;0;216.6;;;17;0;170.4;115;;;4896;47;0;56.6
LUZ;01.06.1978 00:00;9.5;19.2;14.3;-3.3;-3.3;-3.7;0;12.4;7;-1.9;0;0;26.9;;5;;0;94.4;;;19;0;186.2;113;;;6528;58;4.5;14.4
LUZ;01.07.1978 00:00;12;21.7;16.5;-3;-2.6;-3.2;0;14.9;10;-1;0;0;29.1;;8;;0;27.1;;;13;0;113.4;69;;;7638;61;16.5;3.1
LUZ;01.08.1978 00:00;11.6;20.8;15.8;-3.1;-2.8;-3.5;0;15.1;6;-1.2;0;0;26.8;;6.3;;0;20.5;;;11;0;222.5;131;;;8712;73;5.6;4.5
LUZ;01.09.1978 00:00;8.7;18.6;13.2;-1.6;-2.1;-1;0;12.8;1;-0.7;0;0;25.6;;4.9;;0;88.4;;;11;0;89.7;82;;;9774;112;0;16.4
LUZ;01.10.1978 00:00;5.1;11.7;8.1;-2.2;-1.8;-2.6;0;9.9;0;-0.8;0;0;18.8;;0.2;;0;368.9;;;8;0;85.2;97;;;5220;88;0;120.9
LUZ;01.11.1978 00:00;0.7;5.4;3.1;-2;-1.5;-2.8;12;6.7;0;-1;4;0;11.8;;-5.6;;0;508;;;4;0;32.2;41;;;3006;94;0;268
LUZ;01.12.1978 00:00;-1;4.6;1.7;-0.2;-0.2;0.1;19;5.8;0;-0.3;11;0;12.3;;-6.3;;0;568.3;;;10;0;77.6;99;;;1638;70;0;320.3
LUZ;01.01.1979 00:00;-4.8;0.3;-2.2;-3.3;-3.2;-3.7;25;4.5;0;-1.1;13;0;5.5;;-14;;0;689.5;;;13;0;88.6;159;;;1848;61;0;441.5
LUZ;01.02.1979 00:00;-0.1;4.6;2.2;0.3;1.6;-1.2;13;6.1;0;0.5;0;0;11.4;;-7.1;;0;497.2;;;14;0;70.2;115;;;2568;54;0;273.2
LUZ;01.03.1979 00:00;1.6;9.2;5.2;-0.8;0.1;-1.7;7;7.1;0;0.3;0;0;15.9;;-2.9;;0;459.8;;;20;0;123.2;163;;;4734;59;0;211.8
LUZ;01.04.1979 00:00;2.3;11.2;6.5;-3.4;-2.5;-4.1;4;7.2;0;-1;0;0;18.7;;-2.1;;0;405.4;;;14;0;113.5;118;;;6762;70;0;165.4
LUZ;01.05.1979 00:00;6.9;18.7;12.5;-1.6;-2.2;-0.7;2;10.6;5;-0.7;0;0;29.3;;-1.2;;0;159.3;;;10;0;66;44;;;11202;108;5.7;55.3
LUZ;01.06.1979 00:00;11.7;21.2;15.8;-1.8;-1.1;-1.7;0;14.7;6;0.4;0;0;27.1;;6.7;;0;40.6;;;16;0;297.2;181;;;6564;59;4.7;8.6
LUZ;01.07.1979 00:00;12.8;22.5;17.5;-2;-1.8;-2.4;0;14.8;10;-1.1;0;0;30;;7.5;;1;18.9;;;8;0;89.6;54;;;9282;74;20.6;2.9
LUZ;01.08.1979 00:00;11.5;21.2;15.7;-3.2;-2.9;-3.1;0;14.6;6;-1.7;0;0;27.6;;6.5;;0;34.3;;;16;0;167.7;99;;;9516;80;9.7;2.3
LUZ;01.09.1979 00:00;9.9;18.6;13.7;-1.1;-0.9;-1;0;13.4;1;-0.1;0;0;26.3;;4.5;;0;107.7;;;9;0;138.8;127;;;8412;96;0.3;27.7
LUZ;01.10.1979 00:00;6.9;13.5;9.9;-0.4;0;-0.8;0;11;0;0.3;0;0;20.1;;1.3;;0;256.4;;;10;0;119.4;135;;;3912;66;0;72.4
LUZ;01.11.1979 00:00;0.8;6.4;3.7;-1.4;-1.4;-1.8;11;6.9;0;-0.8;0;0;15.9;;-4.7;;0;488.4;;;14;0;139.9;180;;;2988;93;0;248.4
LUZ;01.12.1979 00:00;-0.3;6.8;3.3;1.4;0.5;2.3;16;6.3;0;0.2;1;0;16.1;;-5.7;;0;517.6;;;13;0;128.5;164;;;3318;142;0;269.6
LUZ;01.01.1980 00:00;-3.3;1.4;-1;-2.1;-1.7;-2.6;25;4.8;0;-0.8;13;0;12;;-6.7;;0;649.8;;;11;0;109.6;196;;;1956;64;0;401.8
LUZ;01.02.1980 00:00;0.7;7.8;3.8;1.9;2.4;2;12;6.3;0;0.7;0;0;15.7;;-3.6;;0;468.8;;;8;0;55;90;;;5016;105;0;236.8
LUZ;01.03.1980 00:00;2.1;9.5;5.3;-0.7;0.6;-1.4;7;6.8;0;0;0;0;15.6;;-3.4;;0;456.2;;;14;0;84;111;;;4926;62;0;208.2
LUZ;01.04.1980 00:00;2.9;11.9;6.8;-3.1;-1.9;-3.4;2;7;0;-1.2;0;0;19.5;;-0.6;;0;396.6;;;17;0;114.3;118;;;6366;66;0;156.6
LUZ;01.05.1980 00:00;6.8;16.4;11.2;-2.9;-2.3;-3;0;9.8;0;-1.5;0;0;24.5;;3.3;;0;203.9;;;12;0;95.7;64;;;6270;61;0;43.9
LUZ;01.06.1980 00:00;10.6;19;14.4;-3.2;-2.2;-3.9;0;13;3;-1.3;0;0;29.4;;6.5;;0;63.9;;;21;0;158.8;97;;;6354;57;7.3;7.9
LUZ;01.07.1980 00:00;11.2;19.8;15.3;-4.2;-3.4;-5.1;0;14.1;6;-1.8;0;0;28.8;;5.7;;0;25.7;;;17;0;148.6;90;;;6714;54;12;1.7
LUZ;01.08.1980 00:00;14;23.2;18.2;-0.7;-0.4;-1.1;0;16.3;11;0;0;0;30.6;;6.8;;1;0;;;10;0;78.1;46;;;9912;83;33.5;0
LUZ;01.09.1980 00:00;10.2;20.6;14.8;0;-0.6;1;0;13.5;0;0;0;0;24.9;;5.7;;0;0;;;6;0;75.8;69;;;11016;126;0.1;0
LUZ;01.10.1980 00:00;5;12.6;8.4;-1.9;-1.9;-1.7;0;9.5;0;-1.2;0;0;21.3;;0.4;;0;313.2;;;14;0;188.3;213;;;5520;93;0;121.2
LUZ;01.11.1980 00:00;0;5.5;2.7;-2.4;-2.2;-2.7;18;6.4;0;-1.3;4;0;14.8;;-3.2;;0;518.8;;;8;0;50.6;65;;;2796;87;0;278.8
LUZ;01.12.1980 00:00;-3.6;2.3;-0.6;-2.5;-2.8;-2.2;24;5;0;-1.1;9;0;8.4;;-10.3;;0;638.9;;;10;0;46;59;;;2106;90;0;390.9
LUZ;01.01.1981 00:00;-4.1;1.3;-1.1;-2.2;-2.5;-2.7;28;4.6;0;-1;15;0;11.5;;-11.6;;0;653.7;1.9;127;11;0;104;186;34;84;1498;49;0;405.7
LUZ;01.02.1981 00:00;-3.6;1.7;-1;-2.9;-1.9;-4.1;24;4.6;0;-1;8;0;6.6;;-7.3;;0;589;1.1;69;6;0;28.4;46;69;94;3887;81;0;365
LUZ;01.03.1981 00:00;3.4;12.1;7.2;1.2;1.9;1.2;4;8;0;1.2;0;0;23.2;;-5.1;;0;371.2;1.4;78;19;0;116.1;154;115;92;6456;81;0;155.2
LUZ;01.04.1981 00:00;5.4;14.9;9.7;-0.2;0.6;-0.4;1;8.8;0;0.6;0;0;22.5;;-1.9;;0;240.1;1.4;78;6;0;45.3;47;162;92;6571;68;0;88.1
LUZ;01.05.1981 00:00;7.8;17.5;12.3;-1.8;-1.3;-1.9;0;10.8;2;-0.5;0;0;26.6;;3.3;;0;160.7;1.4;82;17;0;103.9;70;193;94;8382;81;2.2;40.7
LUZ;01.06.1981 00:00;11.2;20.9;16;-1.6;-1.6;-2;0;13.5;7;-0.8;0;0;29.1;;6.7;;0;40.4;1.5;94;10;0;126.7;77;211;92;8232;73;17;8.4
LUZ;01.07.1981 00:00;12;21.4;16.4;-3.1;-2.6;-3.5;0;15.2;8;-0.7;0;0;28.4;;8.2;;0;43.8;1.2;75;13;0;284.1;172;201;86;8689;69;15;3.8
LUZ;01.08.1981 00:00;12.8;23.3;17.6;-1.3;-1.6;-1;0;15.5;10;-0.8;0;0;29.4;;7.1;;0;0;1.2;86;11;0;84.3;50;208;105;12092;102;27.9;0
LUZ;01.09.1981 00:00;11.1;18;14.1;-0.7;0.3;-1.6;0;14.3;0;0.8;0;0;24.6;;2.9;;0;60.3;1.2;86;20;0;230.1;211;103;73;4535;52;0;12.3
LUZ;01.10.1981 00:00;5.4;13.5;9.2;-1.1;-1.5;-0.8;2;10;0;-0.7;0;0;21.1;;-0.7;;0;273.5;1.4;108;16;0;160.5;182;80;95;4605;77;0;97.5
LUZ;01.11.1981 00:00;0.5;8.4;4.1;-1;-1.7;0.2;10;6.8;0;-0.9;0;0;16.7;;-5.2;;0;476.5;1.3;100;6;0;43.2;55;58;127;5615;175;0;236.5
LUZ;01.12.1981 00:00;-2.1;4.5;0.8;-1.1;-1.3;0;23;5.7;0;-0.4;6;0;13.9;;-10.3;;0;596;1.6;114;21;0;173.9;222;20;63;1485;63;0;348
LUZ;01.01.1982 00:00;-1.6;3.3;0.6;-0.5;0;-0.7;20;5.9;0;0.3;10;0;11.7;;-6.3;;0;600.8;1;67;14;0;116;208;26;64;846;28;0;352.8
LUZ;01.02.1982 00:00;-2.7;4.1;0.7;-1.2;-1;-1.7;23;5.7;0;0.1;5;0;11.6;;-12.6;;0;541.3;1.1;69;7;0;49.6;81;61;83;3473;72;0;317.3
LUZ;01.03.1982 00:00;0.2;8.1;3.8;-2.2;-1.3;-2.8;14;6.2;0;-0.6;0;0;16.2;;-2.6;;0;502.2;1.5;83;14;0;73;97;114;92;6617;83;0;254.2
LUZ;01.04.1982 00:00;2.4;12.5;7.3;-2.6;-2.4;-2.8;2;6.8;0;-1.4;0;0;18.8;;-0.5;;0;380.1;1.9;106;7;0;92.8;96;187;106;9168;95;0;140.1
LUZ;01.05.1982 00:00;7.8;19;13;-1.1;-1.3;-0.4;0;10.9;4;-0.4;0;0;25.5;;1.7;;0;126.7;1.7;100;11;0;92.5;62;226;110;11216;108;0.9;38.7
LUZ;01.06.1982 00:00;12.8;22.2;16.9;-0.7;0;-0.7;0;14.7;10;0.4;0;0;29.3;;9;;0;17.2;1.5;94;17;0;213.5;130;221;97;8888;79;14.8;1.2
LUZ;01.07.1982 00:00;14.7;24.6;19.2;-0.3;0.1;-0.3;0;16.9;17;1;0;0;31;;11.8;;1;0;1.5;94;14;0;193.1;117;224;96;11116;89;55.1;0
LUZ;01.08.1982 00:00;13;21.7;16.7;-2.2;-1.4;-2.6;0;15.8;5;-0.5;0;0;30.1;;8.1;;1;8.2;1.2;86;16;0;171.4;101;178;89;8154;69;11.4;0.2
LUZ;01.09.1982 00:00;11.9;21.1;15.8;1;1.1;1.5;0;15;1;1.5;0;0;26.5;;6.7;;0;9.4;1.1;79;7;0;100.2;92;151;107;9539;109;1.8;1.4
LUZ;01.10.1982 00:00;6.7;13.1;9.5;-0.8;-0.2;-1.2;0;10.3;0;-0.4;0;0;17.1;;2.4;;0;297.3;1.1;85;12;0;83.4;95;84;100;5032;84;0;81.3
LUZ;01.11.1982 00:00;2.7;9.2;5.6;0.5;0.5;1;3;7.7;0;0;0;0;21.6;;-2.4;;0;427.6;1.5;115;7;0;45.8;59;49;108;3510;109;0;195.6
LUZ;01.12.1982 00:00;0.2;5.5;2.7;0.8;1;1;15;6.4;0;0.3;0;0;15;;-5;;0;535.5;1.5;107;13;0;116.1;148;30;95;2451;105;0;287.5
LUZ;01.01.1983 00:00;-0.5;6.2;2.5;1.4;1.1;2.2;15;6.1;0;0.5;2;0;14.6;;-5.4;;0;541.1;1.7;113;14;0;67;120;47;116;4868;160;0;293.1
LUZ;01.02.1983 00:00;-3.8;1.8;-1;-2.9;-2.1;-4;24;4.6;0;-1;12;0;15.4;;-8;;0;588.1;1.6;100;8;0;55.1;90;68;93;2611;54;0;364.1
LUZ;01.03.1983 00:00;1.5;10.3;5.5;-0.5;0;-0.6;13;6.9;0;0.1;0;0;16.2;;-2.3;;0;449.8;1.5;83;11;0;62;82;119;96;7158;89;0;201.8
LUZ;01.04.1983 00:00;4.9;14.7;9.3;-0.6;0.1;-0.6;0;8.7;0;0.5;0;0;24.6;;0.4;;0;266.8;2.2;122;13;0;87.5;91;164;93;6296;65;0;90.8
LUZ;01.05.1983 00:00;7.1;15.8;11;-3.1;-2;-3.6;0;10.3;0;-1;0;0;24.5;;3.2;;0;205.9;1.8;106;19;0;185.3;125;175;85;6174;60;0;53.9
LUZ;01.06.1983 00:00;12.6;22;17;-0.6;-0.2;-0.9;0;14.3;7;0;0;0;29.1;;7.4;;0;16.7;1;63;12;0;121.8;74;218;95;7045;63;14.5;0.7
LUZ;01.07.1983 00:00;16;29;22.2;2.7;1.4;4.1;0;17;28;1.1;0;0;35.2;;11.1;;13;0;1;63;4;2;18.9;11;287;123;15643;125;126.2;0
LUZ;01.08.1983 00:00;14;23.7;18.1;-0.8;-0.4;-0.6;0;16.3;13;0;0;0;30.5;;9.3;;1;8.9;1.4;100;14;0;145.5;86;189;95;8509;71;23.8;0.9
LUZ;01.09.1983 00:00;10.2;20.2;14.6;-0.2;-0.6;0.6;0;13.4;0;-0.1;0;0;24.7;;6.3;;0;35.8;1.7;121;12;0;122.4;112;148;105;8483;97;0;3.8
LUZ;01.10.1983 00:00;6.2;14.5;9.8;-0.5;-0.7;0.2;0;10.5;0;-0.2;0;0;23;;1;;0;254.2;1.3;100;5;0;59.4;67;93;111;7160;120;0;86.2
LUZ;01.11.1983 00:00;1.5;6.3;3.6;-1.5;-0.7;-1.9;8;7.1;0;-0.6;0;0;15.9;;-2.4;;0;492.9;1.6;123;6;0;76.4;98;33;73;871;27;0;252.9
LUZ;01.12.1983 00:00;-1.7;3.8;0.8;-1.1;-0.9;-0.7;24;5.8;0;-0.3;7;0;15.9;;-5.7;;0;594;1.4;100;6;0;46.5;59;36;114;2976;127;0;346
LUZ;01.01.1984 00:00;-2.3;4.2;0.9;-0.2;-0.7;0.2;25;5.4;0;-0.2;2;0;15.2;;-7.4;;0;592.9;2.2;147;13;0;81.5;146;41;101;2432;80;0;344.9
LUZ;01.02.1984 00:00;-1.9;3.1;0.3;-1.6;-0.2;-2.7;19;5.1;0;-0.5;6;0;10.9;;-6.2;;0;570.2;2.2;138;10;0;61.1;100;55;75;2386;50;0;338.2
LUZ;01.03.1984 00:00;-1.6;7.6;2.6;-3.4;-3.1;-3.3;23;5.5;0;-1.3;0;0;16.6;;-6.5;;0;538.7;1.7;94;8;0;32;42;133;107;8420;105;0;290.7
LUZ;01.04.1984 00:00;2.5;12.9;7.4;-2.5;-2.3;-2.4;6;7.2;0;-1;0;0;23.4;;-0.9;;0;339.1;1.9;106;9;0;55.8;58;175;100;9393;97;0;147.1
LUZ;01.05.1984 00:00;6.2;14.9;10.3;-3.8;-2.9;-4.5;0;9.5;0;-1.8;0;0;21.8;;0.3;;0;244.5;1.9;112;14;0;148.4;100;158;77;4699;45;0;60.5
LUZ;01.06.1984 00:00;10.3;21.1;15.5;-2.1;-2.5;-1.8;0;12.6;5;-1.7;0;0;27.2;;5.1;;0;46.9;1.8;113;12;0;91.5;56;228;100;9194;82;4.2;6.9
LUZ;01.07.1984 00:00;13;24.1;18.3;-1.2;-1.6;-0.8;0;14.7;14;-1.2;0;0;34.1;;8;;5;0;1.8;113;8;0;78;47;244;105;13086;104;45.1;0
LUZ;01.08.1984 00:00;12.8;22.5;17.1;-1.8;-1.6;-1.8;0;14.8;7;-1.5;0;0;29.2;;10.2;;0;0;1.3;93;9;0;163.4;96;180;90;9949;84;6.7;0
LUZ;01.09.1984 00:00;9.6;17.8;13.1;-1.7;-1.2;-1.8;0;12.6;3;-0.9;0;0;27.3;;5.7;;0;110.2;1.4;100;16;0;211.2;193;130;92;7044;81;4;22.2
LUZ;01.10.1984 00:00;5.9;14.3;9.9;-0.4;-1;0;0;10.6;0;-0.1;0;0;19.9;;1.2;;0;279.2;1.2;92;7;0;52.9;60;87;103;5842;98;0;71.2
LUZ;01.11.1984 00:00;2.4;9.1;5.5;0.4;0.2;0.9;4;8;0;0.3;0;0;20.8;;-2.2;;0;423.7;1.3;100;9;0;63.4;81;46;101;3121;97;0;199.7
LUZ;01.12.1984 00:00;-0.6;3.6;1.5;-0.4;0.2;-0.9;16;6.3;0;0.2;3;0;8.1;;-6.2;;0;572.8;1.2;86;10;0;74.7;95;28;89;1868;80;0;324.8
LUZ;01.01.1985 00:00;-8.3;-2.4;-5.1;-6.2;-6.7;-6.4;29;4;0;-1.6;16;0;9.3;;-18.8;;0;777.8;1.4;93;13;0;91.2;163;40;99;2301;76;0;529.8
LUZ;01.02.1985 00:00;-4.2;2.8;-0.9;-2.8;-2.5;-3;20;5.2;0;-0.4;9;0;13.4;;-12.8;;0;584;1.4;88;12;0;74.4;121;67;92;3230;67;0;360
LUZ;01.03.1985 00:00;-0.5;7.3;3.2;-2.8;-2;-3.6;16;5.9;0;-0.9;1;0;17.4;;-8.6;;0;521.3;1.9;106;10;0;63.2;84;113;91;6038;75;0;273.3
LUZ;01.04.1985 00:00;3.7;14.2;8.6;-1.3;-1.1;-1.1;1;7.6;0;-0.6;0;0;22.4;;-0.8;;0;300.3;2.4;133;15;0;83.3;86;170;97;8295;86;0;108.3
LUZ;01.05.1985 00:00;8.4;18.1;12.8;-1.3;-0.7;-1.3;0;11;3;-0.3;0;0;26.9;;0.3;;0;128.6;1.7;100;12;0;166.3;112;185;90;7292;70;1;32.6
LUZ;01.06.1985 00:00;10.1;20.2;14.8;-2.8;-2.7;-2.7;0;12;4;-2.3;0;0;28;;4.2;;0;44.4;2;125;19;0;193.4;118;224;98;8980;80;2.9;4.4
LUZ;01.07.1985 00:00;14.5;25.4;19.6;0.1;-0.1;0.5;0;15.9;18;0;0;0;33.3;;10.5;;3;0;1.7;106;11;0;86.6;52;242;104;12551;100;51.4;0
LUZ;01.08.1985 00:00;12.2;23.4;17.2;-1.7;-2.2;-0.9;0;14.7;13;-1.6;0;0;31.2;;7;;1;25.4;1.7;121;12;0;145;85;214;108;13429;113;22.4;1.4
LUZ;01.09.1985 00:00;10.7;21.2;15.3;0.5;-0.1;1.6;0;13.6;2;0.1;0;0;26.2;;6.5;;0;25.5;1.2;86;5;0;73;67;168;119;12506;143;0;1.5
LUZ;01.10.1985 00:00;6.6;13.9;9.9;-0.4;-0.3;-0.4;0;10.3;1;-0.4;0;0;25.3;;0.8;;0;270.4;1.1;85;1;0;8.1;9;81;96;5624;94;0;94.4
LUZ;01.11.1985 00:00;-1.4;4.1;1.5;-3.6;-3.6;-4.1;22;5.9;0;-1.8;12;0;18.1;;-6.7;;0;554.1;1.4;108;11;0;130.4;167;39;86;2092;65;0;314.1
LUZ;01.12.1985 00:00;-1.1;6.2;2.4;0.5;-0.3;1.7;21;6.3;0;0.2;2;0;12.4;;-5.5;;0;544.5;1.1;79;6;0;55.9;71;44;139;5223;223;0;296.5
LUZ;01.01.1986 00:00;-2.6;4.3;0.9;-0.2;-1;0.3;23;5.3;0;-0.3;3;0;15.2;;-11.7;;0;592.9;2.2;147;15;0;106.2;190;46;114;3619;119;0;344.9
LUZ;01.02.1986 00:00;-6.6;-2.3;-4.4;-6.3;-4.9;-8.1;28;3.7;0;-1.9;20;0;3.9;;-14.6;;0;683.9;1.2;75;8;0;48.1;78;58;79;1404;29;0;459.9
LUZ;01.03.1986 00:00;-0.9;8.1;3.3;-2.7;-2.4;-2.8;22;6;0;-0.8;1;0;19.1;;-6.5;;0;517.4;1.7;94;11;0;78.8;105;122;98;7516;94;0;269.4
LUZ;01.04.1986 00:00;3.1;10.5;6.5;-3.4;-1.7;-4.8;4;7.8;0;-0.4;1;0;20;;-4.5;;0;397.1;1.8;100;17;0;154.4;160;123;70;5089;53;0;165.1
LUZ;01.05.1986 00:00;10.2;20.2;14.7;0.6;1.1;0.8;0;12.7;3;1.4;0;0;27.6;;4.5;;0;55.2;1.6;94;13;0;221;149;197;96;8883;86;3.3;15.2
LUZ;01.06.1986 00:00;11.3;22;16.4;-1.2;-1.5;-0.9;0;13.6;14;-0.7;0;0;30.4;;3.6;;2;84.8;1.7;106;11;0;148.9;91;239;105;12572;112;36.5;20.8
LUZ;01.07.1986 00:00;13.1;23.4;18;-1.5;-1.5;-1.5;0;15.1;14;-0.8;0;0;30.3;;7.6;;2;0;1.6;100;10;0;133.7;81;224;96;12049;96;34.2;0
LUZ;01.08.1986 00:00;13.3;23.1;17.6;-1.3;-1.1;-1.2;0;15.7;12;-0.6;0;0;32.7;;6.8;;2;26.5;1.6;114;14;0;138.1;81;195;98;10732;90;32.2;2.5
LUZ;01.09.1986 00:00;10;19.1;14.1;-0.7;-0.8;-0.5;0;13;2;-0.5;0;0;26.5;;6.3;;0;53.2;1.3;93;5;0;39.2;36;144;102;8531;97;2.2;5.2
LUZ;01.10.1986 00:00;7.1;15.9;11.1;0.8;0.2;1.6;1;10.9;0;0.2;0;0;22.3;;-0.4;;0;174.2;1.5;115;8;0;73.8;84;95;113;7577;127;0;54.2
LUZ;01.11.1986 00:00;1;8.9;4.8;-0.3;-1.2;0.7;8;7.6;0;-0.1;0;0;13.6;;-3.1;;0;455.9;1.2;92;8;0;72.6;93;55;121;5070;158;0;215.9
LUZ;01.12.1986 00:00;-0.9;4.8;1.9;0;-0.1;0.3;14;6;0;-0.1;3;0;14;;-11.3;;0;562.5;2;143;12;0;67.7;86;34;108;2601;111;0;314.5
LUZ;01.01.1987 00:00;-6;-1.1;-3.5;-4.6;-4.4;-5.1;29;4.3;0;-1.3;18;0;12.6;;-19.9;;0;728.5;1.5;100;12;0;75.7;136;30;74;1315;43;0;480.5
LUZ;01.02.1987 00:00;-1;2.8;0.8;-1.1;0.7;-3;18;6;0;0.4;5;0;9.3;;-7.9;;0;537.7;1.2;75;11;0;85.2;139;43;59;1121;23;0;313.7
LUZ;01.03.1987 00:00;-2.5;5.2;1.3;-4.7;-4;-5.7;21;5.4;0;-1.4;7;0;14.1;;-10.1;;0;579.3;2;111;15;0;77.2;102;107;86;4477;56;0;331.3
LUZ;01.04.1987 00:00;4;15.7;9.5;-0.4;-0.8;0.4;2;8.5;0;0.3;0;0;24.3;;-2.3;;0;262.3;1.7;94;11;0;113.9;118;180;102;10656;110;0;94.3
LUZ;01.05.1987 00:00;6.1;15.1;10.2;-3.9;-3;-4.3;0;9.7;0;-1.6;0;0;22.9;;2;;0;233.2;1.8;106;19;0;169.7;114;173;84;7166;69;0;73.2
LUZ;01.06.1987 00:00;10.5;18.8;14.5;-3.1;-2.3;-4.1;0;13.2;3;-1.1;0;0;30.7;963.3;6.1;-0.5;1;82;1.6;100;17;0;214.2;130;176;77;6566;59;11.6;10
LUZ;01.07.1987 00:00;14.5;23.5;18.5;-1;-0.1;-1.4;0;16.7;12;0.8;0;0;29.5;963.4;6.9;-0.6;0;0;1.5;94;17;0;158;95;191;82;7074;56;40;0
LUZ;01.08.1987 00:00;13.4;22.6;17.6;-1.3;-1;-1.7;0;15.6;10;-0.7;0;0;29.3;963.8;9.3;-0.4;0;8.4;1.4;100;10;0;118.2;70;188;95;9807;82;26.4;0.4
LUZ;01.09.1987 00:00;12.2;22.3;16.7;1.9;1.4;2.7;0;14.9;12;1.4;0;0;29;965.6;4.7;1.1;0;42.2;1.3;93;9;0;130;119;150;106;9215;105;11.9;10.2
LUZ;01.10.1987 00:00;7.8;14.6;11;0.7;0.9;0.3;0;11.1;0;0.4;0;0;23.5;962.2;2;-1.9;0;219.9;1.4;108;10;0;34.8;39;79;94;4687;79;0;43.9
LUZ;01.11.1987 00:00;2.8;8.5;5.6;0.5;0.6;0.3;2;7.8;0;0.1;0;0;14.9;962.9;-0.8;-0.4;0;432.6;1.4;108;14;0;80.3;103;42;92;2189;68;0;192.6
LUZ;01.12.1987 00:00;0.4;4.8;2.5;0.6;1.2;0.3;15;6.6;0;0.5;5;0;12.2;967.1;-4.6;1.8;0;541.9;1.1;79;7;0;47.7;61;26;82;1756;75;0;293.9
LUZ;01.01.1988 00:00;0.1;6.6;3.2;2.1;1.7;2.6;12;6.5;0;0.9;0;0;12.7;960;-4;-5.8;0;519.5;1.5;100;12;0;62.7;112;42;104;3366;111;0;271.5
LUZ;01.02.1988 00:00;-1.4;6.1;2.2;0.3;0.3;0.3;22;5.3;0;-0.3;0;0;12.5;961.5;-5.3;-3.1;0;516.2;1.9;119;12;0;77.1;126;76;104;5286;110;0;284.2
LUZ;01.03.1988 00:00;1.3;7.7;4.4;-1.6;-0.2;-3.2;10;6.4;0;-0.4;0;0;15.9;960.3;-6.3;-2.9;0;484.5;2.3;128;18;0;158.6;210;100;80;4516;56;0;236.5
LUZ;01.04.1988 00:00;5;14.5;9.7;-0.2;0.2;-0.8;1;8.8;0;0.6;0;0;23.1;960.4;-0.2;-0.6;0;277.8;1.4;78;10;0;89.8;93;154;88;6908;71;0;77.8
LUZ;01.05.1988 00:00;10.3;20;14.7;0.6;1.2;0.6;0;12.2;1;0.9;0;0;26.3;959.3;3.9;-3.3;0;36.7;1.6;94;16;0;132.6;89;197;96;9034;87;0.1;4.7
LUZ;01.06.1988 00:00;11.6;21;16.1;-1.5;-1.2;-1.9;0;13.2;2;-1.1;0;0;25.1;961.4;7.3;-2.4;0;32.8;1.6;100;12;0;174.5;106;209;91;8276;74;1.3;8.8
LUZ;01.07.1988 00:00;13.6;24.1;18.6;-0.9;-1;-0.8;0;15.3;12;-0.6;0;0;32.3;963.7;10.3;-0.3;1;0;1.6;100;14;0;130.8;79;236;101;12953;103;32.7;0
LUZ;01.08.1988 00:00;13.6;23.9;18.2;-0.7;-0.8;-0.4;0;16;17;-0.3;0;0;29.1;963;8.8;-1.2;0;8;1.3;93;12;0;132.1;78;189;95;11544;97;44.5;0
LUZ;01.09.1988 00:00;10.3;19;14.5;-0.3;-0.5;-0.6;0;13.1;0;-0.4;0;0;24.7;966.2;6.2;1.7;0;50.9;1.4;100;8;0;62.5;57;136;96;7666;88;2.5;10.9
LUZ;01.10.1988 00:00;7.7;14.4;11;0.7;0.8;0.1;0;11.3;0;0.6;0;0;19.6;964.5;1.4;0.4;0;202.2;1.3;100;11;0;121;137;70;83;4131;69;0;42.2
LUZ;01.11.1988 00:00;0.1;5.6;3;-2.1;-2.1;-2.6;13;6.7;0;-1;3;0;15.6;968;-8.8;4.7;0;508.7;1.2;92;8;0;69.9;90;44;97;2884;90;0;268.7
LUZ;01.12.1988 00:00;0.4;5.4;3.1;1.2;1.2;0.9;13;6.5;0;0.4;1;0;15.4;970.4;-3.5;5.1;0;524.5;1.5;107;11;0;101.6;130;26;82;1356;58;0;276.5
LUZ;01.01.1989 00:00;-1.3;3;0.9;-0.2;0.3;-1;22;5.7;0;0.1;7;0;8.6;977.4;-4.1;11.6;0;591.8;1.1;73;4;0;12.1;22;36;89;2576;85;0;343.8
LUZ;01.02.1989 00:00;0.3;6.6;3.1;1.2;2;0.8;14;6.4;0;0.8;0;0;12.4;966.7;-3.5;2.1;0;473.2;1.4;88;10;0;41.6;68;68;93;4240;88;0;249.2
LUZ;01.03.1989 00:00;3.2;13.8;8.3;2.3;1.7;2.9;4;7.5;0;0.7;0;0;23.2;963.4;-1.1;0.2;0;340.4;1.7;94;10;0;56.4;75;129;104;10509;131;0;124.4
LUZ;01.04.1989 00:00;5.1;12.2;8.1;-1.8;0.3;-3.1;0;8.2;0;0;0;0;18.7;955.2;1.7;-5.8;0;348.6;1.9;106;17;0;143.6;149;118;67;4759;49;0;116.6
LUZ;01.05.1989 00:00;8.7;20.7;14.8;0.7;-0.4;1.3;0;10.8;5;-0.5;0;0;26.8;965.2;2.9;2.6;0;66.2;1.9;112;10;0;57.9;39;230;112;14313;138;2;10.2
LUZ;01.06.1989 00:00;10.5;21.2;15.7;-1.9;-2.3;-1.7;0;11.9;7;-2.4;0;0;28.5;963.7;5.2;-0.1;0;57.2;1.8;113;16;0;93.3;57;243;106;11712;104;8.5;9.2
LUZ;01.07.1989 00:00;14.4;24.4;19;-0.5;-0.2;-0.5;0;16;12;0.1;0;0;29.7;966;10.2;2;0;0;1.6;100;15;0;219.2;132;215;92;10133;81;38.3;0
LUZ;01.08.1989 00:00;13.2;23.4;17.8;-1.1;-1.2;-0.9;0;15.7;12;-0.6;0;0;30.5;963.2;6.9;-1;1;16.7;1.4;100;13;0;199.4;117;208;105;12766;107;28.8;0.7
LUZ;01.09.1989 00:00;10.5;18.7;14.2;-0.6;-0.3;-0.9;0;13.6;2;0.1;0;0;25.7;965.6;5.7;1.1;0;40.4;1.3;93;9;0;105.6;97;118;83;6066;69;0.2;8.4
LUZ;01.10.1989 00:00;5.3;15.6;9.9;-0.4;-1.6;1.3;0;10.2;0;-0.5;0;0;19.8;967.5;1.8;3.4;0;291.8;1.1;85;10;0;91.4;104;104;124;9827;165;0;67.8
LUZ;01.11.1989 00:00;0.8;5.6;3.2;-1.9;-1.4;-2.6;11;6.9;0;-0.8;1;0;17;963.5;-4.9;0.2;0;495.2;1.2;92;6;0;41.8;54;45;99;2628;82;0;263.2
LUZ;01.12.1989 00:00;-0.6;4.9;2.2;0.3;0.2;0.4;20;6;0;-0.1;11;0;15.2;962.3;-4.4;-3;0;553;1.5;107;7;0;33.9;43;29;92;1919;82;0;305
LUZ;01.01.1990 00:00;-2.5;3.6;0.3;-0.8;-0.9;-0.4;29;5.4;0;-0.2;9;0;16.2;970.1;-5.7;4.3;0;610.9;1.3;87;6;0;23.4;42;45;111;3443;113;0;362.9
LUZ;01.02.1990 00:00;1;12.1;6.1;4.2;2.7;6.3;9;6.8;0;1.2;0;0;17.6;964;-4.2;-0.6;0;388.6;2.7;169;13;0;84.3;138;88;120;7976;166;0;164.6
LUZ;01.03.1990 00:00;2.3;12.4;7;1;0.8;1.5;7;7.3;0;0.5;0;0;21.7;973.3;-4.3;10.1;0;397.4;1.6;89;11;0;93.1;123;122;98;8761;110;0;157.4
LUZ;01.04.1990 00:00;3.3;11.8;7.5;-2.4;-1.5;-3.5;1;7.6;0;-0.6;0;0;20;960.2;-0.4;-0.8;0;369.1;1.8;100;16;0;76.4;79;139;79;5962;62;0;137.1
LUZ;01.05.1990 00:00;9.5;20.8;14.8;0.7;0.4;1.4;0;11.7;0;0.4;0;0;24.8;964.7;4.8;2.1;0;0;1.7;100;14;0;185.7;125;217;106;12239;118;0;0
LUZ;01.06.1990 00:00;11.3;20.5;15.5;-2.1;-1.5;-2.4;0;13.7;8;-0.6;0;0;30.3;962.2;7.6;-1.6;1;27.9;1.6;100;16;0;193.3;118;193;84;8249;74;12.2;3.9
LUZ;01.07.1990 00:00;13.3;24.6;18.8;-0.7;-1.3;-0.3;0;14.2;18;-1.7;0;0;33;965.7;7.1;1.7;3;0;1.7;106;7;0;97;59;247;106;14303;114;49.8;0
LUZ;01.08.1990 00:00;13.6;25;19;0.1;-0.8;0.7;0;15;16;-1.3;0;0;31.9;966.4;9.1;2.2;3;0;1.6;114;9;0;77.2;45;216;109;14218;119;45.2;0
LUZ;01.09.1990 00:00;9.6;19;14.1;-0.7;-1.2;-0.6;0;12.1;0;-1.4;0;0;23.2;964.9;4.4;0.4;0;34.5;1.5;107;10;0;123.1;113;153;108;7988;91;0;2.5
LUZ;01.10.1990 00:00;7.6;15.8;11.4;1.1;0.7;1.5;0;11.4;0;0.7;0;0;23.2;960.7;2.6;-3.4;0;194.5;1.4;108;10;0;136.8;155;95;113;6398;107;0;50.5
LUZ;01.11.1990 00:00;2.2;7.5;4.8;-0.3;0;-0.7;8;7.3;0;-0.4;0;0;15.7;961.2;-2.6;-2.1;0;455.4;1.5;115;16;0;158.3;203;46;101;2963;92;0;215.4
LUZ;01.12.1990 00:00;-2.4;2.2;0.1;-1.8;-1.6;-2.3;24;5.2;0;-0.9;7;0;10.4;963.9;-10.1;-1.4;0;616.4;1.3;93;12;0;45.4;58;36;114;2583;110;0;368.4
LUZ;01.01.1991 00:00;-1.2;3.5;1;-0.1;0.4;-0.5;21;5.6;0;0;9;0;12.1;970.2;-4.9;4.4;0;589.7;1.4;93;10;0;54.8;98;29;72;1649;54;0;341.7
LUZ;01.02.1991 00:00;-4.7;3.2;-1;-2.9;-3;-2.6;27;4.8;0;-0.8;11;0;15;962.9;-10.8;-1.7;0;588.4;1.3;81;6;0;25.2;41;80;109;4774;100;0;364.4
LUZ;01.03.1991 00:00;3.6;11.5;7.4;1.4;2.1;0.6;4;7.8;0;1;0;0;19.1;959.9;-2.3;-3.3;0;372.7;1.6;89;8;0;64.1;85;90;72;3759;47;0;148.7
LUZ;01.04.1991 00:00;2.5;13.1;7.7;-2.2;-2.3;-2.2;8;7;0;-1.2;0;0;19;961.8;-2.6;0.8;0;362.2;1.8;100;13;0;77.7;81;181;103;7764;80;0;130.2
LUZ;01.05.1991 00:00;5.5;15.2;10.1;-4;-3.6;-4.2;0;8.4;0;-2.9;0;0;24.5;964.6;1.4;2;0;259.6;1.7;100;13;0;162.2;109;193;94;6760;65;0;83.6
LUZ;01.06.1991 00:00;10.7;20.4;15.2;-2.4;-2.1;-2.5;0;12.8;7;-1.5;0;0;28.4;962.6;6.4;-1.2;0;46.2;1.6;100;21;0;209.6;127;190;83;7283;65;11.5;6.2
LUZ;01.07.1991 00:00;15.3;25.8;20.1;0.6;0.7;0.9;0;16.9;21;1;0;0;31.8;963.8;10.3;-0.2;3;0;1.6;100;12;0;147.4;89;266;114;13474;108;69.1;0
LUZ;01.08.1991 00:00;14.6;25.8;19.7;0.8;0.2;1.5;0;16;21;-0.3;0;0;32.2;966.1;9.8;1.9;1;0;1.3;93;4;0;32.3;19;250;126;15292;128;52.2;0
LUZ;01.09.1991 00:00;12.2;22;16.6;1.8;1.4;2.4;0;14.2;8;0.7;0;0;27.6;963.8;6.8;-0.7;0;17.5;1.3;93;8;0;77.7;71;167;118;10238;117;6;1.5
LUZ;01.10.1991 00:00;5.2;12.5;8.6;-1.7;-1.7;-1.8;2;9.7;0;-1;0;0;19.2;963.6;-2.6;-0.5;0;324;1.3;100;9;0;45.6;52;95;113;5909;99;0;108
LUZ;01.11.1991 00:00;0.9;6.9;3.9;-1.2;-1.3;-1.3;9;7;0;-0.7;0;0;15.8;962.3;-2.9;-1;0;482.8;1.3;100;11;0;114.4;147;44;97;2687;84;0;242.8
LUZ;01.12.1991 00:00;-2.1;2.8;0.2;-1.7;-1.3;-1.7;25;5.2;0;-0.9;7;0;13.1;974.3;-6.5;9;0;613.1;1.7;121;6;0;52.8;67;30;95;1842;79;0;365.1
LUZ;01.01.1992 00:00;-3.6;1.5;-1.1;-2.2;-2;-2.5;27;4.8;0;-0.8;10;0;8.8;974.7;-10;8.9;0;655.3;1.2;80;4;0;18.1;32;41;101;2636;87;0;407.3
LUZ;01.02.1992 00:00;-2;5.4;1.4;-0.5;-0.3;-0.4;23;5.7;0;0.1;4;0;12.3;971.8;-7.6;7.2;0;538.1;1.4;88;10;0;68.9;112;68;93;4591;96;0;306.1
LUZ;01.03.1992 00:00;1.9;11.1;6.2;0.2;0.4;0.2;6;7;0;0.2;0;0;18.3;963.1;-1.4;-0.1;0;427.8;2.1;117;14;0;104.2;138;108;87;5852;73;0;179.8
LUZ;01.04.1992 00:00;4;13.4;8.5;-1.4;-0.8;-1.9;2;7.9;0;-0.3;0;0;24.5;960;-0.4;-1;0;319.2;1.8;100;16;0;84.2;87;151;86;7426;77;0;119.2
LUZ;01.05.1992 00:00;9.5;21.1;15.2;1.1;0.4;1.7;0;11.1;6;-0.2;0;0;28.2;964.4;2.2;1.8;0;50.7;1.9;112;6;0;63.5;43;231;113;12369;119;4.7;10.7
LUZ;01.06.1992 00:00;11.8;21.2;16.2;-1.4;-1;-1.7;0;13.6;6;-0.7;0;0;27.9;960.3;7.2;-3.5;0;8.6;1.6;100;14;0;164.7;100;193;84;7160;64;9.1;0.6
LUZ;01.07.1992 00:00;14.9;24.6;19.2;-0.3;0.3;-0.3;0;16.7;16;0.8;0;0;31.8;964.8;12.3;0.8;4;0;1.3;81;11;0;145.6;88;217;93;9395;75;53.6;0
LUZ;01.08.1992 00:00;15.3;26.6;20.4;1.5;0.9;2.3;0;17.3;20;1;0;0;31.7;963.4;10.9;-0.8;6;0;1.3;93;12;0;173.9;102;217;109;13519;114;76.8;0
LUZ;01.09.1992 00:00;10.7;19.1;14.5;-0.3;-0.1;-0.5;0;13.5;1;0;0;0;26.2;966.6;4.5;2.1;0;28.7;1.3;93;8;0;80.2;73;132;93;8089;92;0;4.7
LUZ;01.10.1992 00:00;5.6;11.3;8.5;-1.8;-1.3;-3;2;9.4;0;-1.3;0;0;18.4;956.3;-2.2;-7.8;0;336.8;1.4;108;15;0;165.1;187;56;67;2640;44;0;112.8
LUZ;01.11.1992 00:00;3.4;9.7;6.6;1.5;1.2;1.5;1;8.5;0;0.8;0;0;18.7;965.4;-2.2;2.1;0;401.3;1.4;108;17;0;151.1;194;34;75;1654;52;0;161.3
LUZ;01.12.1992 00:00;-0.7;3.6;1.4;-0.5;0.1;-0.9;19;6;0;-0.1;4;0;14.4;965.6;-4.3;0.3;0;578.1;1.1;79;7;0;89.5;114;22;70;1171;50;0;330.1
LUZ;01.01.1993 00:00;-0.8;6.8;2.7;1.6;0.8;2.8;17;6.4;0;0.8;4;0;19.4;972.7;-9.4;6.9;0;535.4;1.5;100;7;0;39.9;72;47;116;4316;142;0;287.4
LUZ;01.02.1993 00:00;-2.4;3.1;0.1;-1.8;-0.7;-2.7;22;5;0;-0.6;3;0;9.3;972.8;-10.2;8.2;0;557.8;1.5;94;4;0;12.4;20;65;89;2383;50;0;333.8
LUZ;01.03.1993 00:00;-0.4;9.5;4.3;-1.7;-1.9;-1.4;19;6.1;0;-0.7;0;0;20.8;967;-6.9;3.8;0;487.2;1.5;83;8;0;59.3;79;130;105;8700;109;0;239.2
LUZ;01.04.1993 00:00;5.6;16;10.5;0.6;0.8;0.7;1;8.3;1;0.1;0;0;25.1;958.5;-0.9;-2.5;0;225.2;2.1;117;15;0;91.1;94;170;97;8779;91;0;81.2
LUZ;01.05.1993 00:00;10.4;20.7;14.9;0.8;1.3;1.3;0;11.9;3;0.6;0;0;29;960.7;4.9;-1.9;0;29.4;1.7;100;12;0;103.7;70;211;103;10644;103;5.6;5.4
LUZ;01.06.1993 00:00;12.9;22.5;17.4;-0.2;0.1;-0.4;0;14.3;6;0;0;0;29.5;963.7;8.7;-0.1;0;0;1.7;106;11;0;187.2;114;212;93;9492;85;21.2;0
LUZ;01.07.1993 00:00;12.9;22.7;17.4;-2.1;-1.7;-2.2;0;15;10;-0.9;0;0;31.5;965.3;8;1.3;1;26.6;1.6;100;17;0;319.7;193;201;86;9611;77;29.3;2.6
LUZ;01.08.1993 00:00;13.8;23.4;18.2;-0.7;-0.6;-0.9;0;15.9;14;-0.4;0;0;30.3;965.6;6.9;1.4;1;0;1.4;100;13;0;151.3;89;189;95;11253;95;39.6;0
LUZ;01.09.1993 00:00;10.1;18.3;13.7;-1.1;-0.7;-1.3;0;12.7;1;-0.8;0;0;28.2;960.2;4.7;-4.3;0;75.3;1.5;107;14;0;139.8;128;129;91;7310;84;0.6;11.3
LUZ;01.10.1993 00:00;6.3;11.6;8.8;-1.5;-0.6;-2.7;0;9.7;0;-1;0;0;18.9;960.8;0.8;-3.3;0;310.3;1.4;108;11;0;102.7;116;56;67;2780;47;0;102.3
LUZ;01.11.1993 00:00;0.7;4.5;2.4;-2.7;-1.5;-3.7;13;6.4;0;-1.3;9;0;16;965.3;-6.4;2;0;528.3;1.5;115;7;0;58.9;76;32;70;1255;39;0;288.3
LUZ;01.12.1993 00:00;0.4;7.8;4.1;2.2;1.2;3.3;11;6.4;0;0.3;1;0;18.5;960.4;-8.8;-4.9;0;487.1;2.5;179;17;0;115;147;36;114;2496;107;0;247.1
LUZ;01.01.1994 00:00;-0.4;6;2.9;1.8;1.2;2;15;6.2;0;0.6;3;0;15.7;963;-7.5;-2.8;0;531.4;1.9;127;14;0;93.8;168;42;104;3444;113;0;283.4
LUZ;01.02.1994 00:00;-0.7;6.3;2.6;0.7;1;0.5;16;5.9;0;0.3;2;0;14.3;960.4;-5;-4.2;0;488.1;1.5;94;6;0;34.9;57;61;83;2612;54;0;264.1
LUZ;01.03.1994 00:00;5.1;14.4;9.5;3.5;3.6;3.5;1;8.3;0;1.5;0;0;22.6;966.9;-1.2;3.7;0;301;2.3;128;9;0;62;82;119;96;7306;91;0;85
LUZ;01.04.1994 00:00;3.7;12.1;7.7;-2.2;-1.1;-3.2;3;7.9;0;-0.3;0;0;24.7;958.8;-1.5;-2.2;0;340.4;1.9;106;14;0;113.7;118;134;76;6493;67;0;140.4
LUZ;01.05.1994 00:00;10.1;18.4;13.7;-0.4;1;-1;0;12.2;0;0.9;0;0;24.2;960.2;5.7;-2.4;0;48;1.4;82;18;0;218.9;147;158;77;6029;58;0;8
LUZ;01.06.1994 00:00;12.2;23;17.3;-0.3;-0.6;0.1;0;14;14;-0.3;0;0;30.2;966;4.9;2.2;1;48.5;1.9;119;9;0;155.7;95;227;99;11214;100;37.8;8.5
LUZ;01.07.1994 00:00;16.4;27.2;21.3;1.8;1.8;2.3;0;17.8;24;1.9;0;0;33.5;964.4;12.6;0.4;7;0;1.5;94;12;0;102;62;237;102;13961;111;96.9;0
LUZ;01.08.1994 00:00;15;25.1;19.6;0.7;0.6;0.8;0;17.2;14;0.9;0;0;32.4;963.2;11.6;-1;3;0;1.6;114;13;0;174.1;102;200;101;11668;98;51.8;0
LUZ;01.09.1994 00:00;10.9;18.4;14.4;-0.4;0.1;-1.2;0;13.6;0;0.1;0;0;24.3;962.3;4.7;-2.2;0;62.7;1.4;100;12;0;132.3;121;112;79;4841;55;1.3;14.7
LUZ;01.10.1994 00:00;5.8;13.8;9.3;-1;-1.1;-0.5;0;10.2;0;-0.5;0;0;20.7;963.7;1;-0.4;0;310.6;1.2;92;7;0;80.8;92;83;99;5898;99;0;94.6
LUZ;01.11.1994 00:00;5.9;10.7;8.3;3.2;3.7;2.5;0;9.5;0;1.8;0;0;17.6;967.2;1.9;3.9;0;351.7;1.2;92;7;0;41.3;53;38;84;1824;57;0;111.7
LUZ;01.12.1994 00:00;0.8;6.1;3.6;1.7;1.6;1.6;10;7;0;0.9;2;0;12.5;968.5;-3.1;3.2;0;509.2;1.3;93;12;0;114.4;146;29;92;2035;87;0;261.2
LUZ;01.01.1995 00:00;-3.2;3.9;0.5;-0.6;-1.6;-0.1;23;5.2;0;-0.4;10;0;15.1;964.8;-11;-1;0;604.2;2.2;147;14;0;79.4;142;44;109;3173;104;0;356.2
LUZ;01.02.1995 00:00;1;9.2;5;3.1;2.7;3.4;10;7;0;1.4;0;0;14.7;963.5;-3.2;-1.1;0;420.7;1.5;94;15;0;119;194;70;96;5079;106;0;196.7
LUZ;01.03.1995 00:00;-1.1;8.9;3.8;-2.2;-2.6;-2;23;5.6;0;-1.2;0;0;18;962.3;-7.4;-0.9;0;503.4;2.1;117;15;0;122.6;163;129;104;8557;107;0;255.4
LUZ;01.04.1995 00:00;5.1;14.4;9.4;-0.5;0.3;-0.9;0;8.5;0;0.3;0;0;22.2;962.5;0.1;1.5;0;261.1;1.8;100;9;0;105.5;109;152;86;7299;75;0;85.1
LUZ;01.05.1995 00:00;8.3;18.7;13.4;-0.7;-0.8;-0.7;0;10.6;4;-0.7;0;0;26;962.3;0.6;-0.3;0;106.9;1.6;94;14;0;153.6;103;192;94;9650;93;0.5;26.9
LUZ;01.06.1995 00:00;10.6;19.7;14.9;-2.7;-2.2;-3.2;0;12.8;7;-1.5;0;0;29.1;963.5;6.3;-0.3;0;88.4;1.5;94;17;0;173.9;106;197;86;7675;68;15.7;8.4
LUZ;01.07.1995 00:00;16.2;26.7;20.9;1.4;1.6;1.8;0;17.4;22;1.5;0;1;33.3;963.3;13.3;-0.7;6;0;1.6;100;8;0;112.7;68;245;105;12864;103;84.6;0
LUZ;01.08.1995 00:00;14.2;23;18.1;-0.8;-0.2;-1.3;0;15.7;9;-0.6;0;0;30.3;963.9;6.9;-0.3;1;37;1.4;100;17;0;180.3;106;178;89;8172;69;29.8;5
LUZ;01.09.1995 00:00;8.9;17.2;12.6;-2.2;-1.9;-2.4;0;11.8;0;-1.7;0;0;22.3;961.4;2.6;-3.1;0;111.8;1.3;93;15;0;144;132;133;94;6298;72;0;15.8
LUZ;01.10.1995 00:00;8.7;17.5;13;2.7;1.8;3.2;0;12.6;0;1.9;0;0;22;969.2;2.9;5.1;0;84.1;1;77;1;0;1.6;2;105;125;8198;137;0;20.1
LUZ;01.11.1995 00:00;0.7;7.4;4.2;-0.9;-1.5;-0.8;13;7.1;0;-0.6;0;0;14.5;964.8;-4.2;1.5;0;472.9;1.2;92;9;0;92.9;119;52;114;4010;125;0;232.9
LUZ;01.12.1995 00:00;-1.9;2.4;0.5;-1.4;-1.1;-2.1;24;5.7;0;-0.4;11;0;13.9;961.2;-6.7;-4.1;0;604.6;1.1;79;14;0;206.2;263;24;76;1069;46;0;356.6
LUZ;01.01.1996 00:00;-1.2;1.7;0.2;-0.9;0.4;-2.3;24;5.6;0;0;8;0;7.2;960;-4.8;-5.8;0;614.8;1.1;73;1;0;7.6;14;27;67;1047;34;0;366.8
LUZ;01.02.1996 00:00;-3.7;2.7;-0.5;-2.4;-2;-3.1;25;4.8;0;-0.8;5;0;10;959.2;-10.7;-5.4;0;593.9;1.6;100;13;0;69.2;113;67;92;3595;75;0;361.9
LUZ;01.03.1996 00:00;-0.9;8.1;3.5;-2.5;-2.4;-2.8;18;5.9;0;-0.9;1;0;20.1;961.2;-6.7;-2;0;511.3;1.6;89;7;0;76.3;101;126;101;7693;96;0;263.3
LUZ;01.04.1996 00:00;4.6;14.6;9.6;-0.3;-0.2;-0.7;6;8.1;0;-0.1;0;0;24.6;962;-1.2;1;0;256.3;1.8;100;9;0;70.7;73;161;92;8142;84;0;96.3
LUZ;01.05.1996 00:00;8.2;17.5;12.7;-1.4;-0.9;-1.9;0;11.2;3;-0.1;0;0;28.5;960;3.8;-2.6;0;135.2;1.8;106;17;0;202.3;136;177;86;7941;77;3;31.2
LUZ;01.06.1996 00:00;12.5;22.6;17.5;-0.1;-0.3;-0.3;0;13.7;13;-0.6;0;0;30.3;966.6;8;2.8;1;20.1;1.8;113;10;0;86.2;52;236;103;11854;106;30.9;4.1
LUZ;01.07.1996 00:00;12.4;22.9;17.7;-1.8;-2.2;-2;0;14.1;11;-1.8;0;0;28.6;965.2;7.7;1.2;0;8.7;1.8;113;13;0;147.1;89;236;101;12739;102;24.3;0.7
LUZ;01.08.1996 00:00;13.3;22;17.2;-1.7;-1.1;-2.3;0;15.7;8;-0.6;0;0;28.4;963.6;7.5;-0.6;0;0;1.4;100;16;0;221.4;130;185;93;8547;72;12.6;0
LUZ;01.09.1996 00:00;7.6;15.6;11.4;-3.4;-3.2;-4;0;10.7;0;-2.8;0;0;21;962.2;4.5;-2.3;0;186.7;1.5;107;10;0;66.3;61;128;90;6333;72;0;26.7
LUZ;01.10.1996 00:00;6.5;13;9.5;-0.8;-0.4;-1.3;0;10.3;0;-0.4;0;0;21.8;965.3;0.6;1.2;0;310;1.3;100;14;0;135.5;154;73;87;4287;72;0;78
LUZ;01.11.1996 00:00;1.7;8.9;4.9;-0.2;-0.5;0.7;9;7.1;0;-0.6;0;0;19.2;959.6;-6.4;-3.7;0;453.5;1.6;123;14;0;130;167;52;114;4294;134;0;213.5
LUZ;01.12.1996 00:00;-1.8;2.1;0.2;-1.7;-1;-2.4;18;5.7;0;-0.4;7;0;10;959.2;-10.5;-6.1;0;615.1;1.4;100;8;0;51.8;66;26;82;1702;73;0;367.1
LUZ;01.01.1997 00:00;-2.3;0.3;-1;-2.1;-0.7;-3.7;24;5.2;0;-0.4;15;0;5.8;967.1;-9.6;1.3;0;650.1;1.2;80;4;0;27.2;49;25;62;188;6;0;402.1
LUZ;01.02.1997 00:00;-0.7;9.3;3.9;2;1;3.5;19;6;0;0.4;2;0;18.4;970.1;-4.2;5.5;0;449.8;2.1;131;8;0;74.5;122;83;114;6300;131;0;225.8
LUZ;01.03.1997 00:00;2.2;12.9;7.4;1.4;0.7;2;4;7.5;0;0.7;0;0;19.7;970.5;-1.6;7.3;0;391.1;1.6;89;10;0;44.5;59;136;109;9086;114;0;143.1
LUZ;01.04.1997 00:00;2.4;14.1;8.2;-1.7;-2.4;-1.2;7;6.6;0;-1.6;0;0;21.3;965.2;-2.3;4.2;0;316.1;2.1;117;12;0;100.7;104;206;117;13477;139;0;116.1
LUZ;01.05.1997 00:00;8.1;19.7;13.8;-0.3;-1;0.3;0;10.4;3;-0.9;0;0;27.1;962.3;3;-0.3;0;65.8;2;118;7;0;63.1;42;234;114;12550;121;2.8;17.8
LUZ;01.06.1997 00:00;12.1;20.6;16;-1.6;-0.7;-2.3;0;14;4;-0.3;0;0;29.4;958.8;8.2;-5;0;17.7;1.6;100;22;0;278.8;169;200;88;6814;61;10.6;1.7
LUZ;01.07.1997 00:00;12.8;22.6;17.3;-2.2;-1.8;-2.3;0;15;11;-0.9;0;0;27.5;965.1;10.3;1.1;0;0;1.8;113;15;0;282.7;171;213;92;10847;87;13.3;0
LUZ;01.08.1997 00:00;14.7;25.6;19.6;0.7;0.3;1.3;0;17.1;22;0.8;0;0;30;964.5;9.9;0.3;1;0;1.4;100;10;0;116;68;213;107;13653;115;58.3;0
LUZ;01.09.1997 00:00;11.4;20.6;15.4;0.6;0.6;1;0;14.4;4;0.9;0;0;27.4;968.1;6.6;3.6;0;32.2;1.4;100;4;0;72.3;66;149;105;10171;116;8.4;0.2
LUZ;01.10.1997 00:00;5.9;13.4;9.3;-1;-1;-0.9;4;10.1;0;-0.6;0;0;24.4;964.2;-4.5;0.1;0;282.5;1.4;108;8;0;60.1;68;83;99;5773;97;0;114.5
LUZ;01.11.1997 00:00;1.4;7.7;4.6;-0.5;-0.8;-0.5;6;7.5;0;-0.2;0;0;16.8;957.1;-3;-6.2;0;461.6;0.9;69;6;0;26.7;34;47;103;3399;106;0;221.6
LUZ;01.12.1997 00:00;0;5.1;2.7;0.8;0.8;0.6;16;6.4;0;0.3;1;0;11.7;960.8;-5;-4.5;0;535.6;1.3;93;11;0;100.2;128;28;89;1457;62;0;287.6
LUZ;01.01.1998 00:00;-1.4;5;1.7;0.6;0.2;1;23;5.6;0;0;10;0;12.4;965.3;-5.2;-0.5;0;568.2;1.5;100;9;0;57.3;103;41;101;3966;130;0;320.2
LUZ;01.02.1998 00:00;-1.7;8.2;3;1.1;0;2.4;20;6;0;0.4;3;0;16;972.4;-5.9;7.8;0;477.2;1.1;69;3;0;33.9;55;86;118;7388;154;0;253.2
LUZ;01.03.1998 00:00;0.6;10.3;5.4;-0.6;-0.9;-0.6;14;6.4;0;-0.4;0;0;20.6;969;-5.2;5.8;0;429.1;1.8;100;14;0;86.8;115;110;88;6512;81;0;205.1
LUZ;01.04.1998 00:00;4.6;14.1;9.1;-0.8;-0.2;-1.2;1;8.3;0;0.1;0;0;21.3;953.8;-0.7;-7.2;0;272.6;2;111;17;0;67.2;70;161;92;6863;71;0;96.6
LUZ;01.05.1998 00:00;9.4;20.7;15.2;1.1;0.3;1.3;0;10.5;6;-0.8;0;0;28.6;962;2.9;-0.6;0;47;1.9;112;9;0;61.3;41;241;117;13827;133;9.2;7
LUZ;01.06.1998 00:00;12.7;23.2;17.7;0.1;-0.1;0.3;0;13.8;12;-0.5;0;0;31.5;964.5;6.1;0.7;3;28.4;1.7;106;12;0;151.4;92;240;105;11478;102;37.4;4.4
LUZ;01.07.1998 00:00;14.5;24.2;19.1;-0.4;-0.1;-0.7;0;15.5;14;-0.4;0;0;33.6;962.5;9.7;-1.5;3;0;1.5;94;10;0;156.5;95;219;94;10356;83;49.7;0
LUZ;01.08.1998 00:00;14.1;24.3;18.9;0;-0.3;0;0;15.2;14;-1.1;0;0;33.9;965.4;6.9;1.2;6;0;1.4;100;8;0;77.2;45;196;99;12222;103;57.3;0
LUZ;01.09.1998 00:00;10.8;18.3;14.1;-0.7;0;-1.3;0;13;3;-0.5;0;0;25.6;960.5;6.7;-4;0;72.8;1.6;114;16;0;173.4;159;122;86;5093;58;2.2;8.8
LUZ;01.10.1998 00:00;6.9;14.3;10.4;0.1;0;0;0;10.1;0;-0.6;0;0;20.8;963.1;1.6;-1;0;269.3;1.7;131;17;0;108.5;123;75;89;4351;73;0;61.3
LUZ;01.11.1998 00:00;-0.6;5.4;2.5;-2.6;-2.8;-2.8;16;6.2;0;-1.5;4;0;14.6;965.1;-7.8;1.8;0;523.7;1.6;123;12;0;103.7;133;50;110;3734;116;0;283.7
LUZ;01.12.1998 00:00;-2.5;3.5;0.5;-1.4;-1.7;-1;27;5.4;0;-0.7;6;0;12.7;968.8;-8.1;3.5;0;605.7;1.4;100;5;0;29.2;37;39;123;3629;155;0;357.7
LUZ;01.01.1999 00:00;-2;5.4;1.4;0.3;-0.4;1.4;24;5.6;0;0;3;0;12.6;964.4;-8.5;-1.4;0;577.3;1.6;107;8;0;56.5;101;50;124;5199;171;0;329.3
LUZ;01.02.1999 00:00;-4;2.6;-0.5;-2.4;-2.3;-3.2;22;5;0;-0.6;7;0;10.4;964.1;-13.4;-0.5;0;573.8;2.1;131;12;0;132.3;216;61;83;2421;50;0;349.8
LUZ;01.03.1999 00:00;1.7;10.8;6.1;0.1;0.2;-0.1;5;7;0;0.2;0;0;17.9;959.8;-2.9;-3.4;0;431.8;1.6;89;9;0;43.1;57;115;92;6900;86;0;183.8
LUZ;01.04.1999 00:00;4.8;14;9;-0.9;0;-1.3;0;8.7;0;0.5;0;0;21;961.6;0.1;0.6;0;287.6;1.6;89;20;0;177.4;184;150;85;6875;71;0;95.6
LUZ;01.05.1999 00:00;11;20;15.3;1.2;1.9;0.6;0;13.4;4;2.1;0;0;29.9;962.7;8;0.1;0;33.7;1.5;88;16;0;287.1;193;184;90;8950;86;10.2;1.7
LUZ;01.06.1999 00:00;11.3;20.8;15.9;-1.7;-1.5;-2.1;0;13.3;4;-1;0;0;28.7;965.4;5.6;1.6;0;17.6;1.7;106;15;0;206.1;125;209;91;8964;80;4.6;1.6
LUZ;01.07.1999 00:00;14.5;24.6;19.3;-0.2;-0.1;-0.3;0;16.1;15;0.2;0;0;31.5;963.6;11.4;-0.4;2;0;1.7;106;12;0;93;56;225;97;11518;92;47.4;0
LUZ;01.08.1999 00:00;14.4;23;18.3;-0.6;0;-1.3;0;16.7;10;0.4;0;0;29.7;962.1;10.6;-2.1;0;0;1.4;100;19;0;171.3;101;172;86;8091;68;30.7;0
LUZ;01.09.1999 00:00;12.4;21.8;16.8;2;1.6;2.2;0;15.1;7;1.6;0;0;27.3;961.2;8.8;-3.3;0;0;1.4;100;12;0;124.2;114;151;107;10380;119;6.1;0
LUZ;01.10.1999 00:00;6.3;13.6;9.9;-0.4;-0.6;-0.7;0;10.4;0;-0.3;0;0;19.6;964.7;2.6;0.6;0;289.8;1.2;92;5;0;43;49;80;95;5380;90;0;73.8
LUZ;01.11.1999 00:00;0.4;4.6;2.4;-2.7;-1.8;-3.6;15;6.7;0;-1;3;0;14.8;967.7;-4.6;4.4;0;526.6;1.1;85;12;0;119.1;153;37;81;1814;57;0;286.6
LUZ;01.12.1999 00:00;-1.7;5.1;1.5;-0.4;-0.9;0.6;22;5.8;0;-0.3;5;0;15.5;962.1;-7.7;-3.2;0;572.4;1.7;121;15;0;156.2;199;37;117;2878;123;0;324.4
LUZ;01.01.2000 00:00;-2.3;2.6;0.1;-1;-0.7;-1.4;22;5.3;0;-0.3;7;0;11.7;971.6;-9.3;5.8;0;615.4;1.5;100;6;0;22;39;37;92;2492;82;0;367.4
LUZ;01.02.2000 00:00;0.3;8.2;3.9;2;2;2.4;14;6.5;0;0.9;0;0;15.7;969.9;-3.7;5.3;0;467.3;1.6;100;16;0;93.4;152;70;96;5238;109;0;235.3
LUZ;01.03.2000 00:00;2.1;10.7;6.3;0.3;0.6;-0.2;7;7;0;0.2;0;0;19.6;966.8;-2.9;3.6;0;423.9;1.7;94;15;0;83;110;110;88;7261;91;0;175.9
LUZ;01.04.2000 00:00;4.7;15.7;10.4;0.5;-0.1;0.4;3;8.2;1;0;0;0;25.4;955.5;-0.7;-5.5;0;244.3;2.1;117;9;0;49.3;51;178;101;9925;102;0;76.3
LUZ;01.05.2000 00:00;9.9;21;15.4;1.3;0.8;1.6;0;12.1;5;0.8;0;0;27.7;963;5.6;0.4;0;25.3;1.6;94;10;0;101.8;68;194;94;9178;89;7.1;1.3
LUZ;01.06.2000 00:00;13;23.9;18.4;0.8;0.2;1;0;14;14;-0.3;0;0;30.6;966.9;8.2;3.1;1;8.1;1.5;94;8;0;128.4;78;249;109;13447;120;39.1;0.1
LUZ;01.07.2000 00:00;12.1;21.1;16.5;-3;-2.5;-3.8;0;14.3;6;-1.6;0;0;29.3;961.8;6.1;-2.2;0;27.4;1.6;100;21;0;272.6;165;202;87;9348;75;13.9;3.4
LUZ;01.08.2000 00:00;14.2;24.8;19.2;0.3;-0.2;0.5;0;16.6;17;0.3;0;0;31.2;965.5;11.2;1.3;1;0;1.4;100;13;0;204.5;120;208;105;13777;116;50.5;0
LUZ;01.09.2000 00:00;10.8;20.8;15.3;0.5;0;1.2;0;13.8;2;0.3;0;0;25.6;962.8;5.8;-1.7;0;33;1.5;107;12;0;129.8;119;165;117;11460;131;1;1
LUZ;01.10.2000 00:00;7.4;13.2;10.3;0;0.5;-1.1;0;11.1;0;0.4;0;0;17.2;962.9;1.8;-1.2;0;264.7;1.1;85;13;0;89.1;101;62;74;3050;51;0;56.7
LUZ;01.11.2000 00:00;2.2;9;5.5;0.4;0;0.8;3;7.7;0;0;0;0;14.5;957.1;-2.8;-6.2;0;434.6;1.2;92;10;0;80.2;103;52;114;3968;124;0;194.6
LUZ;01.12.2000 00:00;0.8;6.3;3.6;1.7;1.6;1.8;11;6.8;0;0.7;0;0;14.6;960.3;-5.3;-5;0;507.6;1.2;86;6;0;25.9;33;34;108;2303;98;0;259.6
LUZ;01.01.2001 00:00;-1.2;4.4;1.7;0.6;0.4;0.4;21;6;0;0.4;2;0;9.1;960.7;-5.4;-5.1;0;568.1;1.2;80;13;0;97.7;175;41;101;3508;115;0;320.1
LUZ;01.02.2001 00:00;-0.9;7.6;3.5;1.6;0.8;1.8;17;5.8;0;0.2;0;0;14.4;964.8;-7.8;0.2;0;460.9;1.7;106;8;0;32.6;53;75;103;5248;109;0;236.9
LUZ;01.03.2001 00:00;4;11.3;7.5;1.5;2.5;0.4;2;8.4;0;1.6;0;0;22.4;954.7;-4.6;-8.5;0;365.7;1.9;106;25;0;190.5;253;94;76;3783;47;0;141.7
LUZ;01.04.2001 00:00;3.2;11.8;7.3;-2.6;-1.6;-3.5;1;7.7;0;-0.5;0;0;19.9;961;-1.2;0;0;361.8;1.7;94;17;0;186.5;193;137;78;4787;49;0;145.8
LUZ;01.05.2001 00:00;10.5;21.2;15.8;1.7;1.4;1.8;0;12.6;5;1.3;0;0;29.4;962.4;5.5;-0.2;0;38.4;1.6;94;10;0;102.3;69;213;104;11415;110;13.6;6.4
LUZ;01.06.2001 00:00;10.9;21.1;15.8;-1.8;-1.9;-1.8;0;12.8;9;-1.5;0;0;30.2;964.9;4.8;1.1;1;37.6;1.6;100;16;0;268.1;163;225;98;11957;107;16.3;5.6
LUZ;01.07.2001 00:00;14;24.7;19.2;-0.3;-0.6;-0.2;0;15.6;16;-0.3;0;0;30.7;963.2;10.9;-0.8;1;0;1.7;106;11;0;156.3;94;238;102;13606;109;54;0
LUZ;01.08.2001 00:00;14.7;24.8;19.5;0.6;0.3;0.5;0;17.1;16;0.8;0;0;31.3;964.8;9.3;0.6;3;0;1.4;100;14;0;208.4;123;204;103;13032;109;51;0
LUZ;01.09.2001 00:00;8.7;15.9;12;-2.8;-2.1;-3.7;0;11.7;0;-1.8;0;0;22.4;962.5;3;-2;0;141;1.5;107;21;0;186.3;171;110;78;4988;57;0;21
LUZ;01.10.2001 00:00;8.5;17.9;12.8;2.5;1.6;3.6;0;12.7;0;2;0;0;23.8;966.7;3.8;2.6;0;95.6;1;77;11;0;85.7;97;108;128;9997;168;0;15.6
LUZ;01.11.2001 00:00;0.9;5.8;3.5;-1.6;-1.3;-2.4;11;6.7;0;-1;0;0;14.7;968.4;-5.1;5.1;0;494.5;1.4;108;12;0;83.9;108;35;77;1761;55;0;254.5
LUZ;01.12.2001 00:00;-2.1;2.9;0.6;-1.3;-1.3;-1.6;21;5.4;0;-0.7;9;0;12;968.7;-12.1;3.4;0;600;1.7;121;7;0;36.8;47;33;104;2397;102;0;352
LUZ;01.01.2002 00:00;-2.6;4;0.6;-0.5;-1;0;25;5.4;0;-0.2;13;0;15.1;972.7;-9.4;6.9;0;602.8;1.4;93;3;0;10.1;18;49;121;4671;153;0;354.8
LUZ;01.02.2002 00:00;1.3;9.6;5.5;3.6;3;3.8;7;6.7;0;1.1;0;0;15.9;963.9;-5.3;-0.7;0;406.1;2.3;144;10;0;108.7;177;71;97;4502;94;0;182.1
LUZ;01.03.2002 00:00;2;12.5;7.3;1.3;0.5;1.6;10;6.9;0;0.1;0;0;20.5;964.5;-3.6;1.3;0;379.8;1.9;106;5;0;53.1;70;134;108;9222;115;0;155.8
LUZ;01.04.2002 00:00;4.2;14.5;9.3;-0.6;-0.6;-0.8;0;7.7;0;-0.5;0;0;20.6;960.9;0.2;-0.1;0;293;1.8;100;11;0;86.1;89;176;100;9873;102;0;85
LUZ;01.05.2002 00:00;8.6;18.4;13.3;-0.8;-0.5;-1;0;11;4;-0.3;0;0;29;961.5;4.2;-1.1;0;130.4;1.4;82;11;0;166.2;112;190;93;9112;88;2.7;26.4
LUZ;01.06.2002 00:00;13.8;25.3;19.4;1.8;1;2.4;0;15.6;17;1.3;0;2;33.6;963.7;7.2;-0.1;9;0;1.5;94;11;0;261.5;159;253;111;14308;128;72;0
LUZ;01.07.2002 00:00;14;23.8;18.6;-0.9;-0.6;-1.1;0;15.6;12;-0.3;0;0;29.7;962.8;8.9;-1.2;0;0;1.5;94;13;0;210.9;127;221;95;11581;92;28.6;0
LUZ;01.08.2002 00:00;13.8;22.7;17.8;-1.1;-0.6;-1.6;0;16.2;6;-0.1;0;0;28.6;962.7;10.8;-1.5;0;0;1.3;93;14;0;179.6;106;177;89;9293;78;15.8;0
LUZ;01.09.2002 00:00;9.6;17.2;13.1;-1.7;-1.2;-2.4;0;12.9;0;-0.6;0;0;24.4;964.7;2.8;0.2;0;112.5;1.3;93;16;0;181.4;166;117;83;5911;68;0;32.5
LUZ;01.10.2002 00:00;6.4;14.5;10.1;-0.2;-0.5;0.2;0;10.2;0;-0.5;0;0;22.8;962;1.5;-2.1;0;258.1;1.5;115;13;0;101.3;115;88;105;6747;113;0;66.1
LUZ;01.11.2002 00:00;3.3;9;6.3;1.2;1.1;0.8;1;8.6;0;0.9;0;0;15.8;958;-0.9;-5.3;0;411.1;1.2;92;19;0;194.1;249;39;86;2206;69;0;171.1
LUZ;01.12.2002 00:00;2.1;5.5;3.9;2;2.9;1;8;7.3;0;1.2;2;0;14.4;962.6;-1.7;-2.7;0;498.8;1.3;93;12;0;69.5;89;21;66;740;32;0;250.8
LUZ;01.01.2003 00:00;-2;3.1;0.6;-0.5;-0.4;-0.9;22;5.3;0;-0.3;9;0;16.6;963;-9.9;-2.8;0;602.2;1.9;127;15;0;53.5;96;36;89;2195;72;0;354.2
LUZ;01.02.2003 00:00;-4.5;1.9;-1.3;-3.2;-2.8;-3.9;27;4.3;0;-1.3;10;0;12.1;966.1;-9.6;1.5;0;596.8;1.6;100;3;0;34.1;56;74;101;4368;91;0;372.8
LUZ;01.03.2003 00:00;1.4;13.8;7.2;1.2;-0.1;2.9;11;6.6;0;-0.2;0;0;19.1;968.9;-3.1;5.7;0;374.2;1.6;89;7;0;69.5;92;156;125;12652;158;0;150.2
LUZ;01.04.2003 00:00;3.8;15.3;9.6;-0.3;-1;0;4;7.7;0;-0.5;0;0;24.4;962;-5.8;1;0;232.8;2.1;117;8;0;79.9;83;190;108;11952;123;0;96.8
LUZ;01.05.2003 00:00;10;20.1;14.9;0.8;0.9;0.7;0;12.5;7;1.2;0;0;27.3;965.1;2.9;2.5;0;60.4;1.5;88;15;0;141.3;95;195;95;9130;88;10.2;12.4
LUZ;01.06.2003 00:00;16.4;28.8;22.2;4.6;3.6;5.9;0;17.4;29;3.1;0;0;34.2;963.6;12.5;-0.2;9;0;1.6;100;11;0;163;99;289;126;16323;146;117.4;0
LUZ;01.07.2003 00:00;15;25.9;20.4;0.9;0.4;1;0;15.7;20;-0.2;0;0;32.8;964.2;11.7;0.2;4;0;1.7;106;12;0;137.7;83;253;109;14782;118;74.8;0
LUZ;01.08.2003 00:00;16.6;29.5;22.7;3.8;2.2;5.2;0;16.5;27;0.2;0;1;35.7;964.8;9.4;0.6;12;0;1.5;107;8;2;67.5;40;243;122;17152;144;144.3;0
LUZ;01.09.2003 00:00;10.2;20.6;15;0.2;-0.6;1;0;12.8;5;-0.7;0;0;26.8;967.4;7.2;2.9;0;17.8;1.4;100;9;0;55.8;51;162;114;11520;132;1.4;1.8
LUZ;01.10.2003 00:00;4;10.5;7.2;-3.1;-2.9;-3.8;5;8.8;0;-1.9;0;0;21.7;960.2;-3.8;-3.9;0;364.7;1.5;115;12;0;146.2;166;70;83;4359;73;0;156.7
LUZ;01.11.2003 00:00;2.3;8.6;5.2;0.1;0.1;0.4;2;8;0;0.3;0;0;13.7;964;-0.9;0.7;0;444.1;0.9;69;8;0;78;100;49;108;3588;112;0;204.1
LUZ;01.12.2003 00:00;-2;4.1;1;-0.9;-1.2;-0.4;21;5.7;0;-0.4;4;0;12.9;965.5;-9;0.2;0;588.7;1.5;107;6;0;37.1;47;38;120;3902;167;0;340.7
LUZ;01.01.2004 00:00;-1;4.1;1.6;0.5;0.6;0.1;21;5.7;0;0.1;2;0;15;959.2;-6.2;-6.6;0;569.2;1.8;120;18;0;107;192;36;89;1563;51;0;321.2
LUZ;01.02.2004 00:00;-2.1;6.2;1.8;-0.1;-0.4;0.4;22;5.3;0;-0.3;1;0;14.2;966.2;-9.7;1.6;0;526.8;1.7;106;6;0;43.7;71;81;111;5931;124;0;294.8
LUZ;01.03.2004 00:00;0;9.1;4.4;-1.6;-1.5;-1.8;13;6.2;0;-0.6;1;0;21.1;966.6;-6.3;3.4;0;469.2;1.7;94;12;0;100.4;133;128;103;7831;98;0;237.2
LUZ;01.04.2004 00:00;4.1;15;9.7;-0.2;-0.7;-0.3;1;7.8;0;-0.4;0;0;22.8;959.5;-0.1;-1.5;0;268.4;1.9;106;8;0;115.9;120;181;103;9746;101;0;84.4
LUZ;01.05.2004 00:00;6.9;17.7;12.4;-1.7;-2.2;-1.7;0;9.7;3;-1.6;0;0;26.9;961.5;2.4;-1.1;0;132;1.6;94;14;0;144.2;97;216;105;11601;112;1.5;36
LUZ;01.06.2004 00:00;11.9;21.4;16.7;-0.9;-0.9;-1.5;0;13.8;7;-0.5;0;0;30.1;965.5;8.6;1.7;1;17.4;1.5;94;14;0;201;122;196;86;9092;81;19.4;1.4
LUZ;01.07.2004 00:00;13.9;23.6;18.4;-1.1;-0.7;-1.3;0;15.4;12;-0.5;0;0;30;964.7;9.4;0.7;1;0;1.5;94;16;0;133.1;80;227;98;11292;90;37.3;0
LUZ;01.08.2004 00:00;14.5;24.4;19.1;0.2;0.1;0.1;0;16.3;14;0;0;0;30.7;962.2;11.1;-2;2;0;1.6;114;12;0;121.4;71;201;101;10632;89;46.5;0
LUZ;01.09.2004 00:00;11.4;20.6;15.7;0.9;0.6;1;0;13.7;9;0.2;0;0;27.2;967.7;6.8;3.2;0;49.7;1.5;107;7;0;86.7;79;154;109;9989;114;11.5;9.7
LUZ;01.10.2004 00:00;8.6;15.6;11.8;1.5;1.7;1.3;0;12;0;1.3;0;0;23.7;960.2;4;-3.9;0;175.2;1.2;92;13;0;87.4;99;80;95;5083;85;0;39.2
LUZ;01.11.2004 00:00;1.6;7.4;4.6;-0.5;-0.6;-0.8;10;7.2;0;-0.5;0;0;12.7;967.3;-4.3;4;0;461.6;1.2;92;5;0;25.8;33;44;97;2725;85;0;221.6
LUZ;01.12.2004 00:00;-0.9;2.9;1;-0.9;-0.1;-1.6;22;5.7;0;-0.4;2;0;8.4;966.2;-5.2;0.9;0;588.9;1.3;93;7;0;38.8;49;30;95;1883;80;0;340.9
LUZ;01.01.2005 00:00;-3.4;3.6;0;-1.1;-1.8;-0.4;26;5.1;0;-0.5;8;0;11.1;970.3;-11.6;4.5;0;621.3;1.6;107;7;0;46.1;83;51;126;4899;161;0;373.3
LUZ;01.02.2005 00:00;-4.3;2;-1.1;-3;-2.6;-3.8;26;4.5;0;-1.1;9;0;12.4;963.6;-10.5;-1;0;590.3;1.6;100;9;0;46.2;75;76;104;3896;81;0;366.3
LUZ;01.03.2005 00:00;0.7;10.9;5.6;-0.4;-0.8;0;13;7;0;0.2;3;0;21.6;963.3;-14.5;0.1;0;431.5;1.5;83;7;0;51.9;69;147;118;10335;129;0;199.5
LUZ;01.04.2005 00:00;5;14.6;9.8;-0.1;0.2;-0.7;0;8.5;1;0.3;0;0;25.9;961.1;0.5;0.1;0;281.4;1.7;94;10;0;159.4;165;164;93;7961;82;0;81.4
LUZ;01.05.2005 00:00;8.7;19.6;14.2;0.1;-0.4;0.2;0;11.4;7;0.1;0;0;30.3;964.2;3.8;1.6;1;135.5;1.6;94;16;0;122.3;82;205;100;10871;105;17.9;23.5
LUZ;01.06.2005 00:00;13.3;24.8;18.9;1.3;0.5;1.9;0;14.1;13;-0.2;0;0;33.7;965.6;5;1.8;8;8.1;1.7;106;9;0;100.5;61;272;119;14688;131;63.7;0.1
LUZ;01.07.2005 00:00;14.1;24.1;18.9;-0.6;-0.5;-0.8;0;15.7;12;-0.2;0;0;32.4;963.7;9.5;-0.3;3;0;2;125;15;0;181.5;110;214;92;9899;79;48.2;0
LUZ;01.08.2005 00:00;12.5;21.2;16.5;-2.4;-1.9;-3.1;0;14.9;4;-1.4;0;0;27.7;964.7;7.8;0.5;0;8.1;1.6;114;18;0;325;191;168;84;8901;75;4.9;0.1
LUZ;01.09.2005 00:00;11.9;20.6;15.9;1.1;1.1;1;0;14.6;6;1.1;0;0;27.9;965.4;5.3;0.9;0;65.9;1;71;9;0;87.8;80;141;100;8492;97;15.3;9.9
LUZ;01.10.2005 00:00;7.5;15.5;10.9;0.6;0.6;1.2;0;11.2;0;0.5;0;0;19.6;966.5;5;2.4;0;232.1;0.7;54;5;0;77.7;88;100;119;8934;150;0;40.1
LUZ;01.11.2005 00:00;1;7.4;4.2;-0.9;-1.2;-0.8;12;7.2;0;-0.5;1;0;18.1;964.6;-9.1;1.3;0;450.2;1.4;108;8;0;36.4;47;53;116;3899;122;0;234.2
LUZ;01.12.2005 00:00;-2.5;2.1;0.1;-1.8;-1.7;-2.4;22;5.1;0;-1;6;0;8.2;964.5;-12.3;-0.8;0;616.9;1.5;107;7;0;32.1;41;31;98;1430;61;0;368.9
LUZ;01.01.2006 00:00;-3.6;0.5;-1.5;-2.6;-2;-3.5;25;4.7;0;-0.9;13;0;5.3;968.9;-7.6;3.1;0;666.9;1.3;87;5;0;13.6;24;41;101;2205;72;0;418.9
LUZ;01.02.2006 00:00;-1.9;3.5;0.8;-1.1;-0.2;-2.3;22;5.1;0;-0.5;6;0;12.2;960.8;-7.8;-3.8;0;538.3;1.6;100;8;0;41.6;68;55;75;2285;48;0;314.3
LUZ;01.03.2006 00:00;-0.5;8.2;3.7;-2.3;-2;-2.7;18;6.1;0;-0.7;3;0;22.2;958.4;-7.8;-4.8;0;484.2;1.9;106;17;0;151.9;201;116;93;5927;74;0;260.2
LUZ;01.04.2006 00:00;4.5;13.9;9;-0.9;-0.3;-1.4;3;8.7;0;0.5;0;0;22.1;961.9;-1.2;0.9;0;281.6;1.4;78;21;0;209.9;218;152;86;7673;79;0;97.6
LUZ;01.05.2006 00:00;8.9;18.9;13.8;-0.3;-0.2;-0.5;0;11.3;1;0;0;0;25.1;964.1;2.5;1.5;0;77;1.7;100;17;0;221;149;184;90;8651;84;0.2;21
LUZ;01.06.2006 00:00;12.6;24.4;18.2;0.6;-0.2;1.5;0;14.2;17;-0.1;0;0;30.7;966.9;4.5;3.1;2;32.8;1.5;94;11;0;84.1;51;266;116;14831;132;50.8;8.8
LUZ;01.07.2006 00:00;17;29.4;22.8;3.3;2.4;4.5;0;17.2;28;1.3;0;0;33.8;966.1;14;2.1;16;0;1.4;88;8;0;67.8;41;275;118;17620;141;141.8;0
LUZ;01.08.2006 00:00;11.9;19.9;15.4;-3.5;-2.5;-4.4;0;13.7;2;-2.6;0;0;26.1;961.6;7.1;-2.6;0;24.5;1.4;100;20;0;247.9;146;159;80;7110;60;2.7;0.5
LUZ;01.09.2006 00:00;13;22.2;17.2;2.4;2.2;2.6;0;15.6;6;2.1;0;0;27.6;963.4;8.2;-1.1;0;0;1.2;86;9;0;136;125;148;105;9585;110;12.9;0
LUZ;01.10.2006 00:00;8.8;17.4;12.8;2.5;1.9;3.1;0;12.2;0;1.5;0;0;21.7;963.2;5.2;-0.9;0;108.2;1.3;100;8;0;48;54;98;117;8028;135;0;12.2
LUZ;01.11.2006 00:00;2.6;11;6.6;1.5;0.4;2.8;7;8.1;0;0.4;0;0;16.9;967.1;-1.9;3.8;0;402.2;1.2;92;8;0;42.7;55;59;130;5762;180;0;162.2
LUZ;01.12.2006 00:00;-0.3;5;2.2;0.3;0.5;0.5;18;6.2;0;0.1;3;0;14.9;972;-4.9;6.7;0;551;1.2;86;7;0;71.7;91;36;114;3820;163;0;303
LUZ;01.01.2007 00:00;0.4;7.3;4;2.9;2;3.3;9;6.7;0;1.1;4;0;16.6;968.5;-9;2.7;0;490.5;1.9;127;9;0;47.2;85;44;109;3586;118;0;250.5
LUZ;01.02.2007 00:00;0;9.1;4.3;2.4;1.7;3.3;17;6.5;0;0.9;0;0;14.4;960.1;-3.5;-4.5;0;438.4;1.7;106;10;0;61.9;101;77;105;6043;126;0;214.4
LUZ;01.03.2007 00:00;1.3;11.2;5.9;-0.1;-0.2;0.3;7;7;0;0.2;0;0;18.1;962.4;-2.3;-0.8;0;437.7;1.6;89;14;0;104;138;132;106;9190;115;0;189.7
LUZ;01.04.2007 00:00;6.7;20.7;13.7;3.8;1.9;5.4;0;9.3;5;1.1;0;0;26.4;964.8;1.2;3.8;0;98.4;1.6;89;2;0;20.1;21;232;132;16710;172;0;26.4
LUZ;01.05.2007 00:00;10;20.5;15.2;1.1;0.9;1.1;0;11.7;10;0.4;0;0;28.5;959.6;2.6;-3;0;86.2;1.9;112;13;0;202.8;136;211;103;11308;109;14;14.2
LUZ;01.06.2007 00:00;13.1;22.6;17.5;-0.1;0.3;-0.3;0;15;11;0.7;0;0;29.8;961.1;8.7;-2.7;0;17.8;1.7;106;16;0;209.1;127;209;91;9607;86;20.3;1.8
LUZ;01.07.2007 00:00;13.2;23.8;18.1;-1.4;-1.4;-1.1;0;14.9;15;-1;0;0;33;963.3;8.4;-0.7;2;0;1.9;119;17;0;246.3;149;226;97;12202;97;41.7;0
LUZ;01.08.2007 00:00;13.5;22.2;17.5;-1.4;-0.9;-2.1;0;15.9;7;-0.4;0;0;30.4;962.8;9.8;-1.4;2;0;1.3;93;10;0;242.2;142;168;84;9806;82;19.9;0
LUZ;01.09.2007 00:00;9.4;18.7;13.7;-1.1;-1.4;-0.9;0;12.2;1;-1.3;0;0;25;966.7;5.4;2.2;0;94.1;1.3;93;7;0;87.7;80;152;107;9479;108;0.6;14.1
LUZ;01.10.2007 00:00;7;13.6;9.9;-0.4;0.1;-0.7;0;10.3;0;-0.4;0;0;23.6;968.5;0.9;4.4;0;258.2;1.4;108;5;0;45.4;51;81;96;5861;98;0;90.2
LUZ;01.11.2007 00:00;0.2;6.2;3.4;-1.7;-2;-2;13;6.5;0;-1.2;3;0;11.3;966.2;-6.5;2.9;0;498.4;1.6;123;10;0;50.7;65;38;84;1828;57;0;258.4
LUZ;01.12.2007 00:00;-0.8;3.6;1.4;-0.5;0;-0.9;17;5.7;0;-0.4;11;0;14;969.8;-5.8;4.5;0;577.6;1.6;114;11;0;84.4;108;28;89;1346;57;0;329.6
LUZ;01.01.2008 00:00;-1.1;6.3;2.3;1.2;0.5;2.3;22;6;0;0.4;2;0;13.1;967.4;-3.9;1.6;0;548.2;1.2;80;9;0;48.7;87;49;121;4852;159;0;300.2
LUZ;01.02.2008 00:00;-1.5;8.1;2.9;1;0.2;2.3;20;6.1;0;0.5;0;0;16.1;972.5;-6.2;7.9;0;494.5;1.1;69;8;0;52.3;85;97;133;9377;196;0;262.5
LUZ;01.03.2008 00:00;1.3;9.8;5.5;-0.5;-0.2;-1.1;13;6.2;0;-0.6;0;0;18.3;956.4;-7.9;-6.8;0;435.4;2.4;133;15;0;68.7;91;123;99;6556;82;0;203.4
LUZ;01.04.2008 00:00;4.4;12.9;8.5;-1.4;-0.4;-2.4;1;8.1;0;-0.1;0;0;21.1;958.1;-2.2;-2.9;0;315.9;1.7;94;14;0;145.1;150;145;82;6232;64;0;107.9
LUZ;01.05.2008 00:00;10.2;21.4;15.8;1.7;1.1;2;0;11.3;6;0;0;0;29.8;960.4;5.7;-2.2;0;27.3;1.9;112;5;0;20.4;14;230;112;13235;128;13.1;3.3
LUZ;01.06.2008 00:00;13.4;22.6;17.7;0.1;0.6;-0.3;0;15.2;11;0.9;0;0;31.9;963.6;7.5;-0.2;3;16.7;1.3;81;17;0;140.8;86;210;92;9677;86;45.3;0.7
LUZ;01.07.2008 00:00;14;24.1;18.8;-0.7;-0.6;-0.8;0;15.3;13;-0.6;0;0;29.9;963.7;9.5;-0.3;0;0;1.8;113;13;0;229;138;234;101;12899;103;41;0
LUZ;01.08.2008 00:00;14;23.4;18.1;-0.8;-0.4;-0.9;0;16;10;-0.3;0;0;28.6;963.1;8.5;-1.1;0;0;1.4;100;12;0;205.1;121;184;93;10568;89;23;0
LUZ;01.09.2008 00:00;9.7;16.9;13.1;-1.7;-1.1;-2.7;0;12.5;2;-1;0;0;25.9;964.5;3.3;0;0;154;1.5;107;10;0;196;179;113;80;6309;72;4;34
LUZ;01.10.2008 00:00;6.7;14.1;10.2;-0.1;-0.2;-0.2;2;10.7;0;0;0;0;20.5;965.3;-0.3;1.2;0;215.4;1.3;100;9;0;112.8;128;84;100;5647;95;0;79.4
LUZ;01.11.2008 00:00;1.4;7.8;4.5;-0.6;-0.8;-0.4;9;7.3;0;-0.4;1;0;17.7;962;-5.5;-1.3;0;466.3;1.4;108;8;0;34.3;44;46;101;3465;108;0;226.3
LUZ;01.12.2008 00:00;-1.4;2.8;0.9;-1;-0.6;-1.7;21;5.6;0;-0.5;4;0;8.1;964.2;-7;-1.1;0;593.5;1.3;93;12;0;56.9;73;28;89;1768;76;0;345.5
LUZ;01.01.2009 00:00;-3.1;0.8;-1.3;-2.4;-1.5;-3.2;27;4.8;0;-0.8;14;0;9.8;960.9;-6.9;-4.9;0;658.8;1.3;87;4;0;34;61;32;79;1587;52;0;410.8
LUZ;01.02.2009 00:00;-2.3;3.9;0.7;-1.2;-0.6;-1.9;20;5.2;0;-0.4;4;0;11.9;960.8;-7.3;-3.8;0;541.7;1.3;81;10;0;58.3;95;69;94;3850;80;0;317.7
LUZ;01.03.2009 00:00;0.6;9;4.8;-1.2;-0.9;-1.9;13;6.2;0;-0.6;0;0;15.8;962.1;-4.4;-1.1;0;470.7;1.9;106;14;0;76.9;102;110;88;5346;67;0;222.7
LUZ;01.04.2009 00:00;6.4;17.7;12;2.1;1.6;2.4;0;8.7;0;0.5;0;0;22.3;959.9;3.8;-1.1;0;139.3;1.7;94;6;0;27.7;29;201;114;11757;121;0;27.3
LUZ;01.05.2009 00:00;10.6;21.9;16;1.9;1.5;2.5;0;12.3;7;1;0;0;32;965.8;3;3.2;2;30.6;1.6;94;10;0;76.7;52;226;110;12121;117;18.3;6.6
LUZ;01.06.2009 00:00;12.1;22.1;16.9;-0.7;-0.7;-0.8;0;14;6;-0.3;0;0;29.4;963.2;8.9;-0.6;0;17.6;1.7;106;17;0;215.6;131;232;102;11276;101;16.6;1.6
LUZ;01.07.2009 00:00;14.3;24.7;19.1;-0.4;-0.3;-0.2;0;16.1;15;0.2;0;0;29.2;964.1;10.3;0.1;0;0;1.5;94;15;0;193.8;117;227;98;11348;91;47.4;0
LUZ;01.08.2009 00:00;15.2;25.6;20.1;1.2;0.8;1.3;0;17.3;21;1;0;0;31.4;965.4;9.2;1.2;3;0;1.3;93;7;0;134.3;79;216;109;14400;121;68.2;0
LUZ;01.09.2009 00:00;12;20.5;16;1.2;1.2;0.9;0;14.2;1;0.7;0;0;29.4;966.5;7.1;2;0;0;1.3;93;3;0;42.8;39;140;99;8590;98;3.5;0
LUZ;01.10.2009 00:00;6;13.9;9.8;-0.5;-0.9;-0.4;1;10.1;1;-0.6;0;0;25.3;964.9;-0.3;0.8;0;261.8;1.3;100;8;0;83.5;95;90;107;6391;107;0;93.8
LUZ;01.11.2009 00:00;3.2;10.7;6.9;1.8;1;2.5;3;8.5;0;0.8;0;0;18.3;959.4;-0.8;-3.9;0;394.1;1.3;100;15;0;125.4;161;52;114;4068;127;0;154.1
LUZ;01.12.2009 00:00;-1.6;3.6;1.1;-0.8;-0.8;-0.9;20;5.8;0;-0.3;7;0;11.5;955.6;-16.1;-9.7;0;585;1.4;100;16;0;117.1;149;31;98;1971;84;0;337
LUZ;01.01.2010 00:00;-3.5;0.5;-1.3;-2.4;-1.9;-3.5;27;4.7;0;-0.9;15;0;8.2;959.7;-8.9;-6.1;0;661.4;1.3;87;12;0;47.2;85;36;89;1925;63;0;413.4
LUZ;01.02.2010 00:00;-2.3;4.5;1.1;-0.8;-0.6;-1.3;20;5;0;-0.6;6;0;15;952.5;-12.5;-12.1;0;528;1.5;94;6;0;39.7;65;73;100;3458;72;0;304
LUZ;01.03.2010 00:00;1.1;9.6;5;-1;-0.4;-1.3;13;6.2;0;-0.6;3;0;21.5;963.3;-6.5;0.1;0;458.1;1.8;100;9;0;43.2;57;119;96;7012;88;0;218.1
LUZ;01.04.2010 00:00;5.2;15.9;10.4;0.5;0.4;0.6;2;8.2;1;0;0;0;25.8;964.3;-0.8;3.3;0;248.2;1.6;89;8;0;26.3;27;186;106;10385;107;0;72.2
LUZ;01.05.2010 00:00;8.9;16.2;12.3;-1.8;-0.2;-3.2;0;10.9;2;-0.4;0;0;27.4;960.5;4.7;-2.1;0;158.2;1.8;106;19;0;178.7;120;152;74;5329;51;3.5;38.2
LUZ;01.06.2010 00:00;12.8;22;17.3;-0.3;0;-0.9;0;14;12;-0.3;0;0;29.9;961.7;7.2;-2.1;0;28.5;1.8;113;11;0;148.2;90;204;89;10154;91;36.3;4.5
LUZ;01.07.2010 00:00;15.6;26;20.3;0.8;1;1.1;0;17.1;19;1.2;0;0;32.5;965.1;10.2;1.1;9;0;1.5;94;13;0;256.5;155;242;104;14383;115;84.8;0
LUZ;01.08.2010 00:00;13.7;22.3;17.6;-1.3;-0.7;-2;0;15.9;10;-0.4;0;0;28.9;963.5;8.8;-0.7;0;0;1.5;107;17;0;242.8;143;167;84;8493;71;29.3;0
LUZ;01.09.2010 00:00;9.9;18.3;13.7;-1.1;-0.9;-1.3;0;12.5;0;-1;0;0;23;963.3;6.8;-1.2;0;51;1.2;86;10;0;158.9;146;148;105;9521;109;0;11
LUZ;01.10.2010 00:00;6.3;12.7;9.2;-1.1;-0.6;-1.6;2;9.8;0;-0.9;0;0;24.5;961.3;-1.2;-2.8;0;279;1.3;100;9;0;69.6;79;74;88;4861;82;0;103
LUZ;01.11.2010 00:00;2.4;8.5;5.4;0.3;0.2;0.3;7;7.7;0;0;2;0;17.2;954.9;-5.9;-8.4;0;437.8;1.3;100;7;0;43.9;56;49;108;4051;126;0;197.8
LUZ;01.12.2010 00:00;-3.6;1.8;-0.9;-2.8;-2.8;-2.7;23;5.2;0;-0.9;11;0;11.7;958.6;-10.9;-6.7;0;647.7;1.2;86;11;0;121.2;155;32;101;1389;59;0;399.7
LUZ;01.01.2011 00:00;-1.6;4.1;1.3;0.2;0;0.1;22;5.9;0;0.3;8;0;12.7;965.6;-8.5;-0.2;0;581.2;1.3;87;9;0;62.4;112;43;106;3245;107;0;333.2
LUZ;01.02.2011 00:00;-0.4;6.9;2.7;0.8;1.3;1.1;16;6;0;0.4;2;0;12.4;964.8;-3.8;0.2;0;483.5;1.1;69;5;0;45.7;75;74;101;6197;129;0;259.5
LUZ;01.03.2011 00:00;2.1;11.5;6.5;0.5;0.6;0.6;11;7.1;0;0.3;0;0;19;966.6;-3.1;3.4;0;418;1.4;78;5;0;48.1;64;119;96;8177;102;0;170
LUZ;01.04.2011 00:00;6.5;19.5;12.8;2.9;1.7;4.2;0;9;1;0.8;0;0;25.1;964.5;2.1;3.5;0;106.9;1.6;89;3;0;26;27;226;129;15553;160;0;26.9
LUZ;01.05.2011 00:00;9.6;21.7;15.5;1.4;0.5;2.3;0;11.6;8;0.3;0;0;27.7;965.6;3.9;3;0;56.9;1.5;88;11;0;171.7;115;249;121;15524;150;5.7;8.9
LUZ;01.06.2011 00:00;12.3;21.9;17.1;-0.5;-0.5;-1;0;14.4;9;0.1;0;0;32.5;964.4;7.3;0.6;2;9.6;1.7;106;11;0;113;69;206;90;9108;81;25;1.6
LUZ;01.07.2011 00:00;12.6;22;17;-2.5;-2;-2.9;0;14;7;-1.9;0;0;31;961.3;9.1;-2.7;1;0;1.5;94;15;0;169.4;102;219;94;10683;85;16.5;0
LUZ;01.08.2011 00:00;14.4;25.8;19.7;0.8;0;1.5;0;16.5;17;0.2;0;0;32.7;963.5;9.4;-0.7;6;0;1.6;114;11;0;131.7;77;235;118;15298;129;63;0
LUZ;01.09.2011 00:00;12.5;21.8;16.7;1.9;1.7;2.2;0;15.4;5;1.9;0;0;28.2;965.8;7.6;1.3;0;17.8;1.3;93;11;0;124.7;114;162;114;11288;129;13;1.8
LUZ;01.10.2011 00:00;6.2;14.3;9.8;-0.5;-0.7;0;1;10.4;0;-0.3;0;0;22.6;968.1;-0.3;4;0;259.6;1.3;100;7;0;88.5;100;98;117;7552;127;0;91.6
LUZ;01.11.2011 00:00;2.6;8.5;5.2;0.1;0.4;0.3;10;8;0;0.3;0;0;18.5;967.6;-2.1;4.3;0;438.1;1.1;85;0;0;0;0;53;116;3956;123;0;206.1
LUZ;01.12.2011 00:00;0.4;7.4;3.8;1.9;1.2;2.9;12;6.7;0;0.6;0;0;14.7;965.1;-5.7;-0.2;0;503.5;1.9;136;21;0;139.6;178;30;95;2017;86;0;255.5
LUZ;01.01.2012 00:00;-0.1;5.7;2.7;1.6;1.5;1.7;14;6.1;0;0.5;2;0;12.8;969.1;-6.9;3.3;0;536.1;2.1;140;16;0;75.2;135;35;87;2596;85;0;288.1
LUZ;01.02.2012 00:00;-6;0.3;-2.9;-4.8;-4.3;-5.5;28;4;0;-1.6;13;0;14.1;971.2;-13.8;6.6;0;664.4;1.6;100;3;0;12.4;20;76;104;4445;93;0;432.4
LUZ;01.03.2012 00:00;1.8;13.9;7.6;1.6;0.3;3;5;7;0;0.2;0;0;19.6;972;-1.8;8.8;0;368.5;1.4;78;5;0;44.3;59;164;132;13829;173;0;136.5
LUZ;01.04.2012 00:00;4.8;14;9.4;-0.5;0;-1.3;2;8.2;2;0;0;0;29.1;953.4;-2.1;-7.6;0;305.3;2.1;117;18;0;101.5;105;152;86;6795;70;5.6;105.3
LUZ;01.05.2012 00:00;9.4;20.7;14.8;0.7;0.3;1.3;0;11.3;5;0;0;0;29.3;962.8;1.9;0.2;0;76.1;1.9;112;13;0;111.6;75;233;113;12325;119;5.8;12.1
LUZ;01.06.2012 00:00;13.7;23.2;18.2;0.6;0.9;0.3;0;15.5;13;1.2;0;0;32;962.5;7.7;-1.3;3;0;1.5;94;17;0;151.6;92;227;99;10757;96;43.6;0
LUZ;01.07.2012 00:00;14.2;23.8;18.7;-0.8;-0.4;-1.1;0;15.4;12;-0.5;0;0;32.6;964.1;9.5;0.1;2;0;1.7;106;12;0;86.8;52;212;91;10942;87;36.1;0
LUZ;01.08.2012 00:00;14.7;25.7;19.9;1;0.3;1.4;0;17.1;20;0.8;0;0;33.2;965.1;9.4;0.9;5;8.6;1.5;107;17;0;251.6;148;220;111;14518;122;62.8;0.6
LUZ;01.09.2012 00:00;10.5;19.4;14.6;-0.2;-0.3;-0.2;0;13.8;3;0.3;0;0;26.8;964;5.4;-0.5;0;69.4;1.3;93;11;0;110.8;101;133;94;8045;92;3.4;5.4
LUZ;01.10.2012 00:00;6.5;14.1;10;-0.3;-0.4;-0.2;5;11;0;0.3;0;0;23.1;960.7;-3.1;-3.4;0;218.4;1.3;100;12;0;134;152;89;106;7017;118;0;82.4
LUZ;01.11.2012 00:00;3.3;8.8;5.9;0.8;1.1;0.6;3;8.2;0;0.5;0;0;17.5;961.1;-0.3;-2.2;0;422.6;1.2;92;11;0;115.9;149;50;110;3577;112;0;182.6
LUZ;01.12.2012 00:00;-1.5;4.9;1.7;-0.2;-0.7;0.4;17;6;0;-0.1;4;0;12.1;962;-10.3;-3.3;0;567;1.5;107;16;0;110.2;141;38;120;3074;131;0;319
LUZ;01.01.2013 00:00;-1.6;3.3;1;-0.1;0;-0.7;22;5.6;0;0;5;0;12.7;961.8;-7.5;-4;0;589.7;1.2;80;10;0;72.4;130;41;101;2721;89;0;341.7
LUZ;01.02.2013 00:00;-3.2;1.9;-0.6;-2.5;-1.5;-3.9;26;4.8;0;-0.8;12;0;10.1;960.5;-9.8;-4.1;0;577.1;1.4;88;13;0;78;127;66;90;2936;61;0;353.1
LUZ;01.03.2013 00:00;0;6.9;3.3;-2.7;-1.5;-4;12;6;0;-0.8;0;0;13.7;953.8;-6.1;-9.4;0;518.4;1.4;78;13;0;70.5;94;100;80;4571;57;0;270.4
LUZ;01.04.2013 00:00;5.3;14.1;9.5;-0.4;0.5;-1.2;1;8.7;0;0.5;0;0;24.5;961.5;-0.1;0.5;0;280.7;1.5;83;11;0;83.4;86;140;80;6187;64;0;104.7
LUZ;01.05.2013 00:00;8.2;16;11.7;-2.4;-0.9;-3.4;0;10.6;0;-0.7;0;0;23;959.2;3.8;-3.4;0;176.8;1.8;106;20;0;201;135;177;86;6263;60;0;40.8
LUZ;01.06.2013 00:00;11.6;21.8;16.6;-1;-1.2;-1.1;0;13.6;9;-0.7;0;0;34;965.1;6.9;1.3;3;42.7;1.5;94;13;0;109.1;66;220;96;10077;90;29.9;2.7
LUZ;01.07.2013 00:00;15.3;26.8;20.9;1.4;0.7;1.9;0;16.7;23;0.8;0;0;34.9;966.2;10.4;2.2;6;0;1.7;106;6;0;103.8;63;262;113;15808;126;86.9;0
LUZ;01.08.2013 00:00;14.1;24.3;19;0.1;-0.3;0;0;16.2;11;-0.1;0;0;33.1;965.5;10.3;1.3;4;0;1.4;100;9;0;112.3;66;213;107;13418;113;46.7;0
LUZ;01.09.2013 00:00;11;20;15.2;0.4;0.2;0.4;0;13.8;5;0.3;0;0;28.6;964.1;6.8;-0.4;0;33.6;1.4;100;13;0;133.7;122;143;101;8721;100;9.5;1.6
LUZ;01.10.2013 00:00;8.8;15.6;11.9;1.6;1.9;1.3;0;12.1;0;1.4;0;0;21.5;964.6;3.7;0.5;0;141.2;1.3;100;11;0;95.9;109;82;98;5432;91;0;29.2
LUZ;01.11.2013 00:00;2.1;7.3;4.7;-0.4;-0.1;-0.9;8;7.4;0;-0.3;0;0;17.5;963;-4;-0.3;0;453.2;1.5;115;14;0;120.3;154;41;90;2155;67;0;221.2
LUZ;01.12.2013 00:00;-1.9;5.2;1.1;-0.8;-1.1;0.7;25;5.8;0;-0.3;2;0;17;969.8;-5.2;4.5;0;586.1;1.1;79;5;0;32;41;48;152;5785;247;0;338.1
LUZ;01.01.2014 00:00;0.1;6.3;3;1.9;1.7;2.3;13;6.6;0;1;0;0;12.2;958;-4.5;-7.8;0;525.6;1.2;80;11;0;54.5;98;45;111;3770;124;0;277.6
LUZ;01.02.2014 00:00;0.5;8.5;4.2;2.3;2.2;2.7;14;6.6;0;1;0;0;13.8;957.5;-3.6;-7.1;0;442.2;1.4;88;11;0;73.4;120;84;115;6155;128;0;218.2
LUZ;01.03.2014 00:00;2;13.1;7.3;1.3;0.5;2.2;5;7.1;0;0.3;0;0;20.5;963.6;-1.6;0.4;0;380.1;1.4;78;6;0;37.4;50;150;121;11814;148;0;148.1
LUZ;01.04.2014 00:00;6.6;16.4;11.4;1.5;1.8;1.1;1;9.3;0;1.1;0;0;22;961.3;-0.1;0.3;0;160.3;1.6;89;10;0;130.2;135;181;103;9986;103;0;40.3
LUZ;01.05.2014 00:00;8.6;18;13.2;-0.9;-0.5;-1.4;0;10.5;2;-0.8;0;0;28.3;963.2;2.5;0.6;0;114.5;2.1;124;16;0;148.8;100;204;99;9729;94;3;26.5
LUZ;01.06.2014 00:00;12.8;24.3;18.3;0.7;0;1.4;0;13.9;11;-0.4;0;0;34.3;963.8;7.8;0;4;0;1.7;106;14;0;165.9;101;262;115;14133;126;35;0
LUZ;01.07.2014 00:00;14.3;22.8;18.2;-1.3;-0.3;-2.1;0;16.5;10;0.6;0;0;31.4;962.4;9.8;-1.6;3;0;1.4;88;19;0;276.8;167;189;81;8700;69;31.1;0
LUZ;01.08.2014 00:00;13.3;21.6;16.9;-2;-1.1;-2.7;0;15.3;4;-1;0;0;28;962.9;8.6;-1.3;0;0;1.5;107;19;0;217;128;166;83;7452;63;11;0
LUZ;01.09.2014 00:00;11.7;20.5;15.7;0.9;0.9;0.9;0;14.6;2;1.1;0;0;25.3;965.1;7.1;0.6;0;25.3;1.2;86;6;0;66.3;61;150;106;9174;105;2.8;1.3
LUZ;01.10.2014 00:00;9.3;17;12.7;2.4;2.4;2.7;0;12.7;0;2;0;0;23.4;965.2;2.2;1.1;0;111.8;1.3;100;13;0;102.5;116;92;109;6970;117;0;31.8
LUZ;01.11.2014 00:00;4.3;9.9;6.9;1.8;2.1;1.7;0;9.1;0;1.4;0;0;16.9;959.2;0.6;-4.1;0;392.4;1;77;5;0;89.4;115;48;105;3842;120;0;152.4
LUZ;01.12.2014 00:00;0.4;5.5;2.9;1;1.2;1;13;6.6;0;0.5;2;0;11.8;967.2;-8.6;1.9;0;530.1;1.2;86;12;0;56;71;25;79;2061;88;0;282.1
LUZ;01.01.2015 00:00;-1.1;5.4;2.1;1;0.5;1.4;22;5.8;0;0.2;2;0;19.3;965.3;-5.8;-0.5;0;551.5;1.6;107;15;0;92.5;166;41;101;2972;98;0;311.5
LUZ;01.02.2015 00:00;-2.7;3;0.1;-1.8;-1;-2.8;27;5;0;-0.6;5;0;9.6;962.8;-7.1;-1.8;0;558.5;1.5;94;5;0;33.4;54;66;90;3814;80;0;334.5
LUZ;01.03.2015 00:00;2.2;11.7;6.6;0.6;0.7;0.8;7;6.8;0;0;0;0;18.2;966.4;-2.8;3.2;0;407.5;1.8;100;11;0;71;94;129;104;9268;116;0;167.5
LUZ;01.04.2015 00:00;4.6;16.3;10.5;0.6;-0.2;1;3;7.9;0;-0.3;0;0;22.8;966.9;-2.4;5.9;0;181.5;1.8;100;11;0;113.4;118;197;112;12697;131;0;69.5
LUZ;01.05.2015 00:00;9.9;19.3;14.5;0.4;0.8;-0.1;0;11.6;4;0.3;0;0;28.4;964;5.3;1.4;0;62.7;1.6;94;14;0;218.6;147;197;96;9723;94;6.7;14.7
LUZ;01.06.2015 00:00;13.9;23.9;18.7;1.1;1.1;1;0;14.6;13;0.3;0;0;30.7;966;8.8;2.2;3;0;1.6;100;11;0;180.5;110;237;104;12403;111;42.3;0
LUZ;01.07.2015 00:00;17;28.3;22.6;3.1;2.4;3.4;0;16.5;22;0.6;0;4;34.8;964.2;11.1;0.2;15;0;1.8;113;6;0;74.7;45;262;113;16255;130;139.2;0
LUZ;01.08.2015 00:00;15.6;26.1;20.4;1.5;1.2;1.8;0;16.8;18;0.5;0;0;34.5;963.9;11.1;-0.3;8;0;1.4;100;10;0;100.5;59;211;106;13804;116;86.2;0
LUZ;01.09.2015 00:00;9.7;18;13.5;-1.3;-1.1;-1.6;0;11.9;1;-1.6;0;0;26.1;964.7;5.2;0.2;0;57.9;1.4;100;10;0;54.6;50;127;90;7006;80;0.3;9.9
LUZ;01.10.2015 00:00;6.9;12.9;9.6;-0.7;0;-1.4;0;10.1;0;-0.6;0;0;19.9;964.6;1.5;0.5;0;289.8;1.1;85;9;0;67.1;76;76;90;4247;71;0;81.8
LUZ;01.11.2015 00:00;3.5;11.5;7.2;2.1;1.3;3.3;4;8.4;0;0.7;0;0;20.3;968.8;-4.9;5.5;0;361.2;1.4;108;8;0;79.6;102;63;138;6396;199;0;145.2
LUZ;01.12.2015 00:00;0.4;7.2;3.5;1.6;1.2;2.7;11;7.1;0;1;0;0;12.1;975.9;-3;10.6;0;513;0.9;64;7;0;37.5;48;45;142;5364;229;0;265
LUZ;01.01.2016 00:00;0.2;6.5;3.1;2;1.8;2.5;14;6.4;0;0.8;1;0;15.6;962.5;-8;-3.3;0;522.4;1.7;113;17;0;91.5;164;43;106;2740;90;0;274.4
LUZ;01.02.2016 00:00;0.9;7.7;4.3;2.4;2.6;1.9;8;6.6;0;1;0;0;16.1;960;-2.6;-4.6;0;447.8;1.9;119;17;0;104.4;170;57;78;3171;66;0;223.8
LUZ;01.03.2016 00:00;1.4;9.5;5.2;-0.8;-0.1;-1.4;10;6.4;0;-0.4;0;0;21.9;960.4;-2.3;-2.8;0;452.3;1.7;94;10;0;40.6;54;115;92;6688;84;0;212.3
LUZ;01.04.2016 00:00;5.1;14.4;9.6;-0.3;0.3;-0.9;0;8.8;0;0.6;0;0;20.8;960;0.5;-1;0;275;1.8;100;15;0;159.2;165;164;93;8839;91;0;83
LUZ;01.05.2016 00:00;8.6;18.5;13.2;-0.9;-0.5;-0.9;0;10.9;2;-0.4;0;0;27.1;960.9;1.5;-1.7;0;143.6;1.7;100;15;0;270.5;182;199;97;9791;95;1.1;31.6
LUZ;01.06.2016 00:00;13.2;21.6;17;-0.6;0.4;-1.3;0;15.3;6;1;0;0;31.8;962.8;9.9;-1;2;0;1.4;88;24;0;208.8;127;197;86;8101;72;23.2;0
LUZ;01.07.2016 00:00;15.1;25.6;20.1;0.6;0.5;0.7;0;16.7;19;0.8;0;0;32.2;966.1;8.7;2.1;4;8.2;1.4;88;12;0;176.2;106;235;101;12986;104;77.6;0.2
LUZ;01.08.2016 00:00;14.2;24.6;19.1;0.2;-0.2;0.3;0;16.5;15;0.2;0;0;31.4;967.5;10.3;3.3;2;0;1.4;100;9;0;128.9;76;217;109;14526;122;46.4;0
LUZ;01.09.2016 00:00;12.8;22;16.8;2;2;2.4;0;15.2;10;1.7;0;0;27.2;966.4;9.3;1.9;0;0;1.2;86;6;0;78.3;72;157;111;11781;135;18.5;0
LUZ;01.10.2016 00:00;5.7;12.4;8.9;-1.4;-1.2;-1.9;0;9.9;0;-0.8;0;0;21;967.1;2;3;0;323.7;1.2;92;11;0;89.4;101;71;84;3610;61;0;99.7
LUZ;01.11.2016 00:00;2.1;8.2;5.2;0.1;-0.1;0;8;7.5;0;-0.2;0;0;13.1;962.8;-2.3;-0.5;0;444.5;1.4;108;10;0;74.1;95;40;88;2319;72;0;204.5
LUZ;01.12.2016 00:00;-1.6;3.4;0.9;-1;-0.8;-1.1;28;5.8;0;-0.3;1;0;9.8;976.4;-4;11.1;0;593.4;1;71;0;0;0.9;1;34;108;3322;142;0;345.4
LUZ;01.01.2017 00:00;-4.3;0;-2.2;-3.3;-2.7;-4;28;4.4;0;-1.2;15;0;7.1;968.9;-9.2;3.1;0;687.6;1.6;107;12;0;76;136;33;82;1959;64;0;439.6
LUZ;01.02.2017 00:00;0.4;8.2;3.8;1.9;2.1;2.4;13;6.5;0;0.9;0;0;19.9;964.6;-2.3;0;0;452.9;1.3;81;11;0;83.9;137;76;104;5505;115;0;228.9
LUZ;01.03.2017 00:00;4.1;14.2;8.8;2.8;2.6;3.3;2;8;0;1.2;0;0;21.7;964.5;-1.3;1.3;0;319.2;1.6;89;8;0;92.9;123;140;113;10676;133;0;103.2
LUZ;01.04.2017 00:00;4.2;14.7;9.3;-0.6;-0.6;-0.6;3;7.8;0;-0.4;0;0;24.1;966.1;-2;5.1;0;284.8;1.6;89;10;0;140.3;145;182;104;10686;110;0;92.8
LUZ;01.05.2017 00:00;9.5;20.8;15;0.9;0.4;1.4;0;11.6;8;0.3;0;0;30.3;964.1;1.7;1.5;2;110.2;1.6;94;15;0;112.6;76;231;113;13399;129;21;22.2
LUZ;01.06.2017 00:00;15.1;25.6;20.2;2.6;2.3;2.7;0;15.6;17;1.3;0;2;34.3;963.3;7.5;-0.5;5;0;1.7;106;13;0;102.7;62;256;112;13928;124;79.7;0
LUZ;01.07.2017 00:00;14.9;24.9;19.6;0.1;0.3;0;0;16.1;16;0.2;0;0;32.2;964.2;11.2;0.2;5;0;1.7;106;18;0;135.3;82;212;91;10762;86;58.9;0
LUZ;01.08.2017 00:00;14.7;25.2;19.6;0.7;0.3;0.9;0;17.2;18;0.9;0;0;31.7;965.7;10.4;1.5;4;8.1;1.3;93;11;0;152.2;90;199;100;12680;107;65.9;0.1
LUZ;01.09.2017 00:00;9.4;18.1;13.3;-1.5;-1.4;-1.5;0;12.1;0;-1.4;0;0;24.6;964.2;4.7;-0.3;0;84.6;1.4;100;10;0;89.2;82;133;94;7761;89;1.1;12.6
LUZ;01.10.2017 00:00;6.9;16.4;11.2;0.9;0;2.1;0;10.5;0;-0.2;0;0;23.6;969.5;0.5;5.4;0;182.6;1.3;100;9;0;54.9;62;112;133;10049;169;0;38.6
LUZ;01.11.2017 00:00;1.7;8.3;4.8;-0.3;-0.5;0.1;9;7.1;0;-0.6;0;0;17.4;964.6;-1.5;1.3;0;456;1.3;100;13;0;95.3;122;46;101;3106;97;0;216
LUZ;01.12.2017 00:00;-1;4.3;1.6;-0.3;-0.2;-0.2;21;5.8;0;-0.3;0;0;13.5;964.6;-6;-0.7;0;570.4;1.5;107;15;0;109.6;140;30;95;1873;80;0;322.4
LUZ;01.01.2018 00:00;1.8;8.9;5.2;4.1;3.4;4.9;2;7;0;1.4;0;0;17.2;963.1;-1.5;-2.7;0;458.8;2.2;147;11;0;107;192;41;101;2600;85;0;210.8
LUZ;01.02.2018 00:00;-2.8;1.4;-0.6;-2.5;-1.1;-4.4;24;4.7;0;-0.9;6;0;7.4;960.8;-10.5;-3.8;0;577.2;1.7;106;7;0;78.2;128;47;64;1869;39;0;353.2
LUZ;01.03.2018 00:00;0;8.2;4;-2;-1.5;-2.7;15;6.4;0;-0.4;2;0;13.6;951.7;-6.8;-11.5;0;497;1.6;89;15;0;92;122;105;84;4724;59;0;249
LUZ;01.04.2018 00:00;6.7;20.1;13.3;3.4;1.9;4.8;1;9.2;5;1;0;0;26.9;960.4;-0.5;-0.6;0;119.1;1.9;106;5;0;39;40;223;127;14644;151;0.2;23.1
LUZ;01.05.2018 00:00;11;20.7;15.6;1.5;1.9;1.3;0;12.9;6;1.6;0;0;27.9;961.9;7.8;-0.7;0;54.8;1.5;88;11;0;134.5;90;203;99;10093;97;12.1;6.8
LUZ;01.06.2018 00:00;14.1;24.7;19.2;1.6;1.3;1.8;0;14.8;17;0.5;0;0;30.3;963.8;9.7;0;1;0;1.8;113;7;0;78;47;261;114;14110;126;43;0
LUZ;01.07.2018 00:00;15.6;27.6;21.6;2.1;1;2.7;0;15.4;24;-0.5;0;0;33.9;963.5;11.2;-0.5;8;0;1.6;100;10;0;61.2;37;267;115;16767;134;104.6;0
LUZ;01.08.2018 00:00;16;26.7;20.9;2;1.6;2.4;0;16.4;22;0.1;0;3;34.4;965.1;8.9;0.9;8;0;1.6;114;11;0;152.7;90;212;107;14259;120;96.7;0
LUZ;01.09.2018 00:00;11.9;22.1;16.6;1.8;1.1;2.5;0;14.3;10;0.8;0;0;28.4;968.4;4.3;3.9;0;27.4;1.4;100;9;0;138.3;127;167;118;12536;143;10.5;3.4
LUZ;01.10.2018 00:00;7.6;16;11.1;0.8;0.7;1.7;0;10.8;0;0.1;0;0;22.2;964.5;0.8;0.4;0;164.1;1.3;100;6;0;52.9;60;98;117;8023;135;0;52.1
LUZ;01.11.2018 00:00;3.9;8.5;6.1;1;1.7;0.3;2;8.2;0;0.5;0;0;16.5;963.3;-0.8;0;0;416.5;1.1;85;4;0;15.4;20;40;88;2069;65;0;176.5
LUZ;01.12.2018 00:00;1.8;6.6;4.1;2.2;2.6;2.1;11;7.1;0;1;0;0;14.4;968.6;-5.4;3.3;0;493;1.6;114;14;0;112.6;144;29;92;1532;65;0;245
LUZ;01.01.2019 00:00;-1.9;3.5;0.7;-0.4;-0.3;-0.5;24;5.1;0;-0.5;1;0;8.5;963.5;-5.9;-2.3;0;597.3;1.7;113;13;0;43.1;77;47;116;3762;124;0;349.3
LUZ;01.02.2019 00:00;-1.1;8.8;3.3;1.4;0.6;3;22;5.7;0;0.1;2;0;19.8;970.4;-4.3;5.8;0;468.9;1.3;81;5;0;55.1;90;106;145;9507;198;0;244.9
LUZ;01.03.2019 00:00;2.1;13.2;7.4;1.4;0.6;2.3;5;6.4;0;-0.4;0;0;19.6;966.9;-2;3.7;0;390.2;2.5;139;12;0;43.2;57;150;121;11111;139;0;142.2
LUZ;01.04.2019 00:00;4.7;14.9;9.5;-0.4;-0.1;-0.4;1;7.8;0;-0.4;0;0;24.5;960.1;-0.8;-0.9;0;263.8;1.7;94;10;0;78.7;82;167;95;8878;92;0;95.8
LUZ;01.05.2019 00:00;6.8;16.2;11.4;-2.7;-2.3;-3.2;0;9.7;0;-1.6;0;0;23.5;962.1;0.2;-0.5;0;202.1;1.9;112;15;0;164;110;199;97;9548;92;0;50.1
LUZ;01.06.2019 00:00;14.1;26.1;20.1;2.5;1.3;3.2;0;15.4;18;1.1;0;1;34.8;963.9;8.8;0.1;8;0;1.7;106;8;0;74.9;46;268;117;15919;142;78.3;0
LUZ;01.07.2019 00:00;16.2;26.8;21.3;1.8;1.6;1.9;0;16.2;21;0.3;0;2;35;963.1;12.2;-0.9;7;0;1.6;100;10;1;147.1;89;246;106;14179;113;100.7;0
LUZ;01.08.2019 00:00;14.6;24.3;19.2;0.3;0.2;0;0;16.5;15;0.2;0;0;31.2;965.2;9.9;1;2;0;1.4;100;12;0;158.1;93;191;96;12195;102;47.2;0
LUZ;01.09.2019 00:00;11.5;20.4;15.6;0.8;0.7;0.8;0;13.6;3;0.1;0;0;26.9;966.7;6.9;2.2;0;17.2;1.4;100;11;0;78.7;72;150;106;10926;125;3.9;1.2
LUZ;01.10.2019 00:00;8.5;16.2;12.1;1.8;1.6;1.9;0;11.8;0;1.1;0;0;21.9;963.5;4.7;-0.6;0;117.4;1.3;100;15;0;151.7;172;89;106;7028;118;0;21.4
LUZ;01.11.2019 00:00;3.2;8.7;5.8;0.7;1;0.5;6;8;0;0.3;0;0;17;953.4;-1.3;-9.9;0;417.4;1.2;92;12;0;84.5;108;40;88;2201;69;0;185.4
LUZ;01.12.2019 00:00;1.4;7.4;4.1;2.2;2.2;2.9;7;6.7;0;0.6;0;0;17.5;962.6;-3;-2.7;0;492.2;1.9;136;14;0;52.4;67;30;95;2071;88;0;244.2
LUZ;01.01.2020 00:00;-0.8;5.9;2.2;1.1;0.8;1.9;26;6;0;0.4;1;0;14.4;972.2;-3.4;6.4;0;551.8;1.3;87;6;0;37.9;68;50;124;5908;194;0;303.8
LUZ;01.02.2020 00:00;1.5;12;6.4;4.5;3.2;6.2;9;6.4;0;0.8;0;0;18.9;966.6;-3.5;2;0;375.6;2.9;181;13;0;92;150;86;118;6917;144;0;167.6
LUZ;01.03.2020 00:00;1.5;10.9;6.1;0.1;0;0;8;6.7;0;-0.1;0;0;20.3;963.6;-2.7;0.4;0;431.7;1.8;100;10;0;66.6;88;132;106;9675;121;0;183.7
LUZ;01.04.2020 00:00;6.4;19.5;12.9;3;1.6;4.2;1;8.4;0;0.2;0;0;23.7;963.2;-2.3;2.2;0;109.4;1.6;89;4;0;29.6;31;231;131;16349;169;0;29.4
LUZ;01.05.2020 00:00;8.7;19.9;14.4;0.3;-0.4;0.5;0;10.9;3;-0.4;0;0;26.9;965.6;3.1;3;0;88.5;1.8;106;10;0;135.5;91;233;113;13718;132;3.4;16.5
LUZ;01.06.2020 00:00;12.6;21.9;16.9;-0.7;-0.2;-1;0;13.8;10;-0.5;0;0;28.4;961.4;9.3;-2.4;0;16.1;1.7;106;16;0;218;133;212;93;10666;95;19.7;0.1
LUZ;01.07.2020 00:00;14.9;25.8;20.1;0.6;0.3;0.9;0;15.7;18;-0.2;0;0;32.8;965;11.1;1;2;0;1.6;100;8;0;142.8;86;255;110;15173;121;64.9;0
LUZ;01.08.2020 00:00;15;25.1;19.6;0.7;0.6;0.8;0;16.6;16;0.3;0;0;31.5;962.9;9.6;-1.3;4;8.2;1.5;107;15;0;218.6;129;206;104;13358;112;67.6;0.2
LUZ;01.09.2020 00:00;12.3;21.5;16.4;1.6;1.5;1.9;0;14.6;8;1.1;0;0;28.6;964.5;5.3;0;0;59.5;1.4;100;8;0;43.2;40;158;112;10672;122;16;11.5
LUZ;01.10.2020 00:00;6.7;13.5;9.8;-0.5;-0.2;-0.8;0;10.2;0;-0.5;0;0;18.1;961.8;2.8;-2.3;0;280.7;1.3;100;14;0;118.8;135;82;98;4805;81;0;72.7
LUZ;01.11.2020 00:00;3.2;9.2;5.9;0.8;1;1;5;8.2;0;0.5;0;0;21.7;971.4;-1.7;8.1;0;417;1.1;85;4;0;30;39;50;110;4581;143;0;185
LUZ;01.12.2020 00:00;0;4.7;2.3;0.4;0.8;0.2;15;6.4;0;0.3;0;0;10.9;956.8;-4.8;-8.5;0;548.6;1.1;79;14;0;93.2;119;32;101;1908;81;0;300.6
LUZ;01.01.2021 00:00;-1.3;3.8;1.2;0.1;0.3;-0.2;21;5.5;0;-0.1;3;0;12.4;959.1;-5.5;-6.7;0;583.1;1.6;107;14;0;118.9;213;42;104;2539;83;0;335.1
LUZ;01.02.2021 00:00;-0.1;8.2;3.6;1.7;1.6;2.4;9;6.4;0;0.8;4;0;16.8;965.1;-8;0.5;0;458.3;1.4;88;9;0;49.6;81;78;107;5669;118;0;234.3
LUZ;01.03.2021 00:00;1;10.9;5.7;-0.3;-0.5;0;11;6.1;0;-0.7;0;0;23;968.7;-2.6;5.5;0;436.6;1.8;100;10;0;69.4;92;140;113;9370;117;0;196.6
LUZ;01.04.2021 00:00;3;14.3;8.4;-1.5;-1.8;-1;9;6.6;0;-1.6;0;0;23.2;964.2;-3.8;3.2;0;299.5;1.9;106;7;0;66.5;69;205;117;11593;120;0;115.5
LUZ;01.05.2021 00:00;6.1;16.3;11.3;-2.8;-3;-3.1;0;9.1;1;-2.2;0;0;25.8;962;1.6;-0.6;0;228.6;2.2;129;17;0;175.2;118;198;96;9421;91;0;44.6
LUZ;01.06.2021 00:00;14.2;25;19.2;1.6;1.4;2.1;0;15.7;16;1.4;0;0;30.9;965;9.4;1.2;4;0;1.6;100;16;0;173.1;105;244;107;12761;114;50.5;0
LUZ;01.07.2021 00:00;14;23.4;18.3;-1.2;-0.6;-1.5;0;16.6;11;0.7;0;0;28.4;963.4;9.6;-0.6;0;0;1.4;88;19;0;319.5;193;197;85;10029;80;24.7;0
LUZ;01.08.2021 00:00;13.6;22.4;17.7;-1.2;-0.8;-1.9;0;15.6;8;-0.7;0;0;30.8;964.7;9.8;0.5;2;0;1.4;100;12;0;141.3;83;177;89;8883;75;30.1;0
LUZ;01.09.2021 00:00;12.2;21.5;16.4;1.6;1.4;1.9;0;14.8;5;1.3;0;0;25.8;966.7;7.9;2.2;0;16.7;1.3;93;9;0;70;64;159;112;10923;125;4.1;0.7
LUZ;01.10.2021 00:00;5.5;14.2;9.4;-0.9;-1.4;-0.1;0;9.8;0;-0.9;0;0;23.3;967.2;1.4;3.1;0;299.1;1.2;92;8;0;46.9;53;104;124;8113;136;0;91.1
LUZ;01.11.2021 00:00;2.2;6.7;4.4;-0.7;0;-1.5;6;7.3;0;-0.4;0;0;11;963.3;-1.6;0;0;469.2;1.2;92;10;0;33.9;44;38;84;2244;70;0;229.2
LUZ;01.12.2021 00:00;0.1;5;2.5;0.6;0.9;0.5;15;6.4;0;0.3;1;0;12.8;963.7;-3.8;-1.6;0;542.9;1.3;93;13;0;105.1;134;32;101;2322;99;0;294.9
LUZ;01.01.2022 00:00;-1.3;4.9;1.5;0.4;0.3;0.9;24;5.6;0;0;1;0;15.8;972.6;-5;6.8;0;572.9;1.4;93;6;0;39.7;71;50;124;4162;137;0;324.9
LUZ;01.02.2022 00:00;0.2;9.7;4.6;2.7;1.9;3.9;14;6.1;0;0.5;0;0;17.2;968.7;-3.8;4.1;0;423.8;2.2;138;13;0;72.9;119;98;134;7305;152;0;207.8
LUZ;01.03.2022 00:00;1.5;13.5;7.1;1.1;0;2.6;10;5.9;0;-0.9;0;0;20.1;967.9;-4.1;4.7;0;391.6;1.5;83;2;0;27.2;36;167;134;14777;185;0;151.6
LUZ;01.04.2022 00:00;4.7;14.9;9.7;-0.2;-0.1;-0.4;3;8;0;-0.2;0;0;22.7;960.3;-1.4;-0.7;0;266.9;1.9;106;10;0;77.2;80;192;109;11272;116;0;82.9
LUZ;01.05.2022 00:00;11.6;21.9;16.4;2.3;2.5;2.5;0;12.9;9;1.6;0;0;30.8;965.3;5.1;2.7;1;26.7;1.5;88;9;0;84.7;57;218;106;11868;115;19.2;2.7
LUZ;01.06.2022 00:00;14.3;25.7;19.8;2.2;1.5;2.8;0;16;17;1.7;0;1;33.8;964.1;8.9;0.3;5;0;1.6;100;15;0;169.2;103;246;108;14366;128;64.3;0
LUZ;01.07.2022 00:00;15.5;27.3;21.4;1.9;0.9;2.4;0;15.5;24;-0.4;0;0;33.7;967.5;11;3.5;6;0;1.7;106;10;0;95.6;58;281;121;18267;146;99.6;0
LUZ;01.08.2022 00:00;15.4;26.1;20.3;1.4;1;1.8;0;16.2;23;-0.1;0;0;33.2;963.9;12.6;-0.3;2;0;1.6;114;10;0;189.2;111;220;111;15351;129;66.8;0
LUZ;01.09.2022 00:00;11;19.1;14.7;-0.1;0.2;-0.5;0;13.3;3;-0.2;0;0;26.2;962;6;-2.5;0;100.3;1.5;107;15;0;200.3;183;145;102;8558;98;6.3;12.3
LUZ;01.10.2022 00:00;10.3;18.3;13.7;3.4;3.4;4;0;13.4;0;2.7;0;0;22.6;968.4;7.3;4.3;0;26.2;1.1;85;9;0;48.1;55;98;117;7788;131;0;2.2
LUZ;01.11.2022 00:00;4.4;10.8;7.5;2.4;2.2;2.6;0;8.8;0;1.1;0;0;16.8;963.1;0.2;-0.2;0;366.9;1.2;92;12;0;48.5;62;53;116;3567;111;0;134.9
LUZ;01.12.2022 00:00;0.5;5.1;2.8;0.9;1.3;0.6;13;6.7;0;0.6;5;0;14.7;962.2;-7.5;-3.1;0;532.1;1.2;86;12;0;88.7;113;29;92;1895;81;0;284.1
LUZ;01.01.2023 00:00;-0.6;5.2;2.4;1.3;1;1.2;15;6;0;0.4;2;0;13.2;965.3;-8.7;-0.5;0;544.2;1.6;107;10;0;47.8;86;39;97;2558;84;0;296.2
LUZ;01.02.2023 00:00;-0.2;8.1;3.6;1.7;1.5;2.3;15;6;0;0.4;1;0;15.4;973.2;-5.5;8.6;0;459.2;1.6;100;6;0;24.5;40;88;120;7227;151;0;235.2
LUZ;01.03.2023 00:00;3;12;7.3;1.3;1.5;1.1;8;7.3;0;0.5;0;0;19.3;960.4;-1.6;-2.8;0;379.5;1.9;106;13;0;124.1;165;115;92;6886;86;0;147.5
LUZ;01.04.2023 00:00;5.2;13.1;8.9;-1;0.4;-2.2;3;8.3;0;0.1;0;0;19.7;962.4;-0.9;1.4;0;299.3;1.8;100;15;0;127.9;133;144;82;6373;66;0;99.3
LUZ;01.05.2023 00:00;10.2;18.8;14.2;0.1;1.1;-0.6;0;12.2;4;0.9;0;0;25.9;964.2;6.8;1.6;0;90.5;1.5;88;15;0;171.8;116;183;89;8565;83;1.5;10.5
LUZ;01.06.2023 00:00;14.4;26.9;20.5;2.9;1.6;4;0;13.8;27;-0.5;0;0;30.9;963.1;11.7;-0.7;2;0;1.8;113;6;0;41.7;25;286;125;17984;160;68.3;0
LUZ;01.07.2023 00:00;15.9;26.4;20.7;1.2;1.3;1.5;0;16.4;18;0.5;0;0;35.5;963.4;10.3;-0.6;6;0;1.7;106;15;1;148.1;89;232;100;12120;97;82;0
LUZ;01.08.2023 00:00;15.4;25.6;20.2;1.3;1;1.3;0;16.8;17;0.5;0;2;34;963.5;9;-0.7;10;0;1.7;121;11;0;131.9;78;195;98;12059;101;94.2;0
LUZ;01.09.2023 00:00;13.9;24.3;18.6;3.8;3.1;4.7;0;16.3;15;2.8;0;0;29.6;965.6;7.5;1.1;0;0;1.3;93;6;0;53.3;49;182;129;14061;161;40.8;0
LUZ;01.10.2023 00:00;8.8;18.4;13;2.7;1.9;4.1;0;11.7;2;1;0;0;27;961.2;4.7;-2.9;0;144.2;1.4;108;9;0;68.3;77;111;132;9497;159;0;24.2
LUZ;01.11.2023 00:00;2.8;10;6.1;1;0.6;1.8;3;7.8;0;0.1;0;0;15.2;958.3;-1.4;-5;0;416.8;1.9;146;20;0;206.4;265;46;101;2812;88;0;176.8
LUZ;01.12.2023 00:00;0.8;6.6;3.7;1.8;1.6;2.1;14;6.9;0;0.8;1;0;12;965.1;-6.1;-0.2;0;506.3;1.6;114;13;0;138.1;176;35;111;2624;112;0;258.3
LUZ;01.01.2024 00:00;-0.7;5.6;2.5;1.4;0.9;1.6;20;6.2;0;0.6;8;0;16.7;966.8;-8.1;1;0;535.8;1.6;107;10;0;89.8;161;43;106;3324;109;0;295.8
LUZ;01.02.2024 00:00;3.1;10.2;6.5;4.6;4.8;4.4;4;7.8;0;2.2;0;0;16.7;962.7;-1.5;-1.9;0;390.4;1.2;75;7;0;39.8;65;73;100;4528;94;0;158.4
LUZ;01.03.2024 00:00;3.6;13;8.2;2.2;2.1;2.1;2;7.9;0;1.1;0;0;21;956.9;-0.9;-6.3;0;345;1.9;106;15;0;153.5;204;116;93;6639;83;0;121
LUZ;01.04.2024 00:00;5.1;15.7;10.3;0.4;0.3;0.4;0;8.5;2;0.3;0;0;26.6;963.4;0.6;2.4;0;235.2;2.1;117;11;0;73.5;76;166;94;8725;90;1.3;91.2
LUZ;01.05.2024 00:00;10;19;14.1;0;0.9;-0.4;0;12;1;0.7;0;0;25.7;960.9;6.8;-1.7;0;46;1.6;94;17;0;225.9;152;179;87;7567;73;0;6
LUZ;01.06.2024 00:00;13.7;23.1;18;0.4;0.9;0.2;0;15.6;9;1.3;0;0;30.9;962.2;7.6;-1.6;3;8.8;1.6;100;15;0;182.9;111;198;87;8599;77;33.9;0.8
LUZ;01.07.2024 00:00;16.4;26;20.6;1.1;1.8;1.1;0;18;22;2.1;0;0;31.6;963.7;12.2;-0.3;6;0;1.5;94;17;0;142.5;86;229;98;12299;98;82.9;0
LUZ;01.08.2024 00:00;16.7;26.6;21.2;2.3;2.3;2.3;0;18.6;22;2.3;0;1;32.5;964.1;12.7;-0.1;4;0;1.4;100;12;0;129.4;76;216;109;14674;123;93.8;0
LUZ;01.09.2024 00:00;10.7;19;14.5;-0.3;-0.1;-0.6;0;13.8;4;0.3;0;0;29.3;962.7;5.9;-1.8;0;82.8;1.4;100;12;0;143.7;132;123;87;6742;77;13.4;18.8
LUZ;01.10.2024 00:00;8.8;14.9;11.7;1.4;1.9;0.6;0;12.2;0;1.5;0;0;20.6;964.4;4.3;0.3;0;154.7;1.2;92;13;0;87.6;99;70;83;3718;62;0;26.7
LUZ;01.11.2024 00:00;2.9;8.1;5.3;0.2;0.7;-0.1;6;7.8;0;0.1;0;0;14.3;968.7;-5.4;5.4;0;442.2;1.3;100;7;0;90.6;116;47;103;3333;104;0;202.2
LUZ;01.12.2024 00:00;-0.2;4.3;2;0.1;0.6;-0.2;15;6.1;0;0;3;0;10.6;970.2;-3.5;4.9;0;556.5;1.3;93;11;0;82.5;105;30;95;2057;88;0;308.5
LUZ;01.01.2025 00:00;-0.3;5.5;2.4;1.3;1.3;1.5;15;6;0;0.4;2;0;15.2;964.3;-4.1;-1.5;0;546.2;1.4;93;12;0;103.9;186;45;111;3012;99;0;298.2
LUZ;01.02.2025 00:00;0.7;6.2;3.3;1.4;2.4;0.4;11;6.4;0;0.8;0;0;13.5;969.1;-2.8;4.5;0;467.9;1.2;75;4;0;30.3;49;55;75;2150;45;0;243.9
LUZ;01.03.2025 00:00;3.2;12.1;7.4;1.4;1.7;1.2;5;7.2;0;0.4;0;0;19.8;961.5;-2.4;-1.7;0;384.6;1.5;83;10;0;51.6;68;119;96;8009;100;0;144.6
LUZ;01.04.2025 00:00;5.9;17.4;11.5;1.6;1.1;2.1;0;9.1;0;0.9;0;0;24.5;962.3;0.4;1.3;0;184.7;1.6;89;8;0;73.3;76;206;117;13746;142;0;40.7
LUZ;01.05.2025 00:00;9.5;18.9;14.1;0;0.4;-0.5;0;11.2;4;-0.1;0;0;29.7;963.1;5.3;0.5;0;72;1.6;94;13;0;179.1;120;197;96;10918;105;5.2;16
LUZ;01.06.2025 00:00;15.7;27.5;21.3;3.7;2.9;4.6;0;16.3;22;2;0;0;32.6;966.4;10.5;2.6;8;0;1.8;113;9;0;105;64;279;122;17314;154;95.6;0
LUZ;01.07.2025 00:00;14.8;24.3;19.1;-0.4;0.2;-0.6;0;15.7;13;-0.2;0;0;32.7;963.6;10.4;-0.4;2;0;1.6;100;19;0;235.9;143;216;93;11281;90;51.2;0
LUZ;01.08.2025 00:00;15.1;25.8;20.1;1.2;0.7;1.5;0;17;17;0.7;0;0;33.5;964;10.5;-0.2;7;0;1.4;100;10;0;129.6;76;219;110;14399;121;73;0
LUZ;01.09.2025 00:00;10.8;19.7;15;0.2;0;0.1;0;14;4;0.5;0;0;27.3;965.4;5.5;0.9;0;54.6;1.5;107;14;0;146.5;134;138;98;8203;94;2.5;6.6
LUZ;01.10.2025 00:00;7.2;14;10.3;0;0.3;-0.3;0;10.4;0;-0.3;0;0;19.5;964.6;2.8;0.5;0;256.3;1.6;123;9;0;58.3;66;75;89;4135;69;0;56.3
LUZ;01.11.2025 00:00;1.4;9;4.9;-0.2;-0.8;0.8;7;7.6;0;-0.1;0;0;17.8;962;-7.3;-1.3;0;452.5;1.2;92;10;0;94.2;121;60;132;5304;165;0;212.5
LUZ;01.12.2025 00:00;0.5;4.6;2.5;0.6;1.3;0.1;12;6.7;0;0.6;0;0;12.7;965.6;-5.7;0.3;0;543.7;1.1;79;2;0;14.3;18;29;92;1697;72;0;295.7
LUZ;01.01.2026 00:00;-3;3.1;0.1;-1;-1.4;-0.9;27;5.4;0;-0.2;5;0;9.9;955.8;-11.6;-10;0;616.4;1.3;87;7;0;29.1;52;46;114;3275;108;0;368.4
LUZ;01.02.2026 00:00;1.6;9.5;5.3;3.4;3.3;3.7;6;7.4;0;1.8;0;0;18.4;955.3;-1.7;-9.3;0;412.3;1.5;94;12;0;68.6;112;80;109;5408;113;0;188.3
LUZ;01.03.2026 00:00;1.6;12.4;6.6;0.6;0.1;1.5;3;7.1;0;0.3;0;0;17;965.7;-3.1;2.5;0;416.3;1.6;89;9;0;59.6;79;144;116;10791;135;0;168.3
LUZ;01.04.2026 00:00;6.1;18.3;12;2.1;1.3;3;2;9;0;0.8;0;0;23.9;965.8;-0.6;4.8;0;139.2;1.5;83;6;0;21.2;22;208;118;13493;139;0;35.2
LUZ;01.05.2026 00:00;9.2;21.9;15.4;1.3;0.1;2.5;0;11.4;11;0.1;0;0;30.8;964.2;2.8;1.6;5;93.8;1.7;100;13;0;71.3;48;244;119;14904;144;35.1;21.8
LUZ;01.06.2026 00:00;14.9;27.6;21.1;3.5;2.1;4.7;0;15.3;20;1;0;3;36;966.3;8.3;2.5;13;8.5;1.7;106;9;4;135.8;83;261;114;15126;135;117.5;0.5
LUZ;01.07.2026 00:00;16;29.2;22.7;3.2;1.4;4.3;0;14.8;29;-1.1;0;0;36.8;965.5;11.7;1.5;16;0;1.8;113;7;2;79.4;48;286;123;19321;154;136.4;0
LUZ;01.08.2026 00:00;16.6;29.1;22.5;3.6;2.2;4.8;0;16.9;24;0.6;0;1;35.6;963.8;10.5;-0.4;14;0;1.7;121;10;2;130.4;77;224;113;15578;131;135.8;0
